$MeshFormat
2.2 0 8
$EndMeshFormat
$Nodes
4090
1 -3.92 0.04 0
2 -3.73 0.17 0
3 -3.55 0.31 0
4 -3.33 0.44 0
5 -3.08 0.55 0
6 -2.87 0.6 0
7 -2.72 0.83 0
8 -2.6 0.62 0
9 -2.4 0.91 0
10 -2.26 0.66 0
11 -2.03 0.96 0
12 -1.88 0.72 0
13 -1.66 0.91 0
14 -1.48 0.96 0
15 -1.91 2.49 0
16 -1.59 2.3 0
17 -1.29 2.08 0
18 -1 1.84 0
19 -0.76 1.66 0
20 -0.43 2.89 0
21 -0.3 2.58 0
22 -0.23 2.25 0
23 -0.17 1.88 0
24 -0.11 1.59 0
25 0.7 2.49 0
26 0.61 2.18 0
27 0.54 1.89 0
28 0.44 1.61 0
29 0.31 1.37 0
30 0.47 1.1 0
31 0.72 1.13 0
32 0.91 1.35 0
33 1.08 1.62 0
34 1.11 2.2 0
35 1.31 1.94 0
36 1.57 2.5 0
37 1.55 1.96 0
38 1.91 2.25 0
39 1.78 1.78 0
40 2.03 1.74 0
41 2.18 1.58 0
42 2.45 1.55 0
43 2.6 1.7 0
44 2.69 1.48 0
45 2.96 1.42 0
46 3.27 1.36 0
47 3.56 1.28 0
48 3.84 1.13 0
49 3.66 1.02 0
50 3.32 1 0
51 3.01 0.96 0
52 2.76 0.88 0
53 3.04 0.84 0
54 3.34 0.75 0
55 3.7 0.63 0
56 3.91 0.49 0
57 3.68 0.41 0
58 3.37 0.43 0
59 3.06 0.48 0
60 2.79 0.5600000000000001 0
61 2.51 0.53 0
62 2.28 0.39 0
63 2.08 0.2 0
64 1.9 0.05 0
65 1.72 -0.12 0
66 1.64 -0.42 0
67 1.72 -0.77 0
68 1.94 -1.05 0
69 2.23 -1.14 0
70 2.04 -1.23 0
71 2.3 -1.34 0
72 2.01 -1.35 0
73 1.82 -1.5 0
74 1.7 -1.32 0
75 1.46 -1.4 0
76 1.61 -1.18 0
77 1.39 -0.98 0
78 1.22 -0.67 0
79 0.91 -0.57 0
80 0.64 -0.55 0
81 0.39 -0.67 0
82 0.25 -0.96 0
83 0.34 -1.24 0
84 0.58 -1.5 0
85 0.37 -1.47 0
86 0.2 -1.63 0
87 0.05 -1.47 0
88 -0.18 -1.55 0
89 -0.01 -1.31 0
90 -0.21 -1.08 0
91 -0.37 -0.76 0
92 -0.67 -0.66 0
93 -0.95 -0.61 0
94 -1.11 -0.84 0
95 -1.03 -1.1 0
96 -0.83 -1.36 0
97 -1.06 -1.31 0
98 -1.24 -1.45 0
99 -1.36 -1.27 0
100 -1.6 -1.32 0
101 -1.42 -1.11 0
102 -1.55 -0.88 0
103 -1.67 -0.5600000000000001 0
104 -1.94 -0.45 0
105 -2.22 -0.35 0
106 -2.5 -0.24 0
107 -2.79 -0.12 0
108 -3.07 -0.02 0
109 -3.34 0.03 0
110 -3.61 0.03 0
111 1.82 0.72 0
112 -3.88833333333339 0.0616666666666278 0
113 -3.856666666666789 0.08333333333324922 0
114 -3.825000000000188 0.1049999999998713 0
115 -3.793333333333536 0.1266666666665276 0
116 -3.761666666666764 0.1483333333332665 0
117 -3.700000000000149 0.1933333333332176 0
118 -3.670000000000277 0.2166666666664515 0
119 -3.640000000000251 0.2399999999998043 0
120 -3.610000000000164 0.2633333333332056 0
121 -3.580000000000108 0.2866666666665823 0
122 -3.513333333333207 0.3316666666667413 0
123 -3.476666666666919 0.3533333333331842 0
124 -3.440000000000264 0.3749999999998439 0
125 -3.403333333333424 0.3966666666666132 0
126 -3.36666666666684 0.4183333333332306 0
127 -3.294285714285726 0.4557142857142805 0
128 -3.258571428571456 0.4714285714285592 0
129 -3.222857142857187 0.4871428571428379 0
130 -3.187142857142937 0.5028571428571078 0
131 -3.151428571428575 0.5185714285714272 0
132 -3.115714285714272 0.5342857142857205 0
133 -3.038000000000111 0.5599999999999736 0
134 -2.996000000000226 0.5699999999999462 0
135 -2.954000000000286 0.5799999999999319 0
136 -2.912000000000063 0.589999999999985 0
137 -2.848571428571615 0.6328571428568566 0
138 -2.827142857143049 0.665714285713991 0
139 -2.805714285714495 0.698571428571108 0
140 -2.784285714285887 0.7314285714283076 0
141 -2.762857142857218 0.7642857142855984 0
142 -2.741428571428571 0.7971428571428587 0
143 -2.700000000000092 0.7950000000001602 0
144 -2.680000000000101 0.7600000000001759 0
145 -2.660000000000192 0.7250000000003363 0
146 -2.640000000000145 0.690000000000253 0
147 -2.620000000000048 0.6550000000000833 0
148 -2.575000000000047 0.6562499999999318 0
149 -2.550000000000106 0.6924999999998455 0
150 -2.525000000000166 0.7287499999997592 0
151 -2.500000000000254 0.7649999999996323 0
152 -2.47500000000026 0.801249999999623 0
153 -2.450000000000127 0.8374999999998163 0
154 -2.424999999999994 0.8737500000000095 0
155 -2.380000000000009 0.8742857142857302 0
156 -2.359999999999994 0.8385714285714181 0
157 -2.340000000000053 0.802857142857238 0
158 -2.32000000000003 0.76714285714291 0
159 -2.300000000000006 0.731428571428582 0
160 -2.279999999999991 0.6957142857142699 0
161 -2.234444444444502 0.6933333333332581 0
162 -2.208888888889013 0.7266666666665049 0
163 -2.183333333333534 0.7599999999997379 0
164 -2.157777777778018 0.7933333333330196 0
165 -2.132222222222552 0.8266666666662358 0
166 -2.106666666666895 0.8599999999997014 0
167 -2.081111111111334 0.8933333333330425 0
168 -2.055555555555625 0.9266666666665763 0
169 -2.008571428571595 0.9257142857145529 0
170 -1.987142857143071 0.8914285714289132 0
171 -1.965714285714548 0.8571428571432769 0
172 -1.944285714285924 0.8228571428574791 0
173 -1.922857142857294 0.7885714285716713 0
174 -1.901428571428656 0.754285714285849 0
175 -1.848571428571624 0.7471428571426884 0
176 -1.817142857142939 0.7742857142856434 0
177 -1.785714285714428 0.8014285714284484 0
178 -1.75428571428602 0.8285714285711644 0
179 -1.722857142857345 0.8557142857141107 0
180 -1.691428571428522 0.8828571428571854 0
181 -1.62400000000002 0.9199999999999946 0
182 -1.588000000000152 0.929999999999958 0
183 -1.552000000000193 0.9399999999999463 0
184 -1.516000000000072 0.94999999999998 0
185 -1.491944444444419 1.002499999999908 0
186 -1.50388888888881 1.044999999999718 0
187 -1.51583333333326 1.087499999999738 0
188 -1.52777777777772 1.129999999999793 0
189 -1.53972222222218 1.17249999999985 0
190 -1.551666666666638 1.214999999999897 0
191 -1.563611111111026 1.257499999999699 0
192 -1.575555555555413 1.299999999999494 0
193 -1.587499999999801 1.342499999999291 0
194 -1.599444444444186 1.384999999999082 0
195 -1.611388888888566 1.427499999998851 0
196 -1.623333333332954 1.46999999999865 0
197 -1.635277777777411 1.512499999998697 0
198 -1.647222222221873 1.554999999998759 0
199 -1.659166666666332 1.59749999999881 0
200 -1.671111111110722 1.639999999998615 0
201 -1.683055555555104 1.682499999998394 0
202 -1.694999999999501 1.724999999998226 0
203 -1.70694444444399 1.767499999998383 0
204 -1.718888888888456 1.809999999998461 0
205 -1.730833333332923 1.852499999998542 0
206 -1.742777777777395 1.894999999998638 0
207 -1.754722222221867 1.937499999998737 0
208 -1.766666666666334 1.979999999998815 0
209 -1.778611111110788 2.022499999998852 0
210 -1.790555555555255 2.064999999998929 0
211 -1.802499999999721 2.107499999999006 0
212 -1.814444444444188 2.149999999999089 0
213 -1.826388888888656 2.192499999999171 0
214 -1.838333333333123 2.234999999999253 0
215 -1.850277777777592 2.277499999999338 0
216 -1.862222222222127 2.319999999999661 0
217 -1.874166666666598 2.362499999999756 0
218 -1.886111111111065 2.404999999999835 0
219 -1.898055555555532 2.447499999999918 0
220 -1.874444444444508 2.468888888888927 0
221 -1.838888888889047 2.447777777777872 0
222 -1.803333333333685 2.426666666666875 0
223 -1.767777777778203 2.405555555555808 0
224 -1.732222222222678 2.384444444444715 0
225 -1.696666666667014 2.363333333333539 0
226 -1.661111111111285 2.342222222222325 0
227 -1.625555555555697 2.321111111111195 0
228 -1.556666666666814 2.275555555555663 0
229 -1.523333333333409 2.251111111111166 0
230 -1.490000000000307 2.226666666666892 0
231 -1.456666666666819 2.202222222222333 0
232 -1.423333333333835 2.177777777778146 0
233 -1.39000000000031 2.15333333333356 0
234 -1.356666666667082 2.128888888889193 0
235 -1.323333333333446 2.104444444444527 0
236 -1.25777777777789 2.053333333333426 0
237 -1.225555555555704 2.026666666666789 0
238 -1.193333333333539 2.000000000000171 0
239 -1.161111111111339 1.973333333333522 0
240 -1.128888888889097 1.946666666666839 0
241 -1.096666666666891 1.920000000000186 0
242 -1.064444444444547 1.893333333333418 0
243 -1.03222222222232 1.866666666666747 0
244 -0.9657142857143969 1.814285714285798 0
245 -0.9314285714287768 1.788571428571583 0
246 -0.8971428571431419 1.762857142857357 0
247 -0.8628571428574278 1.737142857143071 0
248 -0.8285714285716678 1.711428571428751 0
249 -0.7942857142858017 1.685714285714351 0
250 -0.7486206896552003 1.702413793103344 0
251 -0.7372413793104031 1.744827586206679 0
252 -0.7258620689655877 1.787241379310082 0
253 -0.7144827586207736 1.82965517241348 0
254 -0.7031034482759664 1.872068965516853 0
255 -0.691724137931192 1.914482758620102 0
256 -0.6803448275863888 1.95689655172346 0
257 -0.6689655172415901 1.9993103448268 0
258 -0.6575862068968094 2.041724137930074 0
259 -0.6462068965520283 2.084137931033349 0
260 -0.6348275862072285 2.126551724136694 0
261 -0.6234482758624141 2.168965517240093 0
262 -0.6120689655176274 2.211379310343389 0
263 -0.600689655172871 2.253793103446572 0
264 -0.5893103448280145 2.296206896550128 0
265 -0.5779310344832135 2.338620689653477 0
266 -0.5665517241383291 2.381034482757137 0
267 -0.5551724137934664 2.423448275860716 0
268 -0.543793103448585 2.465862068964365 0
269 -0.5324137931037253 2.508275862067933 0
270 -0.5210344827588783 2.550689655171454 0
271 -0.5096551724139939 2.593103448275114 0
272 -0.4982758620691313 2.635517241378693 0
273 -0.4868965517242484 2.677931034482347 0
274 -0.4755172413794351 2.720344827585742 0
275 -0.4641379310345866 2.762758620689268 0
276 -0.4527586206897022 2.805172413792928 0
277 -0.4413793103448396 2.847586206896507 0
278 -0.4137500000000818 2.851250000000195 0
279 -0.3975000000000106 2.812500000000025 0
280 -0.3812500000001868 2.773750000000446 0
281 -0.365000000000179 2.735000000000427 0
282 -0.3487500000000361 2.696250000000086 0
283 -0.3325000000001977 2.657500000000472 0
284 -0.3162499999999882 2.618749999999972 0
285 -0.2912500000000177 2.538750000000084 0
286 -0.2825000000000387 2.497500000000183 0
287 -0.2737500000000573 2.45625000000027 0
288 -0.2650000000000741 2.415000000000349 0
289 -0.256250000000057 2.373750000000269 0
290 -0.2475000000000364 2.332500000000171 0
291 -0.2387500000000186 2.291250000000088 0
292 -0.223333333333352 2.208888888889004 0
293 -0.2166666666667117 2.167777777778055 0
294 -0.2100000000000607 2.126666666667041 0
295 -0.2033333333334099 2.085555555556028 0
296 -0.196666666666731 2.044444444444841 0
297 -0.1900000000000517 2.003333333333652 0
298 -0.183333333333373 1.962222222222467 0
299 -0.1766666666666915 1.921111111111264 0
300 -0.161428571428577 1.838571428571455 0
301 -0.1528571428571676 1.797142857142976 0
302 -0.144285714285775 1.755714285714579 0
303 -0.1357142857143515 1.714285714286032 0
304 -0.1271428571429063 1.67285714285738 0
305 -0.1185714285714591 1.631428571428719 0
306 -0.08000000000008177 1.623333333333242 0
307 -0.05000000000016538 1.656666666666483 0
308 -0.02000000000019665 1.689999999999782 0
309 0.009999999999760235 1.723333333333067 0
310 0.03999999999971451 1.75666666666635 0
311 0.06999999999966801 1.789999999999631 0
312 0.09999999999958109 1.823333333332868 0
313 0.1299999999994954 1.856666666666106 0
314 0.1599999999994096 1.889999999999344 0
315 0.1899999999993161 1.923333333332574 0
316 0.2199999999992227 1.956666666665803 0
317 0.2499999999991316 1.989999999999035 0
318 0.279999999999019 2.023333333332244 0
319 0.3099999999990481 2.056666666665609 0
320 0.3399999999991179 2.08999999999902 0
321 0.3699999999991823 2.123333333332425 0
322 0.3999999999992386 2.156666666665821 0
323 0.4299999999992989 2.189999999999221 0
324 0.4599999999993549 2.223333333332617 0
325 0.489999999999415 2.256666666666017 0
326 0.5199999999994774 2.28999999999942 0
327 0.5499999999995372 2.323333333332819 0
328 0.5799999999995913 2.356666666666213 0
329 0.6099999999996454 2.389999999999606 0
330 0.6399999999997044 2.423333333333005 0
331 0.6699999999998569 2.456666666666508 0
332 0.6887500000000609 2.45125000000021 0
333 0.6775000000000042 2.412500000000015 0
334 0.6662500000001349 2.373750000000465 0
335 0.6550000000001263 2.335000000000435 0
336 0.6437500000000179 2.296250000000062 0
337 0.6325000000001436 2.257500000000495 0
338 0.6212499999999888 2.218749999999962 0
339 0.6000000000000145 2.138571428571489 0
340 0.5900000000000601 2.097142857143107 0
341 0.5800000000000795 2.055714285714615 0
342 0.5700000000000516 2.014285714285928 0
343 0.5600000000000384 1.972857142857302 0
344 0.550000000000034 1.931428571428712 0
345 0.5257142857142596 1.849999999999927 0
346 0.5114285714285903 1.810000000000053 0
347 0.4971428571429238 1.770000000000187 0
348 0.4828571428572334 1.730000000000254 0
349 0.4685714285715126 1.690000000000235 0
350 0.4542857142857903 1.650000000000213 0
351 0.4214285714286014 1.575714285714341 0
352 0.4028571428571882 1.541428571428655 0
353 0.3842857142858349 1.50714285714308 0
354 0.3657142857144077 1.472857142857368 0
355 0.347142857142934 1.43857142857157 0
356 0.3285714285714866 1.404285714285821 0
357 0.3328571428571053 1.331428571428635 0
358 0.3557142857142322 1.292857142857233 0
359 0.3785714285712634 1.254285714285993 0
360 0.4014285714284267 1.21571428571453 0
361 0.4242857142856014 1.177142857143048 0
362 0.4471428571427924 1.138571428571538 0
363 0.5116666666666667 1.105 0
364 0.5533333333333335 1.11 0
365 0.5950000000000002 1.115 0
366 0.6366666666666668 1.12 0
367 0.6783333333333335 1.125 0
368 0.7471428571427527 1.16142857142845 0
369 0.7742857142855147 1.192857142856912 0
370 0.8014285714283716 1.224285714285483 0
371 0.8285714285712839 1.255714285714118 0
372 0.8557142857142486 1.287142857142814 0
373 0.8828571428571058 1.318571428571386 0
374 0.9312499999999535 1.383749999999926 0
375 0.9524999999999265 1.417499999999883 0
376 0.9737499999998872 1.451249999999821 0
377 0.9949999999998015 1.484999999999685 0
378 1.016249999999858 1.518749999999774 0
379 1.037499999999895 1.552499999999833 0
380 1.058749999999931 1.586249999999891 0
381 1.082307692307692 1.66461538461537 0
382 1.084615384615382 1.709230769230711 0
383 1.086923076923067 1.753846153845961 0
384 1.089230769230753 1.798461538461223 0
385 1.09153846153844 1.843076923076499 0
386 1.093846153846127 1.887692307691786 0
387 1.096153846153817 1.932307692307122 0
388 1.098461538461516 1.976923076922632 0
389 1.100769230769206 2.021538461537977 0
390 1.103076923076907 2.06615384615354 0
391 1.105384615384609 2.110769230769103 0
392 1.107692307692302 2.155384615384494 0
393 1.134999999999913 2.167500000000113 0
394 1.159999999999716 2.135000000000369 0
395 1.184999999999768 2.102500000000302 0
396 1.209999999999736 2.070000000000344 0
397 1.234999999999704 2.037500000000386 0
398 1.259999999999839 2.00500000000021 0
399 1.284999999999865 1.972500000000176 0
400 1.328571428571347 1.979999999999825 0
401 1.347142857142898 2.020000000000088 0
402 1.36571428571406 2.059999999999513 0
403 1.384285714285486 2.099999999999508 0
404 1.40285714285705 2.1399999999998 0
405 1.421428571428119 2.179999999999025 0
406 1.43999999999964 2.219999999999226 0
407 1.458571428571213 2.259999999999536 0
408 1.477142857142557 2.299999999999354 0
409 1.495714285714121 2.339999999999645 0
410 1.51428571428567 2.379999999999906 0
411 1.53285714285702 2.419999999999736 0
412 1.551428571428585 2.46000000000003 0
413 1.568333333333332 2.454999999999957 0
414 1.56666666666667 2.410000000000088 0
415 1.565000000000008 2.365000000000216 0
416 1.563333333333346 2.320000000000344 0
417 1.561666666666685 2.275000000000505 0
418 1.560000000000022 2.230000000000606 0
419 1.558333333333348 2.18500000000039 0
420 1.55666666666668 2.140000000000348 0
421 1.555000000000011 2.095000000000303 0
422 1.553333333333343 2.050000000000258 0
423 1.551666666666675 2.005000000000217 0
424 1.582727272727167 1.986363636363551 0
425 1.615454545454355 2.012727272727119 0
426 1.648181818181475 2.039090909090632 0
427 1.68090909090864 2.065454545454182 0
428 1.713636363635914 2.09181818181782 0
429 1.746363636363231 2.118181818181492 0
430 1.779090909090506 2.14454545454513 0
431 1.811818181817869 2.170909090908839 0
432 1.844545454545276 2.197272727272583 0
433 1.877272727272647 2.223636363636299 0
434 1.898181818181818 2.207272727272728 0
435 1.886363636363678 2.164545454545607 0
436 1.874545454545461 2.121818181818207 0
437 1.862727272727404 2.079090909091386 0
438 1.850909090909165 2.036363636363904 0
439 1.839090909091091 1.993636363637022 0
440 1.827272727272892 1.950909090909688 0
441 1.815454545454649 1.908181818182193 0
442 1.80363636363645 1.865454545454858 0
443 1.791818181818213 1.822727272727386 0
444 1.821666666667174 1.773333333333252 0
445 1.86333333333346 1.766666666666646 0
446 1.904999999999746 1.760000000000041 0
447 1.946666666666033 1.753333333333435 0
448 1.988333333332319 1.746666666666829 0
449 2.060000000000056 1.707999999999941 0
450 2.089999999999865 1.676000000000144 0
451 2.119999999999842 1.644000000000168 0
452 2.149999999999901 1.612000000000106 0
453 2.218571428571376 1.575714285714292 0
454 2.257142857142604 1.5714285714286 0
455 2.295714285713881 1.567142857142902 0
456 2.334285714285425 1.562857142857175 0
457 2.372857142856873 1.558571428571459 0
458 2.411428571428281 1.554285714285747 0
459 2.479999999999783 1.579999999999783 0
460 2.50999999999974 1.60999999999974 0
461 2.539999999999913 1.639999999999913 0
462 2.569999999999957 1.669999999999957 0
463 2.614999999999882 1.663333333333623 0
464 2.629999999999801 1.626666666667153 0
465 2.644999999999794 1.590000000000503 0
466 2.659999999999934 1.553333333333493 0
467 2.674999999999991 1.516666666666688 0
468 2.728571428571398 1.471428571428578 0
469 2.767142857142587 1.462857142857203 0
470 2.805714285713883 1.454285714285804 0
471 2.844285714285438 1.445714285714347 0
472 2.882857142856899 1.437142857142911 0
473 2.921428571428253 1.428571428571499 0
474 2.998749999999789 1.412500000000041 0
475 3.037499999999988 1.405000000000002 0
476 3.076249999999534 1.39750000000009 0
477 3.114999999999566 1.390000000000084 0
478 3.153749999999932 1.382500000000013 0
479 3.192499999999495 1.375000000000098 0
480 3.231250000000028 1.367499999999995 0
481 3.311428571428573 1.348571428571428 0
482 3.352857142856962 1.337142857142907 0
483 3.39428571428542 1.325714285714367 0
484 3.435714285713936 1.314285714285811 0
485 3.477142857142716 1.302857142857182 0
486 3.518571428571405 1.291428571428578 0
487 3.594999999999795 1.26125000000011 0
488 3.629999999999719 1.24250000000015 0
489 3.664999999999783 1.223750000000116 0
490 3.699999999999658 1.205000000000183 0
491 3.734999999999569 1.186250000000231 0
492 3.769999999999804 1.167500000000105 0
493 3.804999999999899 1.148750000000054 0
494 3.804000000000427 1.108000000000261 0
495 3.768000000000846 1.086000000000517 0
496 3.732000000000873 1.064000000000533 0
497 3.696000000000444 1.042000000000271 0
498 3.617500000000174 1.01750000000001 0
499 3.575000000000432 1.015000000000025 0
500 3.532500000000518 1.01250000000003 0
501 3.490000000000432 1.010000000000026 0
502 3.447500000000347 1.00750000000002 0
503 3.405000000000259 1.005000000000015 0
504 3.362500000000172 1.00250000000001 0
505 3.275714285714563 0.9942857142857501 0
506 3.231428571428705 0.9885714285714458 0
507 3.187142857143017 0.9828571428571635 0
508 3.142857142857836 0.9771428571429466 0
509 3.098571428571807 0.9714285714286203 0
510 3.054285714285608 0.965714285714272 0
511 2.968333333333342 0.9466666666666693 0
512 2.926666666666679 0.9333333333333373 0
513 2.885000000000025 0.920000000000008 0
514 2.843333333333346 0.9066666666666706 0
515 2.801666666666671 0.8933333333333346 0
516 2.799999999999724 0.8742857142857537 0
517 2.839999999999915 0.8685714285714407 0
518 2.879999999999488 0.8628571428572159 0
519 2.919999999999832 0.8571428571428812 0
520 2.959999999999744 0.8514285714286079 0
521 3.000000000000081 0.8457142857142741 0
522 3.082857142857205 0.8271428571428384 0
523 3.125714285714032 0.8142857142857904 0
524 3.168571428570978 0.8014285714287067 0
525 3.211428571428338 0.7885714285714986 0
526 3.254285714285602 0.7757142857143194 0
527 3.297142857142624 0.7628571428572128 0
528 3.379999999999894 0.7366666666667021 0
529 3.419999999999754 0.7233333333334152 0
530 3.459999999999707 0.7100000000000976 0
531 3.499999999999651 0.6966666666667828 0
532 3.539999999999503 0.6833333333334991 0
533 3.579999999999603 0.6700000000001323 0
534 3.619999999999908 0.6566666666666975 0
535 3.659999999999924 0.6433333333333586 0
536 3.734999999999905 0.6066666666667301 0
537 3.769999999999847 0.5833333333334356 0
538 3.804999999999665 0.5600000000002234 0
539 3.839999999999683 0.5366666666668778 0
540 3.874999999999942 0.5133333333333722 0
541 3.871666666666827 0.4766666666667225 0
542 3.833333333333591 0.4633333333334231 0
543 3.79500000000034 0.4500000000001182 0
544 3.75666666666692 0.4366666666667548 0
545 3.718333333333372 0.4233333333333466 0
546 3.635714285714569 0.4128571428571246 0
547 3.591428571428707 0.4157142857142769 0
548 3.547142857143018 0.4185714285714182 0
549 3.502857142857846 0.4214285714285261 0
550 3.458571428571811 0.4242857142856896 0
551 3.414285714285604 0.4271428571428643 0
552 3.325714285714574 0.4371428571428107 0
553 3.281428571428719 0.4442857142856906 0
554 3.237142857143026 0.4514285714285442 0
555 3.19285714285784 0.4585714285713162 0
556 3.148571428571809 0.4657142857142244 0
557 3.104285714285609 0.4728571428571599 0
558 3.021428571428594 0.4914285714285648 0
559 2.982857142857378 0.5028571428570733 0
560 2.944285714286097 0.514285714285601 0
561 2.905714285714541 0.52571428571421 0
562 2.8671428571431 0.5371428571427851 0
563 2.828571428571717 0.5485714285713433 0
564 2.750000000000283 0.5557142857143161 0
565 2.710000000000091 0.5514285714285813 0
566 2.670000000000515 0.5471428571429123 0
567 2.630000000000176 0.5428571428571617 0
568 2.590000000000256 0.5385714285714561 0
569 2.549999999999917 0.5342857142857055 0
570 2.471666666666763 0.5066666666667251 0
571 2.433333333333592 0.4833333333334909 0
572 2.395000000000354 0.4600000000002155 0
573 2.35666666666693 0.436666666666827 0
574 2.318333333333381 0.4133333333333627 0
575 2.25142857142865 0.3628571428572177 0
576 2.222857142857191 0.3357142857143319 0
577 2.194285714285983 0.3085714285716837 0
578 2.165714285714388 0.2814285714286687 0
579 2.137142857143105 0.2542857142859499 0
580 2.108571428571499 0.2271428571429237 0
581 2.050000000000133 0.1750000000001104 0
582 2.02000000000025 0.1500000000002079 0
583 1.990000000000276 0.1250000000002299 0
584 1.960000000000203 0.100000000000169 0
585 1.930000000000077 0.07500000000006425 0
586 1.870000000000044 0.02166666666670829 0
587 1.840000000000145 -0.006666666666529537 0
588 1.810000000000245 -0.03499999999976816 0
589 1.780000000000179 -0.06333333333316396 0
590 1.750000000000073 -0.09166666666659724 0
591 1.708571428571447 -0.1628571428570728 0
592 1.697142857142907 -0.2057142857140986 0
593 1.685714285714369 -0.2485714285711145 0
594 1.674285714285796 -0.2914285714282647 0
595 1.662857142857198 -0.334285714285506 0
596 1.651428571428603 -0.3771428571427371 0
597 1.649999999999983 -0.4637499999999279 0
598 1.659999999999944 -0.5074999999997528 0
599 1.669999999999927 -0.5512499999996807 0
600 1.67999999999991 -0.5949999999996086 0
601 1.689999999999922 -0.6387499999996601 0
602 1.699999999999934 -0.6824999999997116 0
603 1.709999999999955 -0.7262499999998042 0
604 1.747499999999915 -0.8049999999998918 0
605 1.774999999999955 -0.8399999999999426 0
606 1.80249999999968 -0.874999999999593 0
607 1.829999999999673 -0.9099999999995844 0
608 1.857499999999795 -0.9449999999997386 0
609 1.884999999999747 -0.9799999999996782 0
610 1.912499999999999 -1.014999999999999 0
611 1.981428571428409 -1.062857142857093 0
612 2.022857142856911 -1.075714285714214 0
613 2.064285714285324 -1.088571428571308 0
614 2.105714285713792 -1.101428571428418 0
615 2.14714285714263 -1.114285714285644 0
616 2.188571428571378 -1.127142857142841 0
617 2.192000000000097 -1.157999999999954 0
618 2.15400000000016 -1.175999999999924 0
619 2.116000000000224 -1.193999999999894 0
620 2.078000000000112 -1.211999999999947 0
621 2.077142857142833 -1.245714285714276 0
622 2.114285714285582 -1.261428571428516 0
623 2.15142857142829 -1.277142857142738 0
624 2.188571428571175 -1.292857142857036 0
625 2.225714285714092 -1.308571428571347 0
626 2.262857142857019 -1.324285714285662 0
627 2.258571428571442 -1.341428571428571 0
628 2.217142857143053 -1.342857142857136 0
629 2.175714285714593 -1.344285714285704 0
630 2.1342857142861 -1.345714285714273 0
631 2.092857142857293 -1.347142857142852 0
632 2.051428571428582 -1.348571428571428 0
633 1.978333333333348 -1.374999999999989 0
634 1.946666666666843 -1.39999999999986 0
635 1.915000000000191 -1.424999999999849 0
636 1.883333333333437 -1.449999999999918 0
637 1.85166666666679 -1.474999999999902 0
638 1.796000000000017 -1.464000000000026 0
639 1.772000000000105 -1.428000000000158 0
640 1.748000000000135 -1.392000000000202 0
641 1.724000000000049 -1.356000000000074 0
642 1.660000000000043 -1.333333333333319 0
643 1.620000000000204 -1.346666666666599 0
644 1.580000000000312 -1.359999999999896 0
645 1.540000000000186 -1.373333333333271 0
646 1.500000000000113 -1.386666666666629 0
647 1.484999999999888 -1.363333333333498 0
648 1.509999999999782 -1.326666666666987 0
649 1.534999999999804 -1.290000000000288 0
650 1.559999999999961 -1.253333333333391 0
651 1.585000000000004 -1.216666666666661 0
652 1.57857142857165 -1.151428571428773 0
653 1.547142857143213 -1.122857142857466 0
654 1.515714285714587 -1.094285714285988 0
655 1.484285714285888 -1.065714285714443 0
656 1.452857142857204 -1.037142857142913 0
657 1.421428571428596 -1.008571428571451 0
658 1.368750000000057 -0.9412500000001033 0
659 1.347500000000122 -0.9025000000002231 0
660 1.326250000000161 -0.863750000000293 0
661 1.305000000000244 -0.8250000000004446 0
662 1.283750000000206 -0.7862500000003763 0
663 1.262500000000122 -0.7475000000002231 0
664 1.241250000000057 -0.7087500000001032 0
665 1.181250000000213 -0.6575000000000687 0
666 1.142500000000163 -0.6450000000000526 0
667 1.103750000000271 -0.6325000000000873 0
668 1.065000000000496 -0.6200000000001601 0
669 1.026250000000264 -0.6075000000000852 0
670 0.9875000000002089 -0.5950000000000674 0
671 0.9487500000000947 -0.5825000000000305 0
672 0.8714285714286393 -0.5671428571428622 0
673 0.8328571428573217 -0.5642857142857275 0
674 0.794285714285961 -0.5614285714285897 0
675 0.7557142857145603 -0.5585714285714489 0
676 0.7171428571430271 -0.5557142857142983 0
677 0.6785714285715367 -0.5528571428571509 0
678 0.6042857142857252 -0.567142857142852 0
679 0.5685714285714419 -0.5842857142857079 0
680 0.5328571428571852 -0.6014285714285511 0
681 0.4971428571428995 -0.6185714285714082 0
682 0.4614285714285968 -0.6357142857142736 0
683 0.4257142857143087 -0.6528571428571318 0
684 0.372500000000043 -0.706249999999911 0
685 0.3550000000001003 -0.7424999999997923 0
686 0.3375000000001491 -0.7787499999996913 0
687 0.3200000000001961 -0.8149999999995938 0
688 0.3025000000001229 -0.8512499999997455 0
689 0.2850000000000768 -0.8874999999998409 0
690 0.2675000000000393 -0.9237499999999186 0
691 0.2628571428571337 -0.9999999999999715 0
692 0.2757142857141795 -1.039999999999669 0
693 0.2885714285712461 -1.079999999999432 0
694 0.3014285714284863 -1.119999999999735 0
695 0.3142857142856459 -1.159999999999787 0
696 0.3271428571428056 -1.199999999999839 0
697 0.3699999999999626 -1.27249999999996 0
698 0.399999999999862 -1.304999999999851 0
699 0.4299999999997781 -1.33749999999976 0
700 0.4599999999996776 -1.369999999999651 0
701 0.4899999999998031 -1.402499999999787 0
702 0.5199999999998454 -1.434999999999833 0
703 0.5499999999999493 -1.467499999999945 0
704 0.5380000000001214 -1.494000000000017 0
705 0.4960000000002833 -1.48800000000004 0
706 0.4540000000002729 -1.482000000000039 0
707 0.4120000000001185 -1.476000000000017 0
708 0.3416666666667243 -1.496666666666612 0
709 0.313333333333438 -1.523333333333235 0
710 0.2850000000001959 -1.549999999999816 0
711 0.2566666666667904 -1.57666666666655 0
712 0.2283333333333823 -1.603333333333287 0
713 0.1700000000000444 -1.598000000000047 0
714 0.1400000000001499 -1.56600000000016 0
715 0.1100000000001274 -1.534000000000136 0
716 0.08000000000006371 -1.502000000000068 0
717 0.01166666666675291 -1.483333333333303 0
718 -0.02666666666646679 -1.496666666666597 0
719 -0.06499999999969344 -1.509999999999893 0
720 -0.1033333333331266 -1.523333333333261 0
721 -0.1416666666665653 -1.536666666666632 0
722 -0.1557142857143322 -1.515714285714351 0
723 -0.1314285714286447 -1.481428571428675 0
724 -0.1071428571430175 -1.447142857143084 0
725 -0.08285714285731084 -1.41285714285738 0
726 -0.05857142857152951 -1.378571428571571 0
727 -0.03428571428578957 -1.344285714285821 0
728 -0.03857142857136575 -1.27714285714293 0
729 -0.067142857142707 -1.244285714285887 0
730 -0.09571428571403173 -1.211428571428864 0
731 -0.1242857142854788 -1.178571428571699 0
732 -0.1528571428569575 -1.145714285714499 0
733 -0.1814285714284936 -1.112857142857232 0
734 -0.2299999999999667 -1.040000000000067 0
735 -0.2499999999999085 -1.000000000000183 0
736 -0.2699999999998491 -0.9600000000003017 0
737 -0.2899999999997953 -0.9200000000004095 0
738 -0.3099999999998476 -0.8800000000003049 0
739 -0.3299999999998998 -0.8400000000002005 0
740 -0.3499999999999434 -0.8000000000001132 0
741 -0.4074999999999203 -0.7475000000000266 0
742 -0.4449999999997886 -0.7350000000000705 0
743 -0.4824999999996894 -0.7225000000001036 0
744 -0.5199999999996097 -0.7100000000001302 0
745 -0.5574999999997153 -0.6975000000000949 0
746 -0.5949999999998016 -0.6850000000000662 0
747 -0.6324999999998944 -0.6725000000000353 0
748 -0.7099999999999208 -0.652857142857157 0
749 -0.7499999999998843 -0.6457142857143063 0
750 -0.7899999999996583 -0.6385714285714896 0
751 -0.8299999999997475 -0.6314285714286165 0
752 -0.8699999999997645 -0.6242857142857563 0
753 -0.9099999999999522 -0.6171428571428657 0
754 -0.9728571428571003 -0.6428571428570817 0
755 -0.9957142857141966 -0.6757142857141576 0
756 -1.018571428571298 -0.7085714285712414 0
757 -1.041428571428417 -0.7414285714283495 0
758 -1.064285714285623 -0.7742857142855829 0
759 -1.087142857142837 -0.8071428571428277 0
760 -1.098571428571445 -0.8771428571428059 0
761 -1.087142857142911 -0.9142857142855394 0
762 -1.075714285714373 -0.9514285714282871 0
763 -1.064285714285798 -0.9885714285711581 0
764 -1.052857142857196 -1.025714285714112 0
765 -1.041428571428602 -1.062857142857044 0
766 -1.005000000000082 -1.132499999999893 0
767 -0.980000000000166 -1.164999999999784 0
768 -0.9550000000002207 -1.197499999999713 0
769 -0.9300000000002964 -1.229999999999615 0
770 -0.9050000000001771 -1.26249999999977 0
771 -0.8800000000001627 -1.294999999999789 0
772 -0.8550000000000644 -1.327499999999916 0
773 -0.8683333333332852 -1.351666666666677 0
774 -0.9066666666665306 -1.343333333333363 0
775 -0.9449999999996803 -1.335000000000069 0
776 -0.98333333333312 -1.326666666666713 0
777 -1.021666666666531 -1.318333333333363 0
778 -1.08999999999994 -1.333333333333287 0
779 -1.119999999999826 -1.356666666666531 0
780 -1.149999999999754 -1.379999999999808 0
781 -1.17999999999979 -1.40333333333317 0
782 -1.209999999999922 -1.426666666666606 0
783 -1.263999999999983 -1.414000000000026 0
784 -1.287999999999895 -1.378000000000158 0
785 -1.311999999999865 -1.342000000000202 0
786 -1.335999999999951 -1.306000000000074 0
787 -1.399999999999965 -1.278333333333326 0
788 -1.439999999999801 -1.286666666666625 0
789 -1.4799999999997 -1.294999999999938 0
790 -1.519999999999766 -1.303333333333285 0
791 -1.559999999999852 -1.311666666666636 0
792 -1.574285714285803 -1.290000000000104 0
793 -1.548571428571577 -1.260000000000173 0
794 -1.522857142857391 -1.230000000000289 0
795 -1.497142857143093 -1.200000000000275 0
796 -1.471428571428742 -1.170000000000199 0
797 -1.445714285714384 -1.140000000000114 0
798 -1.441666666666656 -1.071666666666685 0
799 -1.463333333333259 -1.033333333333466 0
800 -1.484999999999847 -0.9950000000002716 0
801 -1.506666666666549 -0.9566666666668745 0
802 -1.528333333333306 -0.9183333333333812 0
803 -1.56499999999998 -0.8400000000000536 0
804 -1.579999999999931 -0.8000000000001832 0
805 -1.594999999999892 -0.7600000000002891 0
806 -1.609999999999843 -0.7200000000004187 0
807 -1.624999999999901 -0.6800000000002631 0
808 -1.639999999999933 -0.6400000000001785 0
809 -1.654999999999949 -0.6000000000001369 0
810 -1.708571428571331 -0.544285714285754 0
811 -1.74714285714276 -0.5285714285714682 0
812 -1.785714285714025 -0.512857142857249 0
813 -1.824285714285471 -0.4971428571429564 0
814 -1.862857142856942 -0.4814285714286531 0
815 -1.901428571428465 -0.4657142857143289 0
816 -1.979999999999908 -0.4357142857143185 0
817 -2.020000000000121 -0.4214285714285284 0
818 -2.059999999999679 -0.4071428571429717 0
819 -2.099999999999944 -0.3928571428571629 0
820 -2.139999999999832 -0.3785714285714885 0
821 -2.18000000000011 -0.3642857142856752 0
822 -2.259999999999784 -0.3342857142857993 0
823 -2.299999999999563 -0.3185714285716002 0
824 -2.339999999999586 -0.3028571428573054 0
825 -2.379999999999728 -0.2871428571429642 0
826 -2.419999999999785 -0.2714285714286557 0
827 -2.459999999999883 -0.2557142857143317 0
828 -2.541428571428549 -0.2228571428571522 0
829 -2.582857142856942 -0.2057142857143688 0
830 -2.624285714285402 -0.1885714285715576 0
831 -2.665714285713906 -0.1714285714287284 0
832 -2.707142857142698 -0.1542857142857803 0
833 -2.748571428571401 -0.1371428571428686 0
834 -2.829999999999781 -0.1057142857143638 0
835 -2.869999999999559 -0.09142857142872886 0
836 -2.909999999999579 -0.07714285714300756 0
837 -2.949999999999732 -0.0628571428572384 0
838 -2.989999999999778 -0.04857142857150792 0
839 -3.029999999999889 -0.03428571428575403 0
840 -3.108571428571402 -0.01285714285714771 0
841 -3.147142857142599 -0.005714285714333443 0
842 -3.185714285713868 0.001428571428494165 0
843 -3.224285714285441 0.008571428571377895 0
844 -3.262857142856884 0.01571428571423788 0
845 -3.301428571428257 0.02285714285708457 0
846 -3.384999999999913 0.03 0
847 -3.429999999999827 0.03 0
848 -3.474999999999653 0.03 0
849 -3.519999999999508 0.03 0
850 -3.56499999999974 0.03 0
851 -3.654285714285429 0.03142857142856224 0
852 -3.698571428571292 0.03285714285713845 0
853 -3.742857142856981 0.03428571428570908 0
854 -3.787142857142151 0.03571428571426292 0
855 -3.831428571428187 0.03714285714284474 0
856 -3.875714285714396 0.03857142857143216 0
857 -0.6840361608183274 -0.6224333728374088 0
858 0.422621638765711 1.099081602009251 0
859 -0.415424682452587 -0.7087740473582462 0
860 0.4284406158842956 -0.6098364632009865 0
861 0.894023066629962 -0.53513846886605 0
862 -0.9248917339453038 -0.5769343427093803 0
863 0.62057233240632 1.07981998920541 0
864 0.6629116414621983 -0.5161211585740419 0
865 -1.486880299829842 0.923525625706932 0
866 -1.443425809924663 0.9419085857246839 0
867 -1.841777028190275 0.7093515565161251 0
868 0.447927239863989 1.059990510107129 0
869 0.3970814654637609 1.057461802421256 0
870 0.4256109531719506 1.013502822669863 0
871 0.3709031172231395 1.013209167481548 0
872 -1.713794585908678 -0.5033605542079906 0
873 -1.459067718232329 0.889956489760108 0
874 -1.412333074610901 0.9014452663231183 0
875 -1.427538821384948 0.8487448050792106 0
876 -1.373712280226362 0.8654000754397617 0
877 1.709499868997522 -0.07967024245401361 0
878 0.4009452366500167 0.9614053460891427 0
879 0.3349655154810801 0.9620474734830023 0
880 0.7623691129648036 1.120665511865466 0
881 -1.907462110867124 -0.4258737674577745 0
882 1.056500218750606 1.517205918703859 0
883 -1.389490684367398 0.8023676466994973 0
884 2.309869536423661 1.527812059025208 0
885 0.948976894174292 1.346419859845432 0
886 -2.187628208517454 -0.322501840991555 0
887 -1.318593713627495 0.8239548581134519 0
888 0.3693263375443953 0.900653055591158 0
889 1.795243938251096 1.737640024501846 0
890 0.2886149774967471 0.9033677753760847 0
891 1.058533369409971 -0.5758620046332541 0
892 -2.386408389714591 -0.2405600837255395 0
893 -1.481581550689532 1.120689859122534 0
894 1.654672712235677 -0.2158654518046413 0
895 -1.341170751092443 0.7441694652298776 0
896 0.3490971522606648 -0.6726781282824172 0
897 -0.9670415341193782 -0.5680409745586427 0
898 -0.9371446114840736 -0.5325370507606136 0
899 2.476237406851333 0.5547058675112966 0
900 -0.7991382402574652 1.642782254185625 0
901 0.3334905190444647 0.8292698630681892 0
902 1.861938526461286 0.06357994902214473 0
903 -0.9859632139077293 -0.5219958837017522 0
904 -0.9480069901740364 -0.4804326144016717 0
905 -1.258246767116312 0.7683640161082738 0
906 -2.588705102101158 -0.1622558338718572 0
907 -1.548451719839382 1.331621447505101 0
908 0.2358717789380531 0.830844640736113 0
909 -0.9386186001029927 1.74119955245734 0
910 -2.753348625525549 -0.09149099694727869 0
911 -1.007886375551203 -0.4684345997315452 0
912 -0.9591955613926475 -0.4192579594101385 0
913 0.2924556964408935 0.7444122845867729 0
914 -0.3241550397162858 -0.765435031712857 0
915 -1.069843227756943 1.845724316229242 0
916 2.107287187078754 1.602019237886588 0
917 0.1810720658971583 0.7427065364369568 0
918 -1.033606488208394 -0.4048031087148425 0
919 -0.9775670194097854 -0.3453706121063042 0
920 1.607456371495112 -0.3888176918875615 0
921 0.2783042357775189 -0.8179755240208103 0
922 -2.916099881731833 -0.03244230841830441 0
923 1.982895104658178 0.1637814288823892 0
924 -0.1532002577454838 1.604338042096742 0
925 -0.1445405981174608 1.559034001062159 0
926 -1.081403002110479 -0.7293243105125098 0
927 1.117933725829438 1.63985124290374 0
928 2.703208411567182 1.441345912288276 0
929 -1.590462926047777 1.502114565258714 0
930 -1.06511702005255 -0.3314520495303183 0
931 2.315638657490926 0.4595101104046524 0
932 0.2440151412549468 0.649517928684843 0
933 0.3626141250576656 0.6581649068245092 0
934 0.1268963582952382 0.6455291529659306 0
935 1.751043802865256 1.743174025042073 0
936 1.767104087402096 1.699218944784963 0
937 -3.118894953014103 0.4982172944942166 0
938 -0.1908201360689705 1.574385260672931 0
939 -0.1805024374080434 1.525209230551422 0
940 -1.20246338252745 1.956662116866977 0
941 -1.596366232766099 -0.6470626216932809 0
942 -2.924068507481204 0.5489745694299145 0
943 1.717618329601429 1.708020689917526 0
944 1.735646336677497 1.656948644703829 0
945 0.2874089158230107 1.32570170648483 0
946 2.094137344684533 0.2661443239833683 0
947 -1.239192374051207 0.8538220129687597 0
948 -1.170179524115219 0.7921010450279612 0
949 0.1929864551410717 0.5495125653656231 0
950 0.06989322600687053 0.5437264265284348 0
951 0.007443988026293598 0.6431174702188313 0
952 2.213515946875237 0.3782730557964472 0
953 -0.6831307426962552 1.798333405134456 0
954 2.771494796013956 0.9250955613423063 0
955 2.726929343026212 0.9115641999627023 0
956 -0.2453589838485426 -0.9226794919247159 0
957 -1.640521065488087 1.674318466313535 0
958 -0.05124409084865723 0.5405359107975346 0
959 0.00991708430990999 0.4394399699241145 0
960 0.8727684347396807 1.246191657182892 0
961 -3.082519282309816 0.01152411318932781 0
962 -1.009514766748357 -0.2592174029156354 0
963 -1.10344713784135 -0.2528084230169505 0
964 2.85550328476767 1.403790533159775 0
965 -0.2321835785927448 1.541405500703538 0
966 -0.7648837477627242 1.616461730480126 0
967 -0.8077115008057776 1.597805893586521 0
968 -0.7663726484167178 1.567444379899259 0
969 -0.2199759461323597 1.484845284785178 0
970 -0.8157753566286821 1.54849784973354 0
971 -0.7689407670024309 1.509231705506859 0
972 -2.220321801155667 0.6519334988945504 0
973 -2.24602387300766 0.6176489759350158 0
974 -2.202062976844196 0.6117398795523911 0
975 -2.22992214984053 0.5717552903071234 0
976 -2.175428137719925 0.5668620072786141 0
977 -2.212105571951263 0.516404116539815 0
978 -2.146689489508372 0.5083478752668202 0
979 -2.189271201754817 0.4499237039649959 0
980 -2.11024470966374 0.4403938408850353 0
981 -1.332752683805403 2.060272030666961 0
982 -0.1973150341301781 1.807714877975244 0
983 -0.5700832399664467 -0.6584223130359117 0
984 -3.263386202358428 0.431468176910047 0
985 -1.538312623830026 -0.8033577384048591 0
986 2.7394709949688 0.9604485021051121 0
987 2.6884465399746 0.944680534209877 0
988 1.676602482198547 1.666006434889812 0
989 1.699489328891115 1.606665011290821 0
990 -0.2174495005718743 1.935045621477168 0
991 -0.7164520182119374 1.635451069596594 0
992 -0.835216423848661 1.484520416890629 0
993 -0.7744070909042804 1.437776773395703 0
994 2.969675135166551 1.378845100853477 0
995 -0.1004547485100742 1.546825931182563 0
996 -2.026519181540379 -0.3763063720496402 0
997 -0.1118687821077033 0.641890108192271 0
998 -0.1713443278125505 0.5386704298370725 0
999 -0.1331615516806956 -1.106677496085931 0
1000 0.2846104286070673 1.402055030157437 0
1001 -0.9114532518692898 -0.2811310010745355 0
1002 -0.9428704069441346 -0.1826386491992595 0
1003 -0.8350010284672541 -0.2124263132637184 0
1004 -1.673219363777823 1.794062391561134 0
1005 -0.6507632301261561 1.925070666979078 0
1006 -1.747759360660247 0.7895421074464297 0
1007 -0.2376783112885883 2.057272362945305 0
1008 2.937164914155689 0.9748593489615424 0
1009 0.5706778137933701 -0.5392888166766865 0
1010 -2.158326444081955 0.3744169832507314 0
1011 -2.070132237533262 0.3670119021253372 0
1012 1.174853332999462 -0.6185373703442627 0
1013 -1.430096429038935 2.135152297080445 0
1014 -3.238090209209979 0.04291958820160244 0
1015 -0.8653658871572054 -0.1040775575068688 0
1016 1.630822647039447 -0.5393040867877513 0
1017 3.088350433563831 1.35416331821899 0
1018 0.3436805562294379 1.50632101799405 0
1019 2.42519866712037 1.518597870041524 0
1020 2.196406208439043 1.542932316430212 0
1021 0.7761187098364517 -0.5213604852227733 0
1022 2.703016519191307 1.001602950626692 0
1023 2.642580010979916 0.9827845435484042 0
1024 2.60884766556468 0.5821657993468535 0
1025 1.628647332715294 1.616589244627965 0
1026 1.658165536059578 1.544594868852346 0
1027 -1.275522455243516 0.6785511481287664 0
1028 -1.139941978866807 -0.8696555099641202 0
1029 0.3970860671524344 1.608639790541385 0
1030 1.26425671506054 -0.6722693450337776 0
1031 0.234441169717798 -1.031024742110907 0
1032 -1.081502441592241 -1.056212262034978 0
1033 1.327464078005259 -0.7891683346961466 0
1034 -0.6112286361463846 2.055476291754458 0
1035 -0.2309876272177913 0.6406956061262441 0
1036 0.1938694705625753 0.9191820997870757 0
1037 3.201882958748384 1.337800233721587 0
1038 -0.8445691626821676 1.411111837936877 0
1039 -0.77262724094737 1.347635677891826 0
1040 -0.2549965398152829 2.182871890011198 0
1041 -0.010984545222484 1.652301819812321 0
1042 -0.7514234191713696 -0.1369986755853724 0
1043 -1.710618286951959 1.92604859341692 0
1044 -3.407058273433442 0.3599738780082166 0
1045 -2.243314986878981 0.3902929496291612 0
1046 1.390579140260206 -0.9058788313642322 0
1047 3.071941490131278 1.009496387791571 0
1048 -0.9113652512385484 1.461051687660786 0
1049 0.08683159878738883 1.743321595025124 0
1050 0.09497044426247574 -1.461383406796932 0
1051 -0.2771482772018351 1.50384107585162 0
1052 -0.2638991740651002 1.438628780126511 0
1053 -0.2009532365517115 1.424945772090688 0
1054 -0.2467760706069863 1.366858010863185 0
1055 -2.215626442913237 0.3039580574900442 0
1056 -2.310061118844002 0.3273338713631928 0
1057 -2.556152739033395 0.6175481636459387 0
1058 -2.583872687582965 0.5804726482668932 0
1059 0.2706661137182348 -1.154997411721663 0
1060 1.658431160653878 -0.668689339900254 0
1061 -1.399093881921165 -1.073034537245541 0
1062 -1.372933020546589 0.6572938997319882 0
1063 -1.300337801893317 0.5779804284582858 0
1064 -1.410427008557318 0.5588338221770398 0
1065 1.492940175906841 -1.02298924857681 0
1066 -1.4631067117656 -0.957335677664918 0
1067 -0.7843621589611978 -0.02243939034179668 0
1068 -0.05754894882901527 -1.202602353971292 0
1069 2.659775208026926 1.049761122691611 0
1070 2.589823301180203 1.029558099803649 0
1071 1.744271857265553 -1.317424445926411 0
1072 0.4353463466764189 1.71990839834241 0
1073 -1.528288364217991 2.209682036010442 0
1074 2.719292351542884 0.8662802598285824 0
1075 2.970236909825394 0.550632035820061 0
1076 -1.114851616382834 -0.3994396346614653 0
1077 -0.5828598257518849 2.18210661469076 0
1078 1.576391941011881 1.558508326416145 0
1079 1.608963809932088 1.472571960833668 0
1080 1.702038603615233 1.465100731791412 0
1081 1.648000693294604 1.380275493969026 0
1082 1.754199472551001 1.372297880165842 0
1083 -1.31366384715116 -1.267613793740132 0
1084 1.895337474937516 -1.056316680482825 0
1085 3.320595024616139 1.303542679585311 0
1086 -0.6686429112174743 -0.05331472536112195 0
1087 1.136729496678293 1.771631003320967 0
1088 -0.2760462901983764 2.306070101629464 0
1089 1.591104259892414 -1.109329186128396 0
1090 -0.9244658143796662 1.380214935334964 0
1091 -0.9951651431770078 1.434434569365649 0
1092 2.852622936914491 0.5838367891013164 0
1093 0.3244901143434381 -1.277496334755579 0
1094 -1.094908248754958 -1.293222699900056 0
1095 2.578487734718819 0.9526159179923228 0
1096 2.514732363451289 0.9990264270570349 0
1097 3.20854167123263 1.018181679055909 0
1098 -1.39923620393684 0.9440425516310718 0
1099 0.43999474177965 0.9080285876484873 0
1100 -0.8007631522301696 -0.5982339405763425 0
1101 -2.137307109398821 0.7494398101327033 0
1102 1.965862560688765 1.712347086426682 0
1103 0.1716823204464025 1.846186576611548 0
1104 -3.359636744804959 0.06624923244512772 0
1105 3.089606888477639 0.5090917804855672 0
1106 1.700200164467601 -0.804671202406116 0
1107 -2.826144329585959 0.5965145866840327 0
1108 2.532250299042601 1.087376498797407 0
1109 2.446735242056754 1.058914260775899 0
1110 -1.337324124109259 0.4713359194517315 0
1111 -1.222311657584654 0.4905422811351214 0
1112 2.725616147979221 0.5875974118904216 0
1113 -0.7034510926657149 0.06108028168819303 0
1114 0.3580265514687244 1.215453186233719 0
1115 1.540998355444482 1.389504346478772 0
1116 1.579686203697301 1.286405443166673 0
1117 0.2657783895657866 1.95307581790757 0
1118 -3.5421770420686 0.2740634360982344 0
1119 -1.922656569360448 0.7204300384899274 0
1120 -2.288294304765166 0.625651045707533 0
1121 -2.533140407353606 0.5771865793615875 0
1122 -2.562290429773037 0.5370335120452224 0
1123 2.975723858937722 0.8092716574021932 0
1124 -0.1625730913938555 1.358238439084076 0
1125 -0.2308337377106311 1.281640577262823 0
1126 2.661024601638401 1.450168470873948 0
1127 -1.59696806133619 0.892852569007893 0
1128 -0.2863338418281504 1.565596053237575 0
1129 -0.3436273394312073 1.526717512665113 0
1130 3.424109520441427 1.042638152500977 0
1131 2.814479839837448 0.8371542184936065 0
1132 -1.749450218908448 2.053738237898553 0
1133 3.347882851266017 0.7098986372729786 0
1134 -1.151646590882261 -0.8278937806347759 0
1135 -1.185439080229505 -0.8629805583733603 0
1136 -1.199061055257247 -0.8137272853268419 0
1137 0.3068357442697924 -1.486788913796752 0
1138 -1.45339022099696 0.4552164123675071 0
1139 2.432141355510612 0.9573754072072507 0
1140 2.351934582571278 1.023082733943314 0
1141 -0.3443994460227843 1.609906886050791 0
1142 -0.5882287620943771 0.03196381451708522 0
1143 -0.5508564899437294 -0.08267634254964187 0
1144 1.783235377671209 -0.9125072706162275 0
1145 -0.5475959417736844 2.307737007398192 0
1146 1.464275855328668 1.294985358089789 0
1147 1.507340661117242 1.190120635341952 0
1148 3.216283597549952 0.7433176273344891 0
1149 3.093909772239233 0.7852186327918088 0
1150 1.389898094336301 1.196839589348086 0
1151 1.435080347236128 1.093532552631516 0
1152 1.318166868879923 1.099156328429542 0
1153 1.363787390998327 0.9975340944788968 0
1154 1.248038446398834 1.005327846657212 0
1155 1.293514312527473 0.9029616883032139 0
1156 1.180470987473761 0.9131103110806521 0
1157 1.224841270760749 0.8081463738735144 0
1158 1.116208026325174 0.8201126291097675 0
1159 1.157437969772412 0.7141296324775388 0
1160 1.265408085242604 0.7009574570790119 0
1161 1.198441656699253 0.6061475011842082 0
1162 1.3090330572324 0.5935359029355392 0
1163 1.241538429766787 0.4972890536980517 0
1164 1.12815267583326 0.5105524166303315 0
1165 1.169746861226591 0.4003432277959427 0
1166 1.054053890750404 0.4137921303797955 0
1167 1.095335880549782 0.3034767411885458 0
1168 0.9771295387653924 0.3167471309591522 0
1169 1.0206067103314 0.2075187970279214 0
1170 0.9022451465645243 0.2214714850756564 0
1171 1.357457943533951 0.4859172331616658 0
1172 0.9463559055797294 0.1133457503289006 0
1173 0.8266422675897707 0.1274743796241628 0
1174 1.065319886115031 0.09830067761903108 0
1175 0.8716473087340147 0.01985347456569248 0
1176 0.7534808802544815 0.03396524669768514 0
1177 -2.285782726475896 0.225600855429236 0
1178 -2.39964327422659 0.262786910673121 0
1179 1.62262912692277 1.183671500811433 0
1180 2.727416537199182 1.061694364040199 0
1181 -0.310539513736439 2.422881524224176 0
1182 3.559027173737102 1.235520053125176 0
1183 -1.012607931419188 1.341862712823656 0
1184 2.338672971959313 0.9101682165806062 0
1185 2.249015374265197 0.9749838217030963 0
1186 -1.375823075813341 0.3634327885293098 0
1187 -1.487558042638095 0.3412997575169928 0
1188 -0.4711371285709294 0.006294542992199692 0
1189 -0.4363403797652564 -0.1082186979962556 0
1190 -1.092320869525362 1.408563626295139 0
1191 -1.62594544367944 2.280785879815489 0
1192 3.468463163751419 0.6687228245886894 0
1193 1.588633376592006 1.944561365814107 0
1194 1.553595484873789 1.917035365342862 0
1195 1.940077523207319 -1.361157657752059 0
1196 -0.3533585357258829 -0.02892713392889709 0
1197 -0.3199242929655699 -0.1373836252055628 0
1198 -0.2367113032528573 -0.05835320148500905 0
1199 -0.208064821429055 -0.1730239039545394 0
1200 -0.1209804556840789 -0.08980946060151176 0
1201 -0.08976137044439293 -0.2070042070730206 0
1202 -0.005180877005177703 -0.1195325125970497 0
1203 0.02594157737915815 -0.2313951551742446 0
1204 -0.055681017424249 -0.3361211479558275 0
1205 0.509480794465705 1.921823973395058 0
1206 2.67749283269566 1.404590750471669 0
1207 2.624767340903601 1.418220039874897 0
1208 3.219105641401754 0.4928910748641991 0
1209 0.1092803898938557 -0.1471318667830285 0
1210 -0.625577582567278 0.145214722779346 0
1211 -2.615748505149188 0.5423563007301129 0
1212 2.235684511165107 0.8625171447508754 0
1213 3.362588657304756 0.4675280652546802 0
1214 3.446910512060891 1.272787094431078 0
1215 0.7032967258983766 0.1431105556189405 0
1216 -1.415866598138525 0.2525065265702353 0
1217 -1.526070422944147 0.2277232474109556 0
1218 -2.591431941331248 0.4919139394092057 0
1219 -2.650769886670762 0.4996897422378762 0
1220 -2.624163087921279 0.4408897192298813 0
1221 -2.689393085870379 0.4498048293230639 0
1222 -2.662029666917878 0.3801589800962604 0
1223 -2.738931033187278 0.3907672563342887 0
1224 -2.707982688450596 0.3068400401755359 0
1225 -2.797163939242041 0.3214325201873853 0
1226 0.9379268064697157 0.4263079780531756 0
1227 -1.237749207759003 -0.8559345085191514 0
1228 -1.254755899114532 -0.7996791101348278 0
1229 -0.3066673263531347 -0.2549879392568363 0
1230 2.267268705704853 1.106875636287979 0
1231 -1.215539330866706 -0.9067960991464943 0
1232 3.527289678843704 0.4588172923621082 0
1233 -0.3172421912158424 1.305070433945812 0
1234 -0.3097547373634731 1.212119412700351 0
1235 -0.5072547816672346 -0.2019652931469912 0
1236 -0.1418439708217171 1.257119319649393 0
1237 -0.07494613671481859 1.326877711969687 0
1238 1.409253370823194 0.8939743948915191 0
1239 0.7955885905832633 -0.07533500329029751 0
1240 -0.7367701058873539 0.1762722219551149 0
1241 -0.6549912742667081 0.2609487733635583 0
1242 0.1390036422003909 -0.2536564909695171 0
1243 -1.114536787610798 1.302222479777788 0
1244 -1.454024760860977 0.1410802678419584 0
1245 -1.570625082845093 0.1181340594309797 0
1246 -1.492890666143752 0.02592046604826146 0
1247 -1.611626943516421 0.003375579212738913 0
1248 -1.534008053785364 -0.08741166339975573 0
1249 -1.024274762700326 1.243628808221565 0
1250 -0.7096695847653994 1.46851587743931 0
1251 2.471576932241441 1.156560397376805 0
1252 -2.481408127515698 0.7268346307350559 0
1253 1.598769068562011 1.900132505690222 0
1254 1.55940208225738 1.868223240473109 0
1255 1.353525000939172 1.943700677411347 0
1256 1.335243037072946 1.904165613483981 0
1257 2.143058403956243 0.9253746150951213 0
1258 -0.4905247828048144 2.521136966501518 0
1259 -1.307590904627064 0.2737394351666781 0
1260 0.6783309282039047 -0.06102913697233152 0
1261 1.292476200980413 1.900734986632896 0
1262 1.31390131118948 1.86157302803041 0
1263 -3.496507890938549 0.06703506458542567 0
1264 -3.635352326318796 0.2001862035753487 0
1265 0.734992346832664 1.086843330092503 0
1266 0.7788475657430116 1.078361880449781 0
1267 0.7507559162588331 1.041628802682661 0
1268 1.418660602667606 0.5829397528900213 0
1269 1.486731790523477 0.4835776116847299 0
1270 -1.376466103984529 -1.109985624817097 0
1271 0.8020009714479344 1.031562522329868 0
1272 0.7646476235008541 0.9882614618645074 0
1273 0.3829609980388279 2.082323849899601 0
1274 1.78900644749893 1.654413161608916 0
1275 -1.016869809332592 -0.6408681727386892 0
1276 -1.654760605287562 -0.1165354358658079 0
1277 -1.728470865179674 -0.02355151666176289 0
1278 0.8221454621775437 1.073764384222891 0
1279 -1.594153274788629 0.4287455777561636 0
1280 3.664195516867053 0.5979685442010737 0
1281 -1.046681294132338 -1.136899243213155 0
1282 -2.024513824545484 0.4360581786554751 0
1283 -1.352570790448334 -1.069836809293368 0
1284 -1.327111239642816 -1.108838191368793 0
1285 3.291765705451788 1.030991201110556 0
1286 -2.509013133623764 -0.2004963985504915 0
1287 -0.7672638143496655 0.2922957522419496 0
1288 -0.6798405334764572 0.3773467705573142 0
1289 3.590778301956862 1.053204063097249 0
1290 1.406017473724384 0.3745851102696449 0
1291 1.525670517334281 0.3558198509162815 0
1292 1.449621495246818 0.2601236540023705 0
1293 0.002048798116451959 -1.265920137103635 0
1294 0.03175087738503451 -1.303052384411034 0
1295 0.04700422933697116 -1.253728814677301 0
1296 0.07950873077533802 -1.293430832055002 0
1297 0.9157735694146638 -0.08631252900620368 0
1298 2.393959407245405 0.5048643071451453 0
1299 0.3185292012675568 2.013271287771087 0
1300 -2.6691305850106 -0.123240044162989 0
1301 -0.2871572361837083 -0.8438236906065268 0
1302 -0.2104750788192379 -1.004133202135899 0
1303 -2.770815655932472 0.2209976296378158 0
1304 1.841941939913379 -0.9854861022959744 0
1305 1.633315974871818 -0.3034556885369623 0
1306 -2.864921461779236 0.2502347227266637 0
1307 -1.510637763708118 1.204523177018297 0
1308 -1.773127223116561 2.138683561839125 0
1309 -1.614225724254086 1.587182809933783 0
1310 -1.567126332735351 1.41515825823462 0
1311 -0.5241306466673412 2.392386607472728 0
1312 -1.005778992626205 1.797629392760403 0
1313 -1.976078436045693 0.3588573021881874 0
1314 -1.626250707470121 -0.5669998428715077 0
1315 -2.660427309201616 0.6550036041930223 0
1316 1.8005261273157 0.005080178920993516 0
1317 -3.011395238793896 0.5338078021163619 0
1318 -2.307207225259293 -0.2757462190995637 0
1319 -1.567734770103629 -0.7225124770625 0
1320 3.512833909374918 1.048660726449899 0
1321 -2.105935886897927 -0.3501159267563734 0
1322 -2.837628208517102 -0.0639304124203616 0
1323 -2.998213627177897 -0.006864027832179165 0
1324 0.4658467357495595 1.802504043255525 0
1325 -0.1729558391610156 1.728156252276769 0
1326 -1.903328846008766 0.6827039853857646 0
1327 -1.949528615146062 0.6837832748201893 0
1328 3.550260866259417 0.63873715886385 0
1329 0.536780706314504 1.071827447379135 0
1330 1.419863536446398 1.407768311577454 0
1331 -1.136972752224478 1.899404632561061 0
1332 -1.830059195509854 -0.4548617230677148 0
1333 -1.682235258821498 0.8387957956761112 0
1334 1.603727974908834 0.4412587114631874 0
1335 1.638005448676391 0.3396429106541017 0
1336 1.704091142998158 0.4186160760690086 0
1337 -1.698830776556408 2.320311863371621 0
1338 -0.3856523459629558 0.1063187413396267 0
1339 -0.04779837226981783 1.235688086514943 0
1340 0.9749848610237226 -0.5518649422640138 0
1341 -2.370758138901931 0.1338154707968357 0
1342 -2.245396599101426 0.1179720560217245 0
1343 0.07989123548480709 -0.03628422300306992 0
1344 2.895051283406637 0.8253589838488943 0
1345 0.2437682176344919 -0.8897998565953646 0
1346 0.3140446497912298 -0.7452490025267173 0
1347 1.718271270653621 -1.280368911040228 0
1348 1.767582907904239 -1.275845877774995 0
1349 1.737989415821606 -1.232846572599365 0
1350 1.793544897394371 -1.227728886596631 0
1351 1.759240819635388 -1.17890123344791 0
1352 -1.567225560714805 -0.1987439479010909 0
1353 1.012983135223306 1.44941519840687 0
1354 0.5007907768690063 -0.5803974518103305 0
1355 -0.4909571961790971 -0.6845249525975783 0
1356 2.157674739636138 0.3192820782292654 0
1357 -3.162574505259492 0.03341785060946419 0
1358 2.11645909929539 0.8106050813477874 0
1359 0.1936106193647649 -0.06455090961954565 0
1360 1.91239113599374 0.1168411599030343 0
1361 -3.191391029369179 0.4640705212934158 0
1362 0.09924050102937219 -1.241662481196054 0
1363 -1.106886170507337 -0.9780237855245391 0
1364 1.366093975291982 1.867514834471921 0
1365 1.351561099952692 1.815500688633777 0
1366 -0.1717890912454835 0.7433423496459233 0
1367 -0.2905200173770134 0.7418119132879238 0
1368 -1.15730546434687 -1.339867094729191 0
1369 -2.08755615830019 0.8258554127778777 0
1370 -1.209959422884093 1.380294882389365 0
1371 -1.16505175005699 1.506534146058907 0
1372 -0.4025623777990712 1.23701830220821 0
1373 1.785215375159243 1.939543909772757 0
1374 -0.7970451288990517 0.4084672913093788 0
1375 -0.712267963520987 0.493476760482928 0
1376 2.492291154301878 1.538193854351087 0
1377 -0.8992660172467888 0.007135523449810083 0
1378 -0.8673676476764177 1.693158474457046 0
1379 0.7214395754217119 -0.1691597542582549 0
1380 0.6159796134151106 -0.1544201011220325 0
1381 -2.50786123222485 0.5315534500079626 0
1382 2.642688916652755 1.36484685540979 0
1383 2.587548897304619 1.375864396538938 0
1384 2.700087792215832 1.353731466461712 0
1385 2.684563761731657 1.117633455349013 0
1386 2.756597566847963 1.127297816672772 0
1387 -0.3232357439610824 2.513825278097942 0
1388 0.3418340008822717 1.059184425539876 0
1389 0.1645132409323445 0.0481277236102774 0
1390 -1.270446952782869 2.010701540387539 0
1391 -1.931264641389395 0.4308299255917718 0
1392 -1.043735957029913 -0.52007210837562 0
1393 -0.8287950163117739 0.5244919807312504 0
1394 -0.7453479364758748 0.6090078544941389 0
1395 -2.478091829902467 0.57904546996671 0
1396 1.266666376477285 1.203972768645167 0
1397 0.2433177690594053 -1.535442974873221 0
1398 0.5261869156512252 2.002260655239054 0
1399 2.047110164839766 0.8873653733576822 0
1400 2.057206128585471 0.9824821685423984 0
1401 1.962416730695209 0.9297582183776735 0
1402 0.54837933436546 2.085243727910944 0
1403 -1.962007972410877 0.7849186349506854 0
1404 -2.155516774414972 0.6164287101844979 0
1405 1.512032909659462 1.985334060464609 0
1406 3.435354316024847 0.4604261528417174 0
1407 -0.8172488266904999 -0.3107886492887671 0
1408 0.13523879623647 -1.282952013019234 0
1409 1.973389032199141 1.032614960607248 0
1410 -0.4236398662152498 1.553173823344193 0
1411 -0.4478089895296438 1.650065401859246 0
1412 -1.768987574675228 -0.1324096591675822 0
1413 1.749436579367373 1.81316809687755 0
1414 -0.8962387447621495 -0.5001664606075188 0
1415 1.237272575063208 1.963077359600549 0
1416 1.139531093692419 1.86438307453925 0
1417 -1.296646248083742 -0.8474018989794398 0
1418 -1.318380154614314 -0.7847942599007038 0
1419 -1.267895778964333 -0.7370455510220532 0
1420 -1.337533918230333 -0.7136836268463461 0
1421 3.628962632046718 1.203193491765379 0
1422 -3.475066308729777 0.3077000514743607 0
1423 -1.377237242872151 0.0555542632610997 0
1424 -0.1146839954139597 1.157647817691474 0
1425 -0.1507103711776217 0.0246311690606663 0
1426 2.235389547581428 0.7457993798538145 0
1427 2.128009552429758 0.7018419503971165 0
1428 -1.486939766811879 0.8358503177011873 0
1429 0.8269390551844413 0.9733667062044618 0
1430 0.7784653783318862 0.9229704167542638 0
1431 0.7066057790904713 0.9541903388942341 0
1432 0.7231705875622355 0.8664197031701837 0
1433 2.432322343231368 0.8423852693334044 0
1434 -0.5483934285257573 0.330139049683311 0
1435 1.922415832537015 -1.093753228103939 0
1436 -2.268360164469151 0.5330655565447595 0
1437 3.68594680999773 0.4543284106329122 0
1438 -1.839023863800868 -0.05182787266059176 0
1439 -0.4669865663165002 2.605103132439128 0
1440 0.0133893174287815 1.311042815326157 0
1441 0.05466483263200459 1.221390268255437 0
1442 -1.299801045590596 -1.06502064450731 0
1443 -1.272916776233781 -1.112647308077165 0
1444 1.874623675789455 -1.40892835842403 0
1445 0.2794052107342966 0.01837276946758238 0
1446 1.548923578715246 1.639554567264658 0
1447 2.043349364905553 0.213480762113475 0
1448 -1.266098204478981 -0.6602480078609961 0
1449 -1.362079340082169 -0.6345147382144875 0
1450 0.2500210082809952 0.1308532971088904 0
1451 -1.225823981536723 1.262652669510699 0
1452 -1.150288375152436 0.8862527716003747 0
1453 -1.079185002891225 0.8214376754814561 0
1454 2.786524638504269 0.9694519698737005 0
1455 -1.281777071462034 1.473894532197112 0
1456 -1.258906754588864 1.576253546210419 0
1457 1.737472526333076 0.3258873555251481 0
1458 1.798212434854713 0.4008578436113071 0
1459 1.683262998989275 0.2468353446863379 0
1460 -0.7108508736335598 1.712342035471219 0
1461 2.635745735194464 1.522009618943297 0
1462 -0.8822948742972931 0.3230817385932608 0
1463 -2.343278742507943 0.7308366576399702 0
1464 1.655050067608599 1.996410845013959 0
1465 -0.3879022916846507 1.139147360811294 0
1466 -0.4931400482574211 1.163662763855184 0
1467 -0.4695660812939726 1.052141985932944 0
1468 -0.5823752568994456 1.08200015497913 0
1469 2.047625634678866 1.669384979906075 0
1470 -1.458991912932887 1.034416886466082 0
1471 1.677387390574149 0.5081501169737676 0
1472 -1.882199205412343 0.3488124943730973 0
1473 1.126758961318154 1.021490343873986 0
1474 1.286409376351755 1.813318242327041 0
1475 1.323740360388146 1.755639385175977 0
1476 0.3842781419995375 -1.350810157124371 0
1477 -1.79706589096746 2.223669571673508 0
1478 -2.446211100491477 0.5279087310511075 0
1479 -0.5569617032113718 0.9693555792161846 0
1480 -0.6715847919981398 1.002282417294482 0
1481 0.8067568753641461 0.8457486905318736 0
1482 0.7478246109842869 0.7720138067763509 0
1483 1.412630284598789 1.834460345783603 0
1484 -3.696823172195069 0.1542480767086679 0
1485 -1.872081722864021 -0.1517337352714378 0
1486 -0.8575877506162195 1.588716860097746 0
1487 -2.554734131955395 0.4377517798876299 0
1488 -2.786873057181504 0.6650735271321691 0
1489 0.05877889314154742 -1.200276245823029 0
1490 -2.312869674864988 0.01976669249957876 0
1491 -2.419119011904017 0.0257060637202431 0
1492 -2.202648146330091 0.01722903562753292 0
1493 -3.586749571047097 0.06965112519057712 0
1494 -0.9967765560960983 -1.202757538643766 0
1495 1.609650864876627 1.850430764167745 0
1496 3.696578985416474 1.084937982325702 0
1497 -3.331539523947928 0.3913670454450719 0
1498 1.885095323087751 0.9915903235385275 0
1499 0.1179998216803589 -1.18532591830015 0
1500 0.07188918230042426 -1.14109206855094 0
1501 -1.463360387436065 -0.1783426385365814 0
1502 -1.497791370988664 -0.2769431613275852 0
1503 -0.3483586152656665 0.639972867169836 0
1504 -2.888265153977162 0.3459346170931739 0
1505 -2.953887404024435 0.2628544075756305 0
1506 -1.503854078084535 -0.87995311606676 0
1507 0.6618186731489925 -0.2643984031302855 0
1508 0.7618263909902996 -0.255558951223954 0
1509 0.5576962981574891 -0.2420325345724578 0
1510 0.6564894220687383 0.8057518205395591 0
1511 0.6793431976576277 0.7077210634157626 0
1512 1.677561115803827 -0.1057060723865065 0
1513 1.667485448934103 -0.06377908563350021 0
1514 1.633028678841493 -0.09406474909361776 0
1515 1.619280109588409 -0.04408919117259761 0
1516 1.577702804101572 -0.08366860480856725 0
1517 1.666082079459858 -0.01632873315723338 0
1518 1.557185063565015 -0.02315371843031246 0
1519 1.510003532285604 -0.07063492577945887 0
1520 1.540098021482131 -0.1397353768874598 0
1521 1.457931487422334 -0.1222470733222469 0
1522 1.477706727643384 -0.1956355068439698 0
1523 1.399921369231224 -0.1772780808661622 0
1524 1.422399850778354 -0.2572942823308094 0
1525 1.330413717305044 -0.2364949136642503 0
1526 1.363535099539381 -0.3281589062778555 0
1527 1.264604684616092 -0.3109450287554332 0
1528 1.434270430352223 -0.04862155392608825 0
1529 1.298908575445687 -0.1292288840117095 0
1530 1.302107878270334 -0.4044947952445914 0
1531 1.401199531373712 -0.4205039275229475 0
1532 1.198512423035876 -0.396503983530628 0
1533 -1.22119054133148 0.9393686446134102 0
1534 -0.5094387535379343 1.581552004268471 0
1535 -1.366038333231107 1.544970621106631 0
1536 -1.332127767128657 1.639284496890512 0
1537 -1.24051278409814 1.667593182467308 0
1538 -1.303752251913611 1.742639897962211 0
1539 -1.397304868029703 1.707311809324996 0
1540 -1.379452232831694 1.793606290404971 0
1541 -0.3690948685775284 1.697859118140218 0
1542 -0.4465162606396418 1.737718375296584 0
1543 -0.3759935713221812 1.779011021150589 0
1544 -0.4621249421214541 1.820767907236324 0
1545 0.8443091771906831 0.7473607155857007 0
1546 -1.81764605241531 -0.2268440650780623 0
1547 -2.6648829506301 0.2196395188645582 0
1548 2.658810453957336 1.307600677235514 0
1549 1.517058738208744 2.074624837938176 0
1550 0.06317254116172172 -1.428979061110606 0
1551 1.098603357377763 1.584721960169481 0
1552 1.145643229976251 1.594574182561384 0
1553 1.167961395518725 1.64392532077265 0
1554 1.199418148492467 1.602776678105257 0
1555 1.172756850032171 1.54948882306337 0
1556 -1.596600060586268 -0.3099913953049769 0
1557 -1.522815137026449 -0.3636110966864903 0
1558 -1.438038203446375 -0.3514519068032134 0
1559 -1.464332217767086 1.76134890957942 0
1560 -1.457964682916299 1.848778263696848 0
1561 -1.304160146576067 -0.5770154522735518 0
1562 -2.127099470512388 0.1036846073158006 0
1563 1.809440168898793 1.472730501365803 0
1564 1.861265957912364 1.37195487200119 0
1565 1.919294899899101 1.453159015428191 0
1566 1.962653396248187 1.37120901676882 0
1567 -1.470832352218432 0.6433597205939763 0
1568 1.719727010389989 2.048234568801736 0
1569 -1.238976320658683 -1.063373578297821 0
1570 2.207306592002303 0.6479539086038881 0
1571 2.124624248440322 0.6021146525007141 0
1572 2.290109565894371 0.6650448152532773 0
1573 2.043248130194486 0.6614915791117943 0
1574 2.035681923313203 0.5790414904593648 0
1575 -0.3776659797690238 1.860089691003784 0
1576 -0.4512242283301537 1.902870947511696 0
1577 -0.371893874518356 1.942155550998945 0
1578 -2.712504562070308 0.1385820584150012 0
1579 -1.389358491456658 -1.238831720926288 0
1580 1.161314966523021 -0.2952764565027087 0
1581 1.104902004145638 -0.3655027946497317 0
1582 -1.210034006519167 -1.118396772610233 0
1583 -1.333259736594006 -1.021973840121812 0
1584 -0.4554293557469147 1.980094989636919 0
1585 -0.3891278910490721 2.020833560650182 0
1586 -0.3427256159350263 2.584545178422256 0
1587 0.5689828384352111 2.167532218222942 0
1588 -1.922234965443151 0.6431893766821521 0
1589 -1.970533441262534 0.6405741139812289 0
1590 -2.001501352090012 0.6866085078083632 0
1591 1.391322933644361 2.022765121258709 0
1592 0.3677038474745603 0.0988500450629637 0
1593 0.3347155272141868 0.2156683373685161 0
1594 0.5952803343783839 -0.328774855764563 0
1595 0.5038752033230589 -0.3309927881824262 0
1596 0.4556929348513454 -0.230058923868297 0
1597 -1.054032636143276 0.9246540142403921 0
1598 -0.9659753830869369 0.8521708492456181 0
1599 3.733928403802421 0.5657290448249596 0
1600 -2.980235954800361 0.3464125930696003 0
1601 -3.042924625870453 0.2828910043150168 0
1602 2.724639081866228 1.2982213702381 0
1603 1.231962609266086 1.555479897263336 0
1604 1.202472341859281 1.498215892562944 0
1605 1.336412137205202 -0.4880315450117213 0
1606 1.413087808054368 -0.5074812747585942 0
1607 1.821818111201305 -1.279153798225576 0
1608 1.852302839080409 -1.230044595957321 0
1609 -1.268180332540525 -1.343585147342562 0
1610 -0.4960488199243376 1.494313054395814 0
1611 1.833066218599125 0.3053805586312076 0
1612 -2.25975324984827 -0.0664154590874694 0
1613 -2.169617013924055 -0.07342260511468365 0
1614 1.651102393822323 1.896566793052131 0
1615 -1.821238775778038 2.309279594875479 0
1616 -0.4690673577015977 2.053224959181879 0
1617 -0.3971871768267358 2.096389936014921 0
1618 1.874775590203634 0.9033864367648624 0
1619 1.8088190827763 0.9494984261378644 0
1620 1.890289037816148 1.088851045533456 0
1621 0.1105616314190192 -1.418347846353177 0
1622 0.1427857996991639 -1.454620911242727 0
1623 1.889707380601331 0.3894668195276118 0
1624 -0.1963562757805136 1.621510141736139 0
1625 2.032897843949914 -1.11826309304584 0
1626 -0.233548526601904 0.8446106639260467 0
1627 -0.1117198928612841 0.8465829486442807 0
1628 0.4438074334725195 2.14822234891172 0
1629 -1.376010130188085 1.448618596354736 0
1630 1.9712496486837 0.6278833245681773 0
1631 1.973743218933298 0.7000757643858768 0
1632 1.878686273046878 -1.097635029491477 0
1633 2.089982891500457 0.5245745442410337 0
1634 -0.0166016808585852 1.392582082340261 0
1635 0.06488193973231696 1.382259019832585 0
1636 0.03105049845647985 1.46487546103425 0
1637 0.1166364080691125 1.444272325862425 0
1638 0.09170657482312243 1.516882045739967 0
1639 0.1672891451787038 1.502748902414736 0
1640 0.1402414885301377 1.574350201612225 0
1641 0.1701659610558299 -1.401875692107319 0
1642 -1.642086235456908 -0.525265624522219 0
1643 -1.598278825260252 -0.5335581471813476 0
1644 3.61598779369915 0.4497061582817999 0
1645 2.019536557027394 1.452602349301343 0
1646 2.054374986923951 1.36425456585718 0
1647 -1.902370493810508 -0.2388668890246393 0
1648 1.596973020465379 -0.4317289305621685 0
1649 1.563946983206361 -0.4020048470580592 0
1650 -3.012370107986937 0.1973692819985979 0
1651 -3.092074191544552 0.2091309220768048 0
1652 -3.124954897124686 0.2784675643395645 0
1653 -3.169773513400203 0.2187229170641138 0
1654 1.805309957920718 0.8615524685078662 0
1655 1.741288724924704 0.9115769177632731 0
1656 1.735195952177 0.8423941444316082 0
1657 1.676620135565452 0.87732001108595 0
1658 1.680569566144197 0.8028009975184014 0
1659 1.260256895979424 1.614730936705018 0
1660 -0.9486891626412937 0.9614872777272314 0
1661 0.40303261650742 -0.3144422583151921 0
1662 0.4386438964133003 -0.3986843047860369 0
1663 0.3552438706008401 -0.387551416509073 0
1664 1.419393534468418 1.897132893942392 0
1665 -1.478756904504065 -0.4256397251721476 0
1666 0.2116743771326023 1.56115166235715 0
1667 0.1881173746474343 1.629005781040673 0
1668 2.004276165495782 1.28679839173312 0
1669 -0.3440415401978543 -0.7246237365145332 0
1670 -0.2955265072073311 -0.7289298281088917 0
1671 -0.3187300263234634 -0.6846087400302775 0
1672 -0.2637174988021629 -0.6869671015621619 0
1673 -0.2917789471525326 -0.6362581560931927 0
1674 -0.229456134122535 -0.6384267816932379 0
1675 -0.2030725344519088 -0.695049970631793 0
1676 -0.1584343723704338 -0.6421066909917321 0
1677 -0.1352265738990391 -0.7082181973256392 0
1678 -0.07837990550594323 -0.6469100679704305 0
1679 -0.05367936367939256 -0.7403350010078915 0
1680 0.01413319413801065 -0.6595684683384653 0
1681 -0.2605048258805709 -0.577930948653217 0
1682 -0.3363886571575475 -0.5855558121245433 0
1683 0.056397055962026 -0.7497154834735105 0
1684 -0.008014911550970619 -0.8240083855548499 0
1685 0.1123607158821966 -0.6728551778204678 0
1686 0.07330914326797937 -0.583715466455063 0
1687 0.162476184972601 -0.5960269973453565 0
1688 -0.2948516826859803 -0.5116467343381886 0
1689 -0.3738893481139734 -0.5128167542259908 0
1690 2.555090112996451 1.601667436531354 0
1691 0.1320421532490176 0.1643341157941646 0
1692 1.136908974305438 2.000587187938134 0
1693 1.257331092451704 1.760344647517205 0
1694 -0.373413007445667 2.661908378819035 0
1695 -0.2143262400166257 -0.5139778081028731 0
1696 -2.718226455027795 0.5168390865457583 0
1697 2.570125363990128 1.429665654780786 0
1698 2.529376226400849 1.386447077487842 0
1699 2.519668775237963 0.5679062484976155 0
1700 2.48730809854233 0.6007697977437099 0
1701 2.437967364522582 0.5868604974358387 0
1702 2.532093960674689 0.6128630003724985 0
1703 2.454553265687222 0.6390544545043042 0
1704 2.09920792184818 1.287299650633116 0
1705 2.140664535849355 1.361050020556018 0
1706 -1.957895308370864 -0.1760739728283461 0
1707 -1.807915289257169 0.06268419238078718 0
1708 0.0767848184940368 -0.8378556115041111 0
1709 0.02575043039121538 -0.8996249451346374 0
1710 -0.05856865901918933 -0.894434498396605 0
1711 -0.02262792564673415 -0.9750414637867481 0
1712 0.1039258805035119 -0.9091433829902557 0
1713 -0.6941411254673162 1.118604744619282 0
1714 1.880186910668327 1.727416562946755 0
1715 1.966338975728078 1.526985351364818 0
1716 0.8150582003921947 1.184191222769091 0
1717 -3.202592595722715 0.2905703950874449 0
1718 -3.248908753210321 0.230706353355623 0
1719 2.188082695835149 1.293509031775227 0
1720 2.230613681514179 1.374180353064042 0
1721 2.272206815384798 1.293411104926711 0
1722 2.314152438134938 1.368345899693608 0
1723 -2.416651533531268 0.5852264829317005 0
1724 1.625903083312349 -1.217703078746761 0
1725 -1.215899927181368 1.752822467567596 0
1726 -1.156464274800745 1.701271186292398 0
1727 2.774950285204821 1.425882901127742 0
1728 -1.362508492813413 -0.837969795347565 0
1729 1.563678617678091 1.815454286683307 0
1730 -2.850987914412185 0.559251512353246 0
1731 0.254910084617568 1.614539777758105 0
1732 0.2353113660296447 1.681948744413796 0
1733 1.243903211843143 -0.6323427231442289 0
1734 1.288143986875952 -0.6341660421953219 0
1735 1.312948712809434 -0.6755297747795953 0
1736 1.340385732816939 -0.6322019818832723 0
1737 1.366710716737062 -0.679959776987567 0
1738 1.557224446851622 -0.4494718444961798 0
1739 -2.225423031012531 -0.1494125848843382 0
1740 -1.214830235818805 -0.5978156953462354 0
1741 0.3013280518606799 -1.239665354659417 0
1742 0.2833061392841512 -1.278622370882965 0
1743 0.3000760964124735 -1.3201333304662 0
1744 0.2494163652637228 -1.24405670667634 0
1745 -0.6435857547647962 0.8911605669263021 0
1746 1.680803052584179 -0.7596892806203811 0
1747 1.649746337390035 -0.7969672021760368 0
1748 1.673074689846657 -0.8469448158931945 0
1749 1.615421146339903 -0.8392080130168316 0
1750 1.637014961727303 -0.8927599144122531 0
1751 1.595252741722087 -0.7850870039353339 0
1752 1.556391704655243 -0.8302597010215763 0
1753 1.535066293922148 -0.7696443853796404 0
1754 1.429663867359684 -0.9674001568638438 0
1755 -0.5181588341415621 1.764940180642211 0
1756 -1.366442181027095 1.877781520133955 0
1757 -1.427795872925905 1.930275845438747 0
1758 -1.507751988934152 1.912027543072139 0
1759 -1.483037653820036 1.982455539409778 0
1760 -1.571478179193786 1.963729237142728 0
1761 -1.532600630303079 2.039995484304917 0
1762 -1.481345235648214 1.683589170948542 0
1763 -1.097225608062584 0.7105504448415805 0
1764 1.126022301299437 -0.4415091476185344 0
1765 1.046124929364386 -0.4290245606226153 0
1766 1.022093583859765 -0.3469288359650603 0
1767 0.9686014239658226 -0.4032726277623718 0
1768 -1.613751272299523 2.020844220730109 0
1769 -1.593516885000736 2.086881596664688 0
1770 -1.828182679123079 0.4333098148422667 0
1771 -1.779957364653426 0.3432192803574062 0
1772 -0.6319862045727513 0.5762827728564499 0
1773 -2.429612465506772 0.8012262893726649 0
1774 0.1983579145112276 -1.465283030204604 0
1775 1.495548082669917 -0.8197639345655077 0
1776 0.3910458804502209 -0.4648795938617392 0
1777 0.3066324025810379 -0.4524177273083588 0
1778 0.9432557714579138 -0.3322845726133657 0
1779 0.8977306710274303 -0.390282429056119 0
1780 -1.442565353795852 1.492777297011088 0
1781 1.67305190654074 0.9531510429613156 0
1782 0.3010951105053781 1.66327792287977 0
1783 0.2877902932900105 1.737879398584112 0
1784 0.144681900339393 1.373321795723208 0
1785 1.789290160926788 -1.38869684481543 0
1786 -1.876785440407327 0.6456968487656902 0
1787 -0.4689648579101259 2.131234687399171 0
1788 -0.4020034576801267 2.16862700290754 0
1789 -0.4627039121560406 2.202247938338743 0
1790 -0.404912245314993 2.236807229972266 0
1791 0.135686912356415 -1.128287854438902 0
1792 0.08631218310404501 -1.082729062248691 0
1793 0.02315321507107698 -1.097805051282955 0
1794 2.153173162571722 1.544790352844115 0
1795 -1.063700886413775 -1.267163585371503 0
1796 -1.104243577459787 -1.250944110903063 0
1797 1.399598908026068 -0.6302390961833717 0
1798 1.92577484042185 0.3038750295414108 0
1799 1.972653108735408 0.3777707565952337 0
1800 1.881705483280005 0.2466202509300395 0
1801 -2.701544457654544 0.7267287121592927 0
1802 0.4550069823757897 0.1836091655156743 0
1803 0.4205739184404504 0.2994201336286138 0
1804 1.519477279879903 -0.8801716809372852 0
1805 -2.287112810672368 -0.1294568328621079 0
1806 -1.6161939453464 -0.488677347940969 0
1807 -0.1875861790715554 -0.7552592044086017 0
1808 -2.62376515726547 0.1319519224281391 0
1809 -2.67832022603649 0.05168198412314932 0
1810 -2.762016460832849 0.06007699827502311 0
1811 2.171975605814001 1.505782156632809 0
1812 2.227392902841261 1.505465536320475 0
1813 1.448117610184155 2.141055921989746 0
1814 -0.4053836815203508 0.7393751790268506 0
1815 0.1347342709587538 -0.5147595873224727 0
1816 -1.417813236392562 -0.699049937599249 0
1817 -1.433581768685746 -0.63009246536158 0
1818 -0.513505099927424 1.279002760447064 0
1819 1.867658826052881 0.8330962859831765 0
1820 2.552646927854798 1.323099069855277 0
1821 2.356828433860107 1.299800307448608 0
1822 -1.851014208434322 -0.3098972948908518 0
1823 1.707360367622745 1.755690127907255 0
1824 2.271409584700794 0.5963974863252199 0
1825 3.76358174976489 0.477085582453355 0
1826 0.2411309745625168 -1.311820396566705 0
1827 1.855187487318869 0.4699048461617858 0
1828 -0.408206834934183 -0.576118102783054 0
1829 -0.4546429237681152 -0.5237440073680957 0
1830 -0.4148779266135655 -0.4415096330953787 0
1831 -0.4971064720473843 -0.447414761928351 0
1832 -0.5325980688305276 -0.5177059489677628 0
1833 -0.5761419785099984 -0.4567147724941803 0
1834 0.3951015637618616 -1.440024330940974 0
1835 0.3614689091349352 -1.435605214962536 0
1836 -1.154185940474024 -0.7764327679501889 0
1837 -1.89388109485723 0.600158416634836 0
1838 -1.833838197650288 0.6123949026762592 0
1839 -2.937362034849488 0.4126546547368368 0
1840 0.1981769950104266 -0.6645156326840567 0
1841 0.2400961542202183 -0.6062098914518621 0
1842 -2.006191080941253 0.8498475457539252 0
1843 1.301429504981481 1.557649828591554 0
1844 1.47378492465786 1.581508000513444 0
1845 1.330269595599399 1.625267256146982 0
1846 -1.258261954150896 -1.171652643171424 0
1847 2.065259129548759 1.083445784852917 0
1848 -2.142006200339827 -0.1536308803282953 0
1849 -1.941645078110818 0.2672972812926324 0
1850 -0.0167362718703044 -1.382460616949197 0
1851 0.3439309217661936 -0.5277980556596251 0
1852 -1.987449637568153 -0.2581043949150655 0
1853 1.610296476741557 0.8410430621497086 0
1854 1.608843553261579 0.7676018052887718 0
1855 1.670095585676687 0.7295845180482863 0
1856 1.603200072680188 0.6976028800239706 0
1857 1.539683943413378 0.7324385058028523 0
1858 1.33092411315504 0.2755511306161112 0
1859 1.821427005960244 2.066273046543653 0
1860 1.500609707424726 -0.265273756345553 0
1861 0.5632587084520373 -0.04674218336544859 0
1862 2.025996743008824 -1.314928243284372 0
1863 -1.580975459098855 1.889932267747882 0
1864 -1.768883066637932 -0.3002935404130125 0
1865 0.5385870165152199 0.2734442869085884 0
1866 0.5050146013112189 0.3846968420185604 0
1867 0.6197791192712379 0.3616126012716768 0
1868 0.5875540056767472 0.4734185771453164 0
1869 1.907204627216313 -1.135454712446633 0
1870 0.02688520291638372 1.537317995073438 0
1871 0.4752981210469105 1.021658464922717 0
1872 0.2707710831520234 -1.367390381829869 0
1873 -0.9908953412856963 -1.282687112889149 0
1874 -1.537916681280554 1.738161206363517 0
1875 1.374676799802303 0.1636551548246918 0
1876 1.64866461942734 -1.181166840567863 0
1877 -0.9742940492779897 1.514635198370359 0
1878 1.424500585175938 -0.6862014434804187 0
1879 1.459196830202407 -0.6363843169160422 0
1880 1.266678737609746 -0.5912411289071441 0
1881 -0.6027319913966052 -0.5229728177155493 0
1882 -0.6482280542729326 -0.4691022203378374 0
1883 -0.620677119572052 -0.3928271630425431 0
1884 0.5785918534269503 0.7476066563050315 0
1885 -0.5180085667010954 1.940272563775112 0
1886 -3.007633006964745 0.4275706348634826 0
1887 2.130914029612205 1.512057349199486 0
1888 -0.8619909109222097 0.6405016110447583 0
1889 -0.9438147869879986 0.5556419096687755 0
1890 1.624110282818129 -1.300831368813704 0
1891 0.5393505165080037 2.243241570722024 0
1892 -2.027466393544507 0.6356730914097261 0
1893 1.488103492052173 0.1538407640149669 0
1894 3.700016775616809 1.165362706349097 0
1895 -3.673881523050913 0.07324701824412919 0
1896 0.3041879446978499 0.3265297441729998 0
1897 0.3640586139560595 -0.6318466363070966 0
1898 0.4735726113234658 -0.4730352066539118 0
1899 -0.3033713122139814 1.740301098214863 0
1900 -1.452962059489378 1.421419140280669 0
1901 -1.398028933574766 1.37192493083324 0
1902 -1.35414054888554 -1.149305973419897 0
1903 0.3421039077986839 -0.2229081314943686 0
1904 -2.086721207768355 -0.09010491254390049 0
1905 -0.3228220231407733 1.997867902237254 0
1906 -3.154526614148586 0.3476501889005416 0
1907 2.800239776574199 1.063501102615259 0
1908 2.828349649255161 1.142602348573372 0
1909 2.874011898058837 1.080183177221533 0
1910 2.900505358706541 1.157105991820314 0
1911 2.945132768977129 1.099642422461554 0
1912 2.971952935886348 1.165128243107308 0
1913 2.931364645062779 1.225998557196119 0
1914 2.999261367274811 1.23303836673561 0
1915 3.038419578598629 1.177011967424938 0
1916 3.068654862859285 1.246778661968632 0
1917 3.108747625257424 1.177767400414773 0
1918 0.9997901335828978 -0.2696638835697707 0
1919 -3.758262615589861 0.1061292529311302 0
1920 -2.586934549361436 0.05210943225023064 0
1921 -2.628667981715432 -0.01985409187634329 0
1922 -2.55285022834167 -0.01788635752942093 0
1923 1.981477370228233 -1.314822374844335 0
1924 1.572723670316619 -0.3568477076772597 0
1925 1.522116176279397 -0.3747630050766294 0
1926 1.226444848786882 1.81517316935488 0
1927 0.7035287888318745 0.4576116180645434 0
1928 0.1170239813663331 1.647459065073711 0
1929 -3.283416205959334 0.302729217936337 0
1930 -3.320808303170415 0.2394942596883007 0
1931 -3.296633306479745 0.1752458438855873 0
1932 -3.363630289509996 0.1945056292463754 0
1933 -3.38787609517923 0.2569516934184741 0
1934 -3.42713807198873 0.2024270709894784 0
1935 -2.804888518428823 0.5570293253679552 0
1936 -2.832280963083906 0.5174959302716915 0
1937 -2.324176479336075 0.4179515000685786 0
1938 1.849153353789497 -1.061981686307387 0
1939 -1.391401673975283 -0.4418759304064968 0
1940 -1.338775337871096 -0.3411376709986741 0
1941 -3.061552153053725 0.1350937143435847 0
1942 -2.992736402363036 0.1241806245896466 0
1943 0.06528698391569054 -1.346531150255206 0
1944 0.6993274974987576 1.05415025873754 0
1945 -2.059874574361206 0.6894574959338122 0
1946 1.912413960319719 0.667336091989874 0
1947 2.749185218025104 0.8363493415396729 0
1948 2.707494647930313 0.8223261396212289 0
1949 2.742422673106046 0.7891759984658118 0
1950 2.690257046264734 0.7724574568707184 0
1951 2.734327177424435 0.7336662119344526 0
1952 2.676134720674245 0.7144407985963663 0
1953 2.661040873822479 0.8171280850897242 0
1954 2.793608871943055 0.7609226906403138 0
1955 2.782380463968972 0.6977885657324263 0
1956 2.839767616448176 0.7174098174921875 0
1957 -1.458366621447138 -1.214300516066822 0
1958 3.14839397673802 1.253903950061674 0
1959 3.187907639864765 1.193828401786231 0
1960 3.166976802564547 1.130024950573374 0
1961 3.23160109020705 1.146524435353672 0
1962 3.254541004360599 1.203988042011387 0
1963 3.29360435066648 1.158046883976831 0
1964 2.677856944528336 1.244051934938132 0
1965 1.693562584389974 -0.8964825590532748 0
1966 1.65710181486846 -0.9475056045205561 0
1967 2.388920908136198 1.374958080300843 0
1968 -1.80199466461924 2.383347743459946 0
1969 1.808950200007046 1.265155678751506 0
1970 1.904218161823957 0.7331240022516461 0
1971 1.969493797188853 0.7678406745766267 0
1972 -1.068117847142721 -1.223184345512753 0
1973 -1.113345708858074 -1.199231405879671 0
1974 -1.158029153796493 -1.243546062696997 0
1975 1.519773394053586 2.216058596293287 0
1976 -1.337754959696877 -0.8991320886430001 0
1977 -1.2416692216027 -0.5182815063475952 0
1978 0.2442523012209221 1.493688726957662 0
1979 -2.183832756758532 -0.2224732962707316 0
1980 -2.101348650875118 -0.2192973248365659 0
1981 -0.1713163863748935 0.9495647685953232 0
1982 -0.05122384417797882 0.9503782927675679 0
1983 -1.527769241457059 2.112275332936174 0
1984 -0.1138189636704128 -0.9574520330873784 0
1985 -0.08597833094687926 -1.022194478165019 0
1986 -0.1381068740102311 -0.8869251092672441 0
1987 2.006063851661286 0.3043875517776936 0
1988 2.044850635459585 0.3683193331848847 0
1989 -0.5192824074295421 2.09175751863407 0
1990 1.829491075801293 -1.107099510240322 0
1991 1.795940168127481 -1.055387883271376 0
1992 -1.348580156884838 1.955750497941896 0
1993 -1.30025242281949 1.907312871577022 0
1994 0.1600990692978098 -0.8604061113774893 0
1995 1.903946748419609 0.6030824090690592 0
1996 1.860930191313206 0.6439195479578246 0
1997 2.352831206462325 1.431871335246989 0
1998 -0.2787728638522342 -0.7734137716237496 0
1999 -1.220785748171215 -1.389183070290376 0
2000 0.1521432558333392 -1.52692005038845 0
2001 -0.02330696392911933 -1.454880687537099 0
2002 2.855193092213606 0.9468809740185221 0
2003 0.17467884407102 -0.9279617873518491 0
2004 -1.140500088869916 1.7824087359117 0
2005 -1.08910326670133 1.730636976030423 0
2006 -1.094643278828357 1.658520428950201 0
2007 -1.035374663384724 1.689629351709398 0
2008 -1.196393888502675 1.824178015640163 0
2009 0.04034821559035905 -0.4937727494513345 0
2010 0.009637477314141692 0.8471450731339762 0
2011 1.889498240013217 -1.286398713717679 0
2012 -1.580304808618596 -0.5748503985247633 0
2013 -1.549101244721325 -0.5398744069263339 0
2014 -2.697425601273812 -0.0209713354451404 0
2015 2.397416970006931 0.6238400705952398 0
2016 2.418449287618215 0.6815954740069536 0
2017 2.486149611127909 0.6978560777053584 0
2018 1.664910367558942 0.6601934425680804 0
2019 1.731277392811954 0.6930898248020648 0
2020 1.723760444846893 0.6267414227155452 0
2021 1.596894587234332 0.6263411032412504 0
2022 1.91169968525015 -1.228578024802488 0
2023 0.2120615962062607 1.746586096309258 0
2024 0.2486307754357924 1.805635494715737 0
2025 0.320728531585464 1.797673981590971 0
2026 0.3002949715669939 1.854444052812456 0
2027 0.3609576388153289 1.845391543043375 0
2028 3.314759155917081 1.212099629622451 0
2029 3.356565913844944 1.164582005292975 0
2030 1.256725179523891 0.1785208588242927 0
2031 1.302396929028772 0.06926574563643564 0
2032 0.9047025780126212 -0.2575888252787635 0
2033 -1.919780221272449 0.02034573950344453 0
2034 -0.866734784181448 0.883715615635049 0
2035 0.3400735418017203 1.902078205498398 0
2036 0.3965936480137153 1.89482342130374 0
2037 0.1300773659203584 -0.9709686786088575 0
2038 1.459728675892573 1.677527166346588 0
2039 -1.308179038200023 1.833402019946684 0
2040 0.9041007638493169 0.8558924142711393 0
2041 0.9465167579901115 0.7462646413393685 0
2042 0.8766477947038397 0.6475158872060999 0
2043 3.022959688559131 1.294161491594643 0
2044 -2.454113243917623 0.6349313828654096 0
2045 -2.382856101280717 0.641261744613271 0
2046 -1.800905662057566 -0.3643208869763582 0
2047 -1.72763695723561 -0.3583046306682021 0
2048 1.514193789133355 1.836000262848981 0
2049 0.2684605807573031 -0.3744397913265578 0
2050 -1.493561348773755 -0.6692320632402877 0
2051 -1.471448201155177 -0.7312714559553526 0
2052 1.968044355958702 0.2605723026824877 0
2053 -0.4445682379227855 2.689686361277148 0
2054 -0.5749373112110421 1.531139976200571 0
2055 -0.5866494811525494 1.606755303283798 0
2056 -0.4582366319997649 -0.3664793547227205 0
2057 2.04244629199914 -1.188214103905091 0
2058 2.003714947276831 -1.204146023187862 0
2059 1.954460835953654 -1.132984743055943 0
2060 1.580787781061928 -0.7286955693464489 0
2061 1.134418832389609 1.495873539689526 0
2062 1.170977168825471 1.438229774926299 0
2063 1.24173383453547 1.442982617914771 0
2064 1.209817636856074 1.377319935041012 0
2065 1.133300449538291 1.37788591552829 0
2066 1.166561093540348 1.313029788424217 0
2067 1.09166868249592 1.316888010973773 0
2068 1.123722710016693 1.250043266723385 0
2069 1.043856724692892 1.257758383398129 0
2070 1.082438641131582 1.185534186015189 0
2071 1.008885858483926 1.191705335181565 0
2072 0.9750673456554797 1.250042441767722 0
2073 0.9449732693685019 1.194702720650895 0
2074 0.96838938225559 1.135073007046554 0
2075 -0.4694181541873602 2.273072961725918 0
2076 -0.4087400843549556 2.304467856135253 0
2077 -2.536512792726751 0.1195470199308984 0
2078 1.925193857652832 0.8546939400360706 0
2079 2.02361750637478 0.4337881629912508 0
2080 -1.749814837414136 -0.4116001978113714 0
2081 -1.695778501242851 -0.4099369735321062 0
2082 -0.672103272166679 -0.5403242122358969 0
2083 -0.7157135308377346 -0.4805276677273819 0
2084 1.721212664180316 -0.9487297577507525 0
2085 1.687555989130879 -1.016574100104179 0
2086 1.618391571953321 -1.003585445771469 0
2087 -1.168774365940317 -1.063387035306207 0
2088 1.175971889280399 2.062665292048511 0
2089 2.28252648409175 1.435122990409827 0
2090 -0.3012070085000002 0.9422509015300565 0
2091 0.7377147987862651 0.3429193619137378 0
2092 -0.252047828146688 -0.4480657838386415 0
2093 2.513031605705863 1.440658559062291 0
2094 2.553305067340653 1.482440391516445 0
2095 -0.5201884778305814 2.229830307574719 0
2096 -0.7831208399637625 0.7218275710718383 0
2097 2.149355433137371 1.225509873446204 0
2098 -1.650626929408059 0.2173006523213909 0
2099 -1.98305728809166 0.5879960176053232 0
2100 1.081619321093146 -0.4902628349913874 0
2101 1.136378579807913 -0.5078021370863738 0
2102 -1.664968389267552 2.068599700765213 0
2103 -1.641025845808572 2.132485800249519 0
2104 -0.3406508355216008 2.132334900379873 0
2105 -1.680049518400697 2.006723158980904 0
2106 -2.777792765007969 -0.006662092596846448 0
2107 -2.242939033078801 -0.2123379620829867 0
2108 0.414116059689147 -0.1268190843751516 0
2109 2.08513500218243 0.416626829502907 0
2110 -1.209009982945729 -1.009397876432806 0
2111 -0.7418091842496606 -0.5415774922474457 0
2112 -0.7818306051180205 -0.4885991233015999 0
2113 0.6746247972558872 -0.3530747507718437 0
2114 0.6247389608031795 -0.4064517157754505 0
2115 0.6884180309709453 -0.4172480963724625 0
2116 0.5133998661653607 -0.4152705700839524 0
2117 1.650021769443999 -0.1369488761347017 0
2118 0.5609016302475391 0.849909597387654 0
2119 0.4880992650035374 0.7871661028437036 0
2120 -1.499171047169139 1.465660196601955 0
2121 -1.496828219494662 1.537031039488271 0
2122 0.4280436458999499 -0.5295059562371068 0
2123 1.844494355056026 -1.333422093635958 0
2124 -0.5726016543959495 1.4472636166329 0
2125 -1.040511527566605 1.027332276176568 0
2126 -0.9135817038486251 1.069184199926809 0
2127 -2.376012132933889 -0.04570996432024885 0
2128 1.595481869611456 -0.4782018295000691 0
2129 1.548988118707832 -0.4983430824574724 0
2130 -2.357417458688456 0.5914402594271736 0
2131 1.838376064403388 0.5860719742667401 0
2132 2.000834085704413 -1.247684444485498 0
2133 0.6159192249850753 -0.5159372666280139 0
2134 0.5727728483875724 -0.4911089175931379 0
2135 2.825396770738685 0.6621196012050732 0
2136 2.883877275901367 0.6701904919021978 0
2137 2.897446160605418 0.7353909247254548 0
2138 2.945049707893713 0.6997809762209958 0
2139 2.938459671164511 0.638822422001208 0
2140 2.993290887456745 0.6617440420073661 0
2141 3.003896899133434 0.7292741312985208 0
2142 3.052293456265982 0.6841182434616184 0
2143 3.039495001707159 0.614721480041302 0
2144 3.101881755993789 0.6428413751436848 0
2145 1.613813515602875 1.797111239373477 0
2146 -1.552559815769653 1.670657087298569 0
2147 0.6035513378713605 2.28750220070933 0
2148 0.3793414924422036 1.94884276028477 0
2149 0.438000665212931 1.940641038982581 0
2150 0.4182024322455596 1.994297566561492 0
2151 -2.029276207757576 0.7357021736088886 0
2152 0.907386128662135 1.150558313245026 0
2153 0.9245790908408122 1.08530538124698 0
2154 2.195785303448592 1.464732234244499 0
2155 -2.776188376502857 0.5975846401940229 0
2156 1.25014552262333 -0.4847622190264314 0
2157 -2.587305456326412 -0.07631687754161107 0
2158 -2.519616609023504 -0.08112098263491371 0
2159 -1.405037273847596 -0.8970463552019932 0
2160 -1.425556702346819 -0.8358988236138774 0
2161 -0.4593577237114442 2.338054501640091 0
2162 -0.4105618615627018 2.368034385364168 0
2163 0.1861600468313381 -1.171845941583867 0
2164 0.202412890447024 -1.11165337744119 0
2165 0.4753397299237941 0.4898199381889851 0
2166 0.2717323383339674 -0.6616429417303501 0
2167 0.2357514905866931 -0.7252005624638567 0
2168 -2.335479833286474 -0.1966477802490184 0
2169 1.060762096553387 1.385389873726851 0
2170 1.024010953730483 1.324755304203127 0
2171 2.738721972284708 1.242122705961997 0
2172 2.790961400423613 1.281650116481904 0
2173 -3.232497980182771 0.3582717006133697 0
2174 2.413896266624218 1.439284952957896 0
2175 0.2752358035008899 1.55257634574129 0
2176 0.3180264724909613 1.599278197659104 0
2177 -0.4001652915655051 2.744880249783225 0
2178 -0.0945937096156996 -0.8235550535910302 0
2179 3.369577003208229 1.220583378611029 0
2180 3.419044585935764 1.183450933236366 0
2181 1.299196385740578 1.386352225838982 0
2182 -1.155622293240345 -0.5491621568240195 0
2183 -1.137601158654978 -0.6180018113446398 0
2184 0.9242149717641727 -0.4599517749919744 0
2185 0.8567819332563837 -0.4422472366406909 0
2186 0.8278969684664981 -0.3825795158263511 0
2187 0.7942255129912819 -0.4378534877850978 0
2188 -1.03059319989055 1.623642787910891 0
2189 -0.9801880314638521 1.659787401599839 0
2190 -0.3606283695564074 2.33838968757075 0
2191 -3.315366329512835 0.06118152455355919 0
2192 0.9889729875472869 -0.4677011484683991 0
2193 -3.049515650170284 0.3637309223715378 0
2194 0.384507380117499 1.787378370644101 0
2195 -1.148020895663421 -1.124382638457118 0
2196 1.387813082859439 -0.7366523107268873 0
2197 0.9952266433133115 1.069504053862214 0
2198 0.9487935352433137 1.012184761241051 0
2199 -1.862247871167445 0.5538263788075003 0
2200 -1.7975792031999 0.5546159661356574 0
2201 -1.767800102659584 0.611584671115129 0
2202 -1.729320988969028 0.5582012745451013 0
2203 -1.702500142421041 0.6231553292650256 0
2204 -1.750089461734942 0.6770324862675131 0
2205 -1.67724164168574 0.6858114125385684 0
2206 -1.630785909638406 0.6356694629559576 0
2207 -1.606076101102869 0.7004033461320369 0
2208 -1.658466573661475 0.7534654326009651 0
2209 -1.588301697829427 0.7657357260261819 0
2210 -1.717864017157839 0.4211019269199643 0
2211 -1.183830390359759 -0.66418523742661 0
2212 -2.799378602272889 0.1318208500348386 0
2213 -2.840749397565208 0.06734682255282279 0
2214 -2.878859069137794 0.1179933979054896 0
2215 -2.91510486497529 0.051994243133482 0
2216 -1.531962093735699 -0.5851405888398005 0
2217 -1.493001943867759 -0.5408782283425466 0
2218 3.331128965576796 1.115035752377949 0
2219 0.181694834407212 -0.9809439964442254 0
2220 0.1377236148121387 -0.7876810356019652 0
2221 0.2001588274821405 -0.8127746676953269 0
2222 2.559647786390141 1.174375725057417 0
2223 2.083471570456712 -1.280586573762905 0
2224 -1.656814041039226 -0.223226153812595 0
2225 1.521238980993305 1.780034747345779 0
2226 -3.331990397896434 0.1000038677983061 0
2227 -3.283185916560659 0.09528938485517491 0
2228 -3.379332750278034 0.1056564291447248 0
2229 1.622763067891457 -1.14306094184529 0
2230 1.671791296328134 -1.138716870099653 0
2231 1.636446802770658 -1.097724182615307 0
2232 1.684044858342885 -1.084429208273033 0
2233 -3.077546356056162 0.4290683732209128 0
2234 -2.414825571764663 0.685977112338771 0
2235 2.318609202369239 1.212176267185328 0
2236 2.435090247365639 1.316803700739788 0
2237 1.773831323517213 0.6533261178660816 0
2238 -0.297047367183749 1.669645249432659 0
2239 -1.928126133560375 -0.3105408281022026 0
2240 3.108620100051339 0.704829114270934 0
2241 3.158073239280201 0.6672762975443123 0
2242 3.154816419932063 0.6069632720772431 0
2243 3.210033097899121 0.6313827194037005 0
2244 3.20640429595468 0.5736640668490774 0
2245 3.26169802670414 0.5953448022247467 0
2246 3.265369279908299 0.6553649084674853 0
2247 3.323364431235036 0.6262156800576265 0
2248 3.310817169379551 0.5567442907194236 0
2249 3.371337206979196 0.5813754166094176 0
2250 0.9841498645676819 0.6373112471264972 0
2251 1.883915479560359 1.535049066489118 0
2252 1.932747061593271 1.601993493431137 0
2253 2.002511515441259 1.58651350092486 0
2254 2.039969762725666 1.532619927600025 0
2255 1.811893166709282 1.563410106541024 0
2256 -0.5650162154883582 -0.5742600683398414 0
2257 -0.4998249375546149 -0.5808664465518962 0
2258 1.511980896784096 1.938603677455369 0
2259 1.473457380259094 1.963894488114112 0
2260 1.469497434046545 2.01508556851372 0
2261 -1.371845483438647 -0.9418215631910503 0
2262 3.389244140133889 0.6427028299713462 0
2263 3.425384889496533 0.6017519006958995 0
2264 3.424470197637986 0.5438418643370352 0
2265 3.474453953795626 0.5765549372370098 0
2266 1.144376347285938 1.683238892693602 0
2267 1.183042975952469 1.684788309792774 0
2268 -0.2237985902366586 1.064412377900419 0
2269 -2.049422454748715 0.5739557681750918 0
2270 -0.6427526710135734 1.564376566592565 0
2271 -0.7570574063000006 -0.4257115778400999 0
2272 -0.8343627093694096 -0.4400523681554838 0
2273 -2.809974258682812 0.4027161063691072 0
2274 -1.527594701213191 1.80546252656797 0
2275 -1.59780065819122 1.792218227420027 0
2276 -0.4627560570856797 0.6427046353458225 0
2277 -0.4095413058731974 0.5376682589787407 0
2278 -0.527608405793036 0.7439611926816087 0
2279 -0.5356666857324425 1.656887799279553 0
2280 -0.6016155319214276 1.671172534155945 0
2281 1.731781801859908 0.7562126782427749 0
2282 1.775208420310448 0.8007620852311101 0
2283 0.0840095011914147 0.9522592770493237 0
2284 0.01372996259973154 1.045330640876932 0
2285 0.1147850091934472 1.054492620181107 0
2286 1.689822265939407 -1.244200369702035 0
2287 1.768193917803742 0.243986466268617 0
2288 1.736146629379703 0.1685505984489928 0
2289 1.83452841251727 0.1803643450455092 0
2290 1.647770457849962 0.1631377749398656 0
2291 1.696568089894599 0.1002491504539959 0
2292 1.762536349715919 0.09719876917375928 0
2293 1.621392688792883 0.08655528575997658 0
2294 1.735874466906912 0.04775007070112711 0
2295 0.5266495305952498 -0.5153304802598552 0
2296 1.824062422323628 2.133204003117019 0
2297 0.7487622125604264 -0.384190190401085 0
2298 -0.2971880725504057 1.817329929157563 0
2299 -0.3097104662194872 1.88841995929659 0
2300 -0.253423652529029 1.863617429228675 0
2301 -1.698621436719552 2.124792618547128 0
2302 -1.684763553662205 2.175538179499487 0
2303 -1.623324203227483 2.192768812837698 0
2304 0.3215220640406333 -0.6409561891865775 0
2305 1.498454485689775 2.259708885090787 0
2306 -0.4360984406880677 0.9291156257756549 0
2307 1.865975153278254 1.602816044721754 0
2308 1.887841856388255 1.652320868248166 0
2309 -2.230435404449082 -0.2603622373652876 0
2310 -2.958662936701719 0.4733132025173586 0
2311 -2.906719031232245 0.4701489234989122 0
2312 2.207618708653112 0.5704669584901095 0
2313 2.180117608407399 0.4797758254303922 0
2314 2.26713444767137 0.53722662166244 0
2315 2.320424246642692 0.5561421628928473 0
2316 1.508605741179646 -0.460808549075673 0
2317 1.487894302102437 -0.5215693842586048 0
2318 1.55276678370338 -0.5559785514351958 0
2319 -1.475985113463518 1.352431780802549 0
2320 -1.420563146384729 1.30381655799086 0
2321 -1.347965539183356 1.318534177242854 0
2322 -1.374107604268234 1.249102469534567 0
2323 -1.410682225026623 -0.549107297386549 0
2324 0.1551269848133071 -1.020978318816335 0
2325 1.983472633285243 1.63903830807638 0
2326 -0.1766233935338657 -0.9339717957210321 0
2327 -0.4951594836104801 1.396260824079486 0
2328 -1.48513565682861 1.285714551130164 0
2329 0.4899056089998327 0.6782952889931921 0
2330 -1.631933244788818 1.929750391937353 0
2331 -1.646259110633278 1.877783144175317 0
2332 1.840487112693642 -1.434204788070627 0
2333 3.154134229776963 0.5472675004996466 0
2334 1.105287359039201 1.437095786636838 0
2335 1.92257246000425 0.2011665258724707 0
2336 -0.5107434960307442 2.173923928632679 0
2337 -0.6222998556022055 -0.5797203426363751 0
2338 3.273109577892176 1.106353490282979 0
2339 1.572336575412729 0.2372899133725268 0
2340 1.164328931156996 1.178836503846969 0
2341 2.381314306796237 0.5630640605225514 0
2342 2.776634526977933 0.6434292545789555 0
2343 -0.163561720648497 -0.4243409632260303 0
2344 0.3281137309453969 -1.369264034452017 0
2345 1.523474393036541 -0.7078326815657322 0
2346 1.575457897690473 -0.6656984950772729 0
2347 -0.6557763576248373 1.63559766118741 0
2348 0.6467532585356763 -0.484090252299848 0
2349 -1.118579577603671 -0.6850826861226209 0
2350 2.600484917136797 1.595195984482547 0
2351 -3.038047022023806 0.06713280951963457 0
2352 -3.095185417835613 0.081936268913539 0
2353 -3.136460546822792 0.1382400359493086 0
2354 -2.975422763647057 0.06722890525059774 0
2355 1.776598531184312 0.6022511311477804 0
2356 1.769747527614755 0.495889165203403 0
2357 -1.671716291625294 2.226716976704008 0
2358 -1.71822637932024 2.217156380259194 0
2359 0.1973771475590494 1.430761153888871 0
2360 0.2106446602626766 1.364675322663844 0
2361 0.1784161642021044 1.310503370237684 0
2362 0.1001349397784945 1.307459436604417 0
2363 0.1447754843363665 1.246239350251433 0
2364 0.2226869458808991 1.256709530904653 0
2365 0.1850939987181432 1.189423307271886 0
2366 0.250836797458151 1.192460127762171 0
2367 0.2229009419007964 1.131475460517161 0
2368 0.2863963026676586 1.240178074912816 0
2369 0.2926408158347008 1.144000834246089 0
2370 0.2672899655506861 1.06452216932439 0
2371 -0.4492919318014735 -0.6224418216695075 0
2372 -0.1273272201713735 -0.5508314235130788 0
2373 -1.893718936504107 -0.3574264192597868 0
2374 -1.942613676560468 -0.3654448282246513 0
2375 -1.991589763142424 -0.3335050586595448 0
2376 -2.034570775202851 -0.2941433171967509 0
2377 1.963315631662063 0.5537335523184741 0
2378 0.03768295013942213 -1.032597021265566 0
2379 2.331661178124457 0.8078404505536363 0
2380 -0.5218274199036402 2.003415295497063 0
2381 -0.5833530289527021 1.970809152994869 0
2382 -0.5739947162387751 1.910600014621606 0
2383 -0.5222226510164487 1.873844982382403 0
2384 -0.5891297931776359 1.849130259759767 0
2385 -1.422818620989773 1.623405993480953 0
2386 3.804431266274171 0.5226584884864661 0
2387 0.4500146020995781 -1.40934338006044 0
2388 2.962491737270462 1.285872468791208 0
2389 2.901756166522659 1.285765105831446 0
2390 2.852220489766848 1.229081032453576 0
2391 2.850465705301348 1.352154138144655 0
2392 0.2167116444986997 -0.5381041932743003 0
2393 2.600071911622346 1.258970955442577 0
2394 -3.220674734115643 0.1576905952522635 0
2395 -3.189217337501336 0.1017109923454147 0
2396 -0.3268781775447573 2.063030683237261 0
2397 -0.2877446958624381 2.10955165917435 0
2398 2.847810713612896 1.01728095205263 0
2399 -1.40299857397301 2.004861708377863 0
2400 -1.458801059016992 2.04364312057958 0
2401 -1.405249581800598 2.063470720854867 0
2402 1.460376031942387 -0.3396196633579533 0
2403 -0.09425855233596703 1.406570901057328 0
2404 -0.050701512773493 1.469423820290283 0
2405 -0.113490008415084 1.466005863402015 0
2406 0.6668950950615454 0.5823512548457075 0
2407 0.789243174990458 0.5476053435235834 0
2408 -1.066810718257733 -1.097859284797195 0
2409 -1.936718927512519 -0.08626513256953866 0
2410 1.465373675271332 -0.871833989252727 0
2411 1.439413993400469 -0.8182634241491918 0
2412 1.196844660797312 1.767475574863771 0
2413 2.932124179662777 1.340862230741297 0
2414 -0.7831099977296959 1.03998089745123 0
2415 0.2968195234601663 -1.413695291111538 0
2416 1.545138375266509 -0.2118954995996522 0
2417 -0.9456458256231962 -1.267900635094277 0
2418 -1.512037217069518 1.604705053200065 0
2419 0.9247939088492233 1.313045156223616 0
2420 -1.668204060185689 -0.4828020717542143 0
2421 -1.639830148044913 -0.4350739948299164 0
2422 0.1048562579684381 -0.424375247871266 0
2423 -1.0703930167026 -0.6409773845289406 0
2424 0.6873090248049707 -0.4742725552588344 0
2425 1.334861156689132 -0.719022876124638 0
2426 0.4737104549095573 1.990204584712993 0
2427 0.4545901992377035 2.044142678551417 0
2428 2.099911298293856 1.426567946108028 0
2429 0.5747489737098854 0.1604154693407362 0
2430 -1.143410952957634 1.84780734770346 0
2431 -2.486547992245018 0.4743838082720474 0
2432 -1.344805903103236 -1.230947352983605 0
2433 -1.287039808254324 -1.226015834194403 0
2434 -1.260203781948309 -1.269809444475996 0
2435 -0.1367532535149371 -1.010749678350213 0
2436 0.2469332509162703 1.867224279005339 0
2437 -1.08830235764124 1.5806308465142 0
2438 -1.603755658114481 1.715797120388513 0
2439 1.563262324612217 -0.2679792104268713 0
2440 0.06563737100830461 1.588853360760883 0
2441 -1.926485993385955 0.5594613953138119 0
2442 1.009767424553876 1.377800185383192 0
2443 -2.87758479251892 0.00556242771742876 0
2444 -1.390816213275731 -0.7733928339896406 0
2445 -0.3619810098971131 2.397397613465006 0
2446 -0.4141389921077848 2.42546700852104 0
2447 -0.3642792636876685 2.451051472105384 0
2448 -0.4176018642534974 2.487452899127911 0
2449 -0.4621565238497679 2.453004774716652 0
2450 -0.4682534428522208 2.395860887500139 0
2451 -0.06726033614766891 1.577638594024498 0
2452 -0.05801993496316699 1.533570279241181 0
2453 3.213467169006576 1.086904839105123 0
2454 3.151727883020842 1.066466206405262 0
2455 3.108545844479965 1.108626427059552 0
2456 3.016077358494588 1.1075813374799 0
2457 2.984135041769995 1.042998916378801 0
2458 2.924158775356715 1.044839330261733 0
2459 1.602651040364977 -1.062214226535769 0
2460 -0.2054264314804673 -0.887671401313612 0
2461 -0.2406911978862901 1.70637541489267 0
2462 -0.2402127957637342 1.771585856515478 0
2463 -3.19265313243118 0.407661284904781 0
2464 2.120313009275498 -1.147609685088924 0
2465 3.097966172413071 0.5791294557784282 0
2466 3.046406202604529 0.559727084855695 0
2467 -3.044554186211927 0.4695960464329687 0
2468 0.1695429223658386 1.69458513297511 0
2469 0.1456504841134144 1.756159301403316 0
2470 -1.080638967103481 -0.5765994415958017 0
2471 -1.576648739285891 -0.4551201013622402 0
2472 1.379272589817724 1.56262435049316 0
2473 -2.48267357944388 -0.02630267781487915 0
2474 -2.441144289505875 -0.1008663904097104 0
2475 -2.668409767108959 -0.06381817650666552 0
2476 -3.449281371657318 0.2549978436813799 0
2477 -3.494210516411284 0.2102310687289632 0
2478 -3.46722234424767 0.1474643402440402 0
2479 -3.528928491244168 0.1553514551829059 0
2480 -3.558797167246912 0.202936429576944 0
2481 -3.58195746363346 0.1531138118713112 0
2482 1.486531528030782 -0.9258580642051193 0
2483 1.537272561192895 -0.9426477039961327 0
2484 -2.384749676936157 0.8018102246649683 0
2485 -1.717537890227174 0.7284611785884589 0
2486 -1.768027329263363 0.726592598153383 0
2487 2.980550588575672 0.6037469990205523 0
2488 2.934510681748363 0.5852827028460849 0
2489 0.1161811792236265 -1.371672567273976 0
2490 0.1689251345906006 -1.336225417510146 0
2491 -1.094263855855449 -1.141975267231138 0
2492 3.280506828526565 1.263182865707331 0
2493 3.218866962137455 1.250246033939598 0
2494 -2.489757007989088 -0.1350756616832709 0
2495 -2.433976776783158 -0.1565215917989084 0
2496 -2.382606538237068 -0.1229538433766668 0
2497 3.337254076138308 1.036250154362836 0
2498 1.457565948760594 -0.7484107089178486 0
2499 0.4235530294166503 1.835951696893106 0
2500 0.4511451809591236 1.885861161414223 0
2501 -1.131199935239509 1.197725440011464 0
2502 -1.233767298603118 1.155304054597093 0
2503 -1.156910909268102 1.086425797155921 0
2504 -1.255399958361678 1.066926016015577 0
2505 -1.317644662615259 1.116868979722046 0
2506 -1.334094014057849 1.042541746473735 0
2507 -1.384062896343555 1.084639417955189 0
2508 -1.382690363273672 1.151522107142946 0
2509 -1.40466543955273 1.025283905693767 0
2510 -1.315624311539726 1.201225555045931 0
2511 -1.468001000563466 -1.257205295679433 0
2512 3.100252808501058 1.299634911766909 0
2513 -2.144900646281826 -0.2781033467798115 0
2514 -2.779699759026731 0.513229969093673 0
2515 1.363963114752985 -0.5726128508326518 0
2516 -0.3737022436953006 -0.6838226699606429 0
2517 2.10277425019448 0.3642418503122756 0
2518 2.138037008989014 0.4011356176822906 0
2519 -3.426069739238126 0.2950502128050012 0
2520 -3.342403665666954 0.2916256203713958 0
2521 0.06128122895759135 1.646341883282824 0
2522 0.07640396010158408 1.690122554481727 0
2523 -0.8105487320514656 1.153101253310764 0
2524 -0.7147408598064477 1.242009601748221 0
2525 1.749076749177042 -1.009757955131697 0
2526 1.57711122850712 -1.293384304876028 0
2527 0.3608718094435889 1.645304756002233 0
2528 0.3496606371604954 1.700716662861274 0
2529 0.3972568652238914 1.687646750119891 0
2530 -1.580985930871946 2.147089041012666 0
2531 2.041835763226826 0.7427788937814057 0
2532 2.006153022254521 -1.155572779385777 0
2533 1.970772730647003 -1.179245750425048 0
2534 -1.079011918876984 1.792283547339793 0
2535 3.156801059684133 1.311657923679783 0
2536 -2.084471473489333 0.7423047400614781 0
2537 -2.116175795840398 0.700984442931405 0
2538 -0.9756183616650613 0.6688905835290244 0
2539 -1.057373134983103 0.5884814209348936 0
2540 -1.026607377058657 0.4702734874331445 0
2541 0.9345379586310298 -0.5425004134084674 0
2542 -1.677281905598336 0.3309361015225312 0
2543 0.01184651837688499 1.584447700908351 0
2544 -1.523686584494312 0.7207016237353463 0
2545 -2.382191749759533 -0.1881046454055462 0
2546 0.6428807015577749 0.8978429044751973 0
2547 0.6320989745013853 0.9827555183305827 0
2548 0.5741969397117683 0.9375341449444943 0
2549 0.5684872659204643 1.002061501909089 0
2550 0.518212947210039 0.9788199307239789 0
2551 -1.799021660348703 0.65316383699095 0
2552 2.763871897321645 1.347918526782722 0
2553 1.216948768786723 -0.5922531700261842 0
2554 1.244153862861066 -0.5492547763467777 0
2555 -1.402050987212253 -1.146372800447677 0
2556 -0.02920701394864582 1.611584142936265 0
2557 -1.451993922700051 0.9907994567284033 0
2558 2.815571149729401 0.6152795490458524 0
2559 -1.516543308754237 1.404849567683263 0
2560 -1.527743108187603 0.5478129175841172 0
2561 1.6994742862923 -1.190033185232694 0
2562 -2.404375955630923 0.459942008816428 0
2563 -2.471939359989217 0.4031641892402799 0
2564 -2.534099694720534 0.3547639300900091 0
2565 -2.326561017305716 0.4954503168276307 0
2566 -3.042868963459112 0.0142783285662428 0
2567 2.27938950785179 0.4347842524327301 0
2568 2.242883130809415 0.409984892209591 0
2569 2.230722979817536 0.4562065418924484 0
2570 1.955444530828872 -1.272368386711999 0
2571 -1.056158148554131 1.500879169598044 0
2572 0.005842054714132884 -1.161817395139834 0
2573 -0.03507743435547211 -1.113987453046761 0
2574 0.3905500401437829 -0.5852771512229142 0
2575 1.424963547511575 1.98554253612889 0
2576 -0.3643418435134713 -0.3534215553023239 0
2577 -1.635406952769216 0.8134453737149686 0
2578 -1.578289881721441 0.8184309872902684 0
2579 -0.4232280362991132 -0.2783183691237504 0
2580 3.160119746163451 0.7277356617356791 0
2581 2.336194335580888 0.6108961937601827 0
2582 2.078817911667497 0.3130915959427747 0
2583 -1.30972958099908 0.9095883905595017 0
2584 -0.3393529430514532 2.200644001896424 0
2585 -0.3475621518397111 2.272448370482933 0
2586 -0.3024190087789594 2.239558954163446 0
2587 0.3771502086075825 -1.400091729131872 0
2588 -1.700367834071728 2.269641447985634 0
2589 -0.9792380884182468 -0.07707635882555641 0
2590 -1.015503023816883 0.03422520604091629 0
2591 -1.09580506348642 -0.05521719202401189 0
2592 -1.131370858741458 0.05915814138350096 0
2593 -1.048509731355773 0.1479876808507094 0
2594 -1.211560362642 -0.03135005404650493 0
2595 -1.162043759697302 0.1727257747342442 0
2596 -1.082765213194909 0.2648346125140114 0
2597 -1.177588659213004 -0.1580621955694695 0
2598 -1.295960561542202 -0.1119301810050177 0
2599 -1.287397515712188 -0.2328557836257361 0
2600 0.5773541355569491 2.209339084148517 0
2601 0.5371877557517313 2.1953339259773 0
2602 0.5300409544332579 2.155497286575376 0
2603 1.170323291902147 1.817018543581787 0
2604 1.196137518564524 1.86467820959855 0
2605 1.17046161277724 1.910000549789438 0
2606 1.224603701130361 1.914008259666147 0
2607 1.192446790930139 1.954604597646995 0
2608 1.251624177534481 1.868203802621319 0
2609 1.209805163293407 2.0013337837483 0
2610 3.053722837664584 0.7963884253512649 0
2611 3.06364108457349 0.7459389826702634 0
2612 0.8666162383191947 -0.3259708341624504 0
2613 -2.883678879603577 0.5224937964406424 0
2614 1.723675639420129 -1.133102821974316 0
2615 -0.06725543579763246 -1.449533530750813 0
2616 -1.168418627060456 -0.7211561691916579 0
2617 -0.7216199980197685 -0.2589080840770905 0
2618 -1.654366208635708 -0.368941886453367 0
2619 1.073504764300943 0.9205856043734545 0
2620 -1.432229662272504 0.7344782573159938 0
2621 -1.383394318231107 -1.191675979779993 0
2622 2.951585700662702 0.7627107559708299 0
2623 -3.136543224312239 0.4076588622620326 0
2624 -2.031131503336594 -0.1972817108622842 0
2625 0.3112729609237205 0.5637299981430102 0
2626 1.475603207649444 -0.4113933399965788 0
2627 -2.0374128579572 0.8845072470594534 0
2628 -2.743144506559795 0.7290199748477272 0
2629 1.801077309776622 1.045285933741697 0
2630 1.80316624722805 1.143485616645914 0
2631 1.913575474258343 1.200638169394195 0
2632 1.280377841377395 1.688998205569146 0
2633 -1.442155867092438 1.245191733139607 0
2634 -0.9662620642629849 0.2363449515875654 0
2635 -0.633534976347105 -0.1708176963027674 0
2636 -0.6007446962613276 -0.2900842477960025 0
2637 -0.8315625848221307 1.260183437877673 0
2638 -0.6756449706328882 1.341555292895652 0
2639 2.724548829831719 0.6691847097023246 0
2640 2.66312519550061 0.6576865042172861 0
2641 2.614731908053112 0.6952093710199074 0
2642 2.61168401490831 0.6368415785975161 0
2643 2.554582222961268 0.6623239321220693 0
2644 2.55795163655494 0.7334285723516342 0
2645 2.497067695475947 0.7703320241800937 0
2646 2.562473556328444 0.8007968738173217 0
2647 3.212968315592225 0.6899056426150805 0
2648 3.267802032763877 0.7186220841296573 0
2649 -2.045865174825503 0.8367277479796629 0
2650 -2.017706798657021 0.811873084422436 0
2651 2.04784560427798 0.2663136164385113 0
2652 0.8210460739598178 -0.4915015389796171 0
2653 1.424282461592749 0.05054331423677058 0
2654 -0.3195439841288804 2.36897992745921 0
2655 1.832665659997522 -1.387426131005128 0
2656 -1.173253726467902 -1.174937432351663 0
2657 -3.049700518441577 0.5181065151334704 0
2658 -2.433411562635058 -0.2153122279139292 0
2659 -0.8015937480661025 -0.5454227687559581 0
2660 0.971454694517411 1.305930479324872 0
2661 -1.260875562775952 0.3804626703436337 0
2662 1.470230706594338 1.91563568754375 0
2663 1.512568897572651 1.889722462125936 0
2664 -1.024093166680821 -1.242140321128671 0
2665 0.3187927180098706 1.960303359398715 0
2666 3.276857584176657 1.315987504806631 0
2667 -3.405784437149352 0.06765198838190462 0
2668 -3.292620394475227 0.3589662372024762 0
2669 3.250532554318821 0.5334824521200076 0
2670 3.296421720124447 0.5016483978410162 0
2671 0.2384283552689148 1.317732273396488 0
2672 -1.360106413547317 0.9724475041313342 0
2673 0.4810292549232102 -1.44802305705488 0
2674 -0.9998049258541262 0.354922410156392 0
2675 -1.128596655246149 0.3951432134229426 0
2676 -0.8510866157123979 0.2066048654405679 0
2677 -1.146337172373393 -1.004251369701742 0
2678 -0.1802399145081577 -1.035991506894494 0
2679 -1.183505729155067 0.61131806232634 0
2680 -1.65220788189714 0.869210630166665 0
2681 0.333104907721942 -0.5934167759737934 0
2682 0.2877305921294517 -0.5618145525660879 0
2683 3.024285842504775 1.003447522487099 0
2684 3.042221514170572 1.047073122868305 0
2685 2.013001114163136 1.703151729450976 0
2686 -2.164755239183272 0.713658040668494 0
2687 -1.614320305153136 0.5251913669282009 0
2688 1.552475250590178 1.085269757708874 0
2689 1.683633962970014 1.069927431403627 0
2690 1.184952032924014 0.08418812257737454 0
2691 1.233380954448654 -0.02448246643359353 0
2692 1.113203000842011 -0.009636500514415638 0
2693 1.168484647091128 -0.1142542160497552 0
2694 1.039961933961597 -0.09964372162336491 0
2695 -1.641130749189562 1.760098184914134 0
2696 2.508448010620214 0.910694194783116 0
2697 3.395618162473824 1.11608086374999 0
2698 3.456809649685495 1.131425495724211 0
2699 3.481975068284592 1.181193453421377 0
2700 3.51431881710468 1.136514390155204 0
2701 3.5370267507708 1.185183485826013 0
2702 3.571069042903857 1.142034135486578 0
2703 3.508930465273746 1.225153729011133 0
2704 3.549176372820232 1.087948969163139 0
2705 1.374704772458676 0.6895024389209665 0
2706 0.02168612377375674 -1.441421775846232 0
2707 0.03001153116952411 -1.393064717293317 0
2708 0.1336250020200279 0.4443323939158678 0
2709 0.06909732836309436 0.3399236465099692 0
2710 -0.05060341662910412 0.3318207917184796 0
2711 0.02409121120716425 0.2164117211914213 0
2712 -0.1148874291212423 0.226365249745543 0
2713 -0.1725328151643037 0.3322932310703212 0
2714 -0.2344304390244277 0.2328925032499926 0
2715 -0.2922700555790146 0.331359321895498 0
2716 -0.3499168128626275 0.2246228000561536 0
2717 -0.4129340062837159 0.3294148626137672 0
2718 -0.4609550264520506 0.2208615948076517 0
2719 -0.06834269440363658 0.1115539210523367 0
2720 -0.4740064241647435 0.4355961731197825 0
2721 -1.349815881432067 2.010766237276116 0
2722 -0.1311822027895191 -1.055593344573135 0
2723 -0.08375769693864657 -1.079723007430184 0
2724 -0.0829595095536708 -1.129538288072492 0
2725 -0.02772964547609028 -1.054607307445941 0
2726 2.460310516901454 1.393229054650118 0
2727 -0.5905929613914681 0.4652638929484669 0
2728 2.428834249985713 0.537156151342748 0
2729 1.212975752189843 0.2897143591931568 0
2730 2.384457310333545 1.48678285458437 0
2731 0.06597338156626895 0.744592292942615 0
2732 0.3107659739659244 1.28785865274579 0
2733 0.3330818979640491 1.251350372983565 0
2734 2.188741613101073 0.4239819790968787 0
2735 -1.344132382092439 0.1677636629534061 0
2736 -0.6029291819399627 1.192666018752465 0
2737 1.585172560636065 -0.1762869754901075 0
2738 -1.406420469844548 -0.06953819190701256 0
2739 1.519600971604283 2.164846021092787 0
2740 1.473477309296054 2.1846650609976 0
2741 1.518435441586304 2.118969830838984 0
2742 1.475882548110897 2.098884485686284 0
2743 -0.3520622901181016 0.4339102361202067 0
2744 0.6260108255182169 0.05088128073323811 0
2745 -0.9186164549682705 -1.305969026188472 0
2746 1.478679111039717 0.9902372249884321 0
2747 0.9920436007745078 0.005984525228273316 0
2748 -3.542156295959897 0.06861224333471874 0
2749 -3.565260295797431 0.1077735244171229 0
2750 -3.607645340572755 0.1107205486008329 0
2751 -0.1112586171096757 0.4362971253214326 0
2752 -1.688510914540796 0.09340409612987835 0
2753 -1.770810472753514 0.1756578432739267 0
2754 1.336051453670174 0.7975782381391552 0
2755 1.286443428932766 0.3872333524557621 0
2756 -0.290956786794715 0.5375777973492784 0
2757 -0.2672348460822195 0.05439745227166427 0
2758 -0.05205381988462778 0.7444450404629828 0
2759 -0.174603882746025 -0.2921395523518804 0
2760 -0.03545708269440517 -0.005567264452404031 0
2761 -0.9123033710647648 0.4398564573874283 0
2762 -0.6560082686513661 0.6983755197977517 0
2763 -0.8952485241287884 0.7631497667735234 0
2764 0.222415776412718 -0.1773691516222782 0
2765 0.8584771910228184 0.3288632863129121 0
2766 0.2217284861933781 0.2402327239056211 0
2767 0.493712611708673 0.05385672047079911 0
2768 0.3882538180398639 0.4104655149681825 0
2769 -0.2317441365133486 0.4350224185810735 0
2770 2.857176906942084 0.7788235575829329 0
2771 1.138686247585726 0.1931604203324969 0
2772 2.733179933196192 1.399231757921389 0
2773 1.333150077795924 1.481439979873981 0
2774 0.3999788915844814 1.138654282007088 0
2775 -0.9331064013672528 0.1206408186298771 0
2776 1.64882026512107 -0.6257479555246045 0
2777 1.667482221499489 -0.7134844034363018 0
2778 1.638734780175847 -0.5823183473501353 0
2779 1.604150735339676 -0.6151868643346541 0
2780 2.354907523303911 0.4814638864680663 0
2781 3.17482025139954 0.4997794650969688 0
2782 0.4136073712966422 2.114996061490837 0
2783 0.4631395368493559 2.101797767845488 0
2784 0.4718135413059231 2.184585986676016 0
2785 0.3522769998081897 2.047711225182034 0
2786 0.02649591937642271 1.678302529938711 0
2787 0.1412586006042344 1.811708873164026 0
2788 0.2349295014927607 1.914859275835351 0
2789 -2.711915729159345 -0.1073483703489768 0
2790 -2.717736130404377 -0.06481671630466426 0
2791 0.3785773786376301 1.177661120619059 0
2792 0.3536597122462324 1.139673215723745 0
2793 -2.54822826096084 -0.1806718242705007 0
2794 -2.549319464547215 -0.1318576931227191 0
2795 -2.630153850220526 -0.1441218047005817 0
2796 1.945872453501863 0.4667799637328061 0
2797 3.139355557432446 0.7734258025925633 0
2798 -0.2631609138187672 -0.8826400331071804 0
2799 -0.2410228314002426 -0.8416656147975129 0
2800 -0.2195887292605652 -0.9621574869077709 0
2801 -2.79660251953962 -0.07861670858085579 0
2802 -1.070920418537568 -0.6885695196322336 0
2803 1.141892553292986 1.952884449542266 0
2804 1.121257285803148 1.721541869165172 0
2805 3.120750473526054 1.016658845952429 0
2806 3.248714811027209 1.023438795221487 0
2807 3.166261810597037 1.01913373810067 0
2808 3.769019600872767 1.127066843347515 0
2809 -1.033642460179056 1.748168177880119 0
2810 -0.9841679389792188 1.716543183203304 0
2811 -2.173223443697789 0.2077351339091771 0
2812 -2.04464883729908 0.2005896066996348 0
2813 2.983131294671195 0.9954024221696448 0
2814 1.768198633563415 0.7236960182753337 0
2815 1.730076906984822 -0.8494259157471928 0
2816 1.742894468732284 -0.8935293459957003 0
2817 1.813134941741622 -0.9505265123910733 0
2818 1.603282262346301 -1.256566649594392 0
2819 3.480880307764084 0.4603440012302016 0
2820 3.506164907765949 0.4991333534165997 0
2821 3.553707045914829 0.4980314696133417 0
2822 3.525418658079024 0.5492971837988773 0
2823 3.584564329249683 0.5413858675241843 0
2824 3.572240090765558 0.455227655218674 0
2825 -0.8180070653067842 0.09154905347029438 0
2826 1.761757968765836 1.854552285307802 0
2827 1.717491522869895 1.842442700559964 0
2828 1.733485958335709 1.887049391385586 0
2829 1.619660484994255 -0.3451835408181563 0
2830 1.644504968060165 -0.2606386576131507 0
2831 1.603970740652492 -0.2264611826530063 0
2832 1.794438614647534 1.984171710918687 0
2833 1.744874234734987 1.970120577831705 0
2834 1.761695063476063 2.024734989953318 0
2835 1.808483378150929 2.026085333407637 0
2836 1.774679223504801 1.89647162667227 0
2837 -3.720904177630027 0.07994967132358448 0
2838 -3.689044518636305 0.1146910474022134 0
2839 -0.3530436560573281 0.8428693537193981 0
2840 1.914587215835682 0.7971136923316637 0
2841 1.86110371409816 0.777370209023165 0
2842 1.590499298692405 0.5417314099256605 0
2843 0.3512636250978423 -1.315385598260141 0
2844 1.348841470892478 -0.8256687901336222 0
2845 1.369985532150588 -0.8647840159536084 0
2846 -1.418783044171091 -1.034661170925194 0
2847 -1.523059251362598 1.247960801641189 0
2848 -1.720381147094626 1.969515190377015 0
2849 -1.697914036456889 1.884738399521905 0
2850 -1.733552085425249 2.012631455943949 0
2851 -1.784415121671898 2.180031550614206 0
2852 -1.76330712204388 2.095061271804768 0
2853 -1.807342267056886 2.266764979855188 0
2854 -1.780270132368328 2.300808460631922 0
2855 -1.685759274804738 1.841748622863458 0
2856 -1.602143861741674 1.54458847145258 0
2857 -1.568533482909497 1.575264832809192 0
2858 -1.495512163135639 1.163595477386041 0
2859 -1.446425170627919 1.156927824288121 0
2860 -1.471126560605715 1.076826743553468 0
2861 -1.65559896733458 1.717740977115156 0
2862 -1.628794555132155 1.629463141420499 0
2863 -1.580555031450112 1.459094192321677 0
2864 -1.55666614256135 1.374094192322112 0
2865 -0.9406254037918383 1.692741706806364 0
2866 -0.927511221300066 1.644894530549314 0
2867 -2.532129746096476 0.6549422736122167 0
2868 1.373909698419125 1.982648257133231 0
2869 1.397932422705399 1.943881208000524 0
2870 1.523670127074205 2.298908419616755 0
2871 1.427694849679348 2.100177136316284 0
2872 1.447535759114919 2.059394326172372 0
2873 3.56403304294003 0.5915306028981402 0
2874 3.612817228903418 0.5861291424368451 0
2875 3.640788813355053 0.5359983554876507 0
2876 -2.455044668217464 0.7641070337452699 0
2877 -2.409729317957459 0.7645030919715033 0
2878 -2.50787448478087 0.691015398132496 0
2879 -1.484385939944835 -0.9186729055191353 0
2880 -1.457976036702493 -0.8815785217177188 0
2881 -1.478560332718114 -0.8389565981245857 0
2882 -1.438262148234133 -0.9948956425711563 0
2883 1.796545386307671 -0.9928929107577776 0
2884 -0.558268577702157 2.265145228162225 0
2885 -0.5088431004604467 2.435227309469613 0
2886 -0.4787136527431884 2.562574083439031 0
2887 -0.4354265109163769 2.574784009790003 0
2888 -0.4250510435397528 2.617944072507245 0
2889 -0.456215085338703 2.647473757989117 0
2890 -0.5365210876838858 2.349726443278841 0
2891 -0.6732795603833913 1.841764955784731 0
2892 -0.6394822423557458 1.810589414681703 0
2893 -0.6498709362894384 1.764902059263682 0
2894 -0.5915208084215295 1.778958383643805 0
2895 -0.636958839770094 1.967044474689605 0
2896 -0.6626123264843518 1.883967181236261 0
2897 -0.5924640015009088 2.140853662140455 0
2898 -0.6959340147955517 1.755639894015644 0
2899 -0.5696478880469723 2.22273143505886 0
2900 -0.6016490905526529 2.099145513515913 0
2901 -0.5660391694840609 2.073033979320044 0
2902 -0.6218922140822247 2.01012995884015 0
2903 0.1794234627416992 -1.559892195475036 0
2904 0.1968678248723632 -1.515163979382789 0
2905 2.076195102252774 1.635013700263642 0
2906 2.895188755591994 0.9606771330209711 0
2907 2.893541518704649 0.611990375881696 0
2908 -0.2828470890916248 2.029433385101979 0
2909 -0.2689149941204844 1.98579007910112 0
2910 -2.013917548911671 -0.03411222237465374 0
2911 0.01069756777728868 -1.218030793634864 0
2912 0.1666450860668832 -0.725158225292447 0
2913 -2.670603020812219 0.5562010485774768 0
2914 -2.723312455958524 0.5773752749172829 0
2915 -2.680047699393055 0.6121690728352466 0
2916 -2.733546552830113 0.6230905501099139 0
2917 0.3960016543165278 -0.01113835863524802 0
2918 -1.285961131851823 1.964664423986315 0
2919 -1.247819609343939 1.935187289032785 0
2920 -1.244532419608835 1.877091478420204 0
2921 0.1876047221132559 1.800765894639848 0
2922 2.074600907895797 -1.130110797993068 0
2923 -2.930501373349125 0.1716498944805764 0
2924 1.766469977861379 -1.354182323280383 0
2925 -1.831730716948895 2.351497975701053 0
2926 -1.270839221274889 -0.4275191177168093 0
2927 1.861426977268839 0.6957044004873989 0
2928 -1.321430344609893 -1.188719824424299 0
2929 3.587134265720363 1.190897146421807 0
2930 -2.968663257742429 0.5292894576544167 0
2931 1.094044638665148 -0.5425349405992033 0
2932 1.139308788902729 -0.5603241322973146 0
2933 1.538567221988529 0.06019037541090834 0
2934 2.102723913109106 1.549775065323857 0
2935 2.612723373489644 1.474362676120612 0
2936 3.405485221632532 1.285937597804492 0
2937 -2.347521218122266 -0.2606369746276913 0
2938 -2.265940454571578 -0.2907925167535658 0
2939 3.364005674664375 1.296824158413962 0
2940 3.633086481797108 1.059573150117078 0
2941 3.60479849918642 1.099896690626331 0
2942 3.626707373766428 1.151887179328049 0
2943 -0.2051432329926198 1.850248542853212 0
2944 -0.8333605559598363 1.668287796569938 0
2945 -0.9017883540931828 1.718750943390581 0
2946 -0.9765584748384409 1.767732908193091 0
2947 0.2552397776233194 1.438981434947841 0
2948 0.2866884225191586 1.469415797939028 0
2949 1.360171460291433 1.695176230996903 0
2950 -1.583092250657674 -0.68552038779866 0
2951 -1.553869165414904 -0.6533259370309936 0
2952 -1.551843167737602 -0.7628365183302279 0
2953 -1.41902415564223 1.199538387441569 0
2954 0.5382939339244054 2.043716789082866 0
2955 0.5062386497769035 2.073518749561638 0
2956 0.5161337757512737 1.961221432250119 0
2957 0.5593141847694161 2.126451583983361 0
2958 -1.52784986348703 0.787908960107116 0
2959 -1.137950057670033 0.9861331527606435 0
2960 -3.367630739254896 0.3746753888532572 0
2961 3.381348692508586 1.038739536363305 0
2962 3.46754907236817 1.046569175331798 0
2963 -1.972246353331768 0.7344966837391733 0
2964 -1.180997674354902 -0.9543977326867913 0
2965 0.5060378613600934 0.9163573884859436 0
2966 -1.180814821755113 1.878462977512669 0
2967 -2.144853123779516 -0.3342309881451915 0
2968 -2.110653983947002 -0.3118078113578804 0
2969 -2.067304860873422 -0.363859941526866 0
2970 1.525852719531903 -1.050168718491411 0
2971 1.535244125012811 -1.009660033914819 0
2972 -1.984264888336885 -0.3902796573278463 0
2973 -2.956907941583113 -0.02003541271819329 0
2974 1.460853539565244 -0.9965258403777827 0
2975 1.55849153784986 -1.078196310176521 0
2976 -2.876546556793193 -0.04783560797194841 0
2977 0.4550658241942008 1.761299371863689 0
2978 0.479070608671312 1.844796496773623 0
2979 2.524400228735084 1.569960066284619 0
2980 2.570453087405171 1.562171671540216 0
2981 -2.262429363975922 0.4681676305117489 0
2982 -3.630435063519944 0.0708004199657324 0
2983 -0.1602254152190233 1.647829978454253 0
2984 -0.2002188115479936 1.667385711847271 0
2985 -0.1863136396477761 1.767456795162853 0
2986 2.928174778447314 1.391081188524517 0
2987 2.890999851597758 1.370862789959164 0
2988 2.811866075875637 1.373400627686205 0
2989 -1.037738648409267 1.821845532454853 0
2990 1.923791980751244 1.720121743892093 0
2991 1.838360205989409 1.731976983562698 0
2992 1.855977704150623 1.692169857815692 0
2993 3.732948907261584 1.105663580891489 0
2994 -0.3165334011898397 2.471368925342152 0
2995 3.592922524519832 0.6274448444168901 0
2996 3.516198891194173 0.6055645222304014 0
2997 3.428452994615977 0.68202565051546 0
2998 3.508410738903363 0.6545496503040378 0
2999 3.386238927057011 0.6943355024070691 0
3000 1.672810529309376 -1.289088520694215 0
3001 0.1228621630146128 0.8446024675285234 0
3002 -0.6427081723916022 1.493664347555223 0
3003 2.585204494997743 1.632673880466838 0
3004 -0.1791217541625851 -0.8252579764760188 0
3005 3.768120414003838 0.5432482790499452 0
3006 3.734223773709483 0.5158969115594845 0
3007 0.2722170420053099 0.4502395798572851 0
3008 -3.451478354361457 0.06688774513010498 0
3009 2.059831541143886 1.589421482901134 0
3010 1.792257388823389 2.099053358706441 0
3011 1.752863497512205 2.074065118739505 0
3012 1.622214689940789 1.9708224567449 0
3013 1.661749188324195 1.952988032413619 0
3014 1.695776517672918 1.979771839468167 0
3015 1.686908342156431 2.023026800436722 0
3016 -0.3569669781663392 2.624024024710405 0
3017 -0.3975021106794916 2.702836253434034 0
3018 0.2560630508214584 -1.11459897567992 0
3019 -0.04245781482412279 -1.415906148223664 0
3020 0.01043454080287562 -1.346779715140461 0
3021 0.283612831628099 -1.197816719977258 0
3022 0.2377153594419076 -1.189512954578672 0
3023 0.2424081481135867 -1.072887242263578 0
3024 0.1970528487702359 -1.060303925480332 0
3025 -1.510967484864538 -1.266560761916869 0
3026 -2.108843745048289 0.7858156064269624 0
3027 -0.7106319387900731 1.54039280113126 0
3028 -2.10035622344541 0.635472019783013 0
3029 0.661830127018923 1.086415608175646 0
3030 0.6495006320252297 1.041599153590372 0
3031 0.4940417486200755 1.06479287011717 0
3032 0.5783977029190663 1.077241364563337 0
3033 -1.102425739519862 1.872355206772572 0
3034 -1.16983833640131 1.928400005004903 0
3035 -1.23759666089922 1.982313672823429 0
3036 -0.8404470518852378 -0.4983028650832269 0
3037 -0.8607874909021236 -0.5439307553245225 0
3038 0.5225777578283829 1.030280798294045 0
3039 0.6563985040715631 0.2509115096417792 0
3040 2.041594410482555 -1.274085916288711 0
3041 -1.791869086159468 -0.4727695751193733 0
3042 -1.753084201111881 -0.4882014502129193 0
3043 -1.869322381125672 -0.4392628496068645 0
3044 -1.83723596045349 -0.4090511246806997 0
3045 -0.2133211962998846 1.893492151593057 0
3046 -0.2572441250390932 1.910930204888021 0
3047 -0.2243211812803492 1.975409410464368 0
3048 -0.2331893181558228 2.015437369934482 0
3049 -0.2506045932876533 2.140029454540906 0
3050 -1.317339635176368 -0.9622930035556905 0
3051 -3.497595018303248 0.2684796519250587 0
3052 0.8978269838508857 1.279840370964755 0
3053 0.8443870096189473 1.213615202033133 0
3054 0.8910151458380018 1.20215168141421 0
3055 -1.715495447601551 0.8141344816692329 0
3056 0.7875122556758301 1.153471189182294 0
3057 0.824435922727179 1.146547088503888 0
3058 -0.6391557506055584 -0.6297516207917471 0
3059 -0.5906722040213381 -0.61994625617336 0
3060 -2.631447020718166 -0.09843762770720148 0
3061 2.653218220864082 0.6090785609824594 0
3062 0.3216433429479997 1.215592978802474 0
3063 -1.732052321183147 2.344418842072567 0
3064 -1.661616091857889 2.300874652309873 0
3065 -1.839393869635605 2.406430207865761 0
3066 -1.765764950526409 2.364685124636663 0
3067 -1.49462116919217 2.185775867737852 0
3068 -1.461437797043815 2.161108449207541 0
3069 -1.46754896120468 2.11748373977181 0
3070 -1.397736281466082 2.109636970769754 0
3071 -1.56035683876529 2.235061129745427 0
3072 0.5869444127777463 2.250865180924158 0
3073 1.739297245814446 -0.05092306636942705 0
3074 1.770465618909684 -0.02319243473828766 0
3075 1.829249189792941 0.03573845773976145 0
3076 1.785160313070799 0.0478804334137241 0
3077 1.817870171909678 0.08289018508152764 0
3078 1.860393562519446 0.1058117562939708 0
3079 2.503279896908257 1.25837449515718 0
3080 3.354396988822332 0.5170836100935876 0
3081 -2.924520794636252 0.008484632160394329 0
3082 -0.6892775939584057 1.592456655620171 0
3083 -0.6887977798078653 1.675117652539904 0
3084 1.704260271520885 1.926862662302751 0
3085 0.2107041846331363 -0.4525628755161922 0
3086 -0.5123814782716187 0.1193108589463673 0
3087 1.144354174376878 2.097099364905822 0
3088 1.26935417437687 1.934599364905423 0
3089 -1.021010184999695 -1.16994946911218 0
3090 -0.9737351482810548 -1.237164267959198 0
3091 -0.3857474536817462 2.589605906520736 0
3092 -0.3626628515763989 2.546656698371827 0
3093 1.722621505442972 -0.004217205886834576 0
3094 -2.635513122673989 0.5887768141985845 0
3095 -2.321491893705323 0.6974802046023855 0
3096 -2.364932035571161 0.6950666315087592 0
3097 -2.404727158387395 0.8378384578589664 0
3098 -2.364429489355986 0.7658644944130996 0
3099 -0.9922870417249899 -0.6043252515800415 0
3100 -1.273947307738853 -1.013438019325445 0
3101 -1.736760631205178 2.166685933285347 0
3102 -1.429340589906051 -1.248015142647095 0
3103 -1.717314770585104 -0.4565420417881493 0
3104 1.09996676859919 -0.5893114301350997 0
3105 1.017019137058664 -0.5638293453364163 0
3106 1.003453463312144 -0.5183673202173011 0
3107 1.139163814616528 -0.6046475032805794 0
3108 0.8328596408703669 -0.1893267518175594 0
3109 -0.7250279629000818 -0.616149145074655 0
3110 -0.8844628623776201 -0.5841735157982521 0
3111 -0.763241258045722 -0.6097075657659494 0
3112 3.724367272151476 0.4683985403924793 0
3113 1.549655694962293 -1.332927720466996 0
3114 2.93492483152315 0.8148950991992441 0
3115 2.850638931812739 0.8289256186988424 0
3116 3.312870297194497 0.7251639445550547 0
3117 3.311523744782377 0.6844418585275525 0
3118 0.6162436078270461 2.325487500093731 0
3119 1.907784487844903 -1.384848289285953 0
3120 1.898701009153589 -1.342585401011606 0
3121 -1.903652181527281 0.1553834962212285 0
3122 2.115148681378411 -1.306194099044095 0
3123 -2.681247344327398 0.6909572666702835 0
3124 -2.723349728027299 0.693381601072563 0
3125 2.333031733906374 1.486732860006845 0
3126 0.2615480446843936 -0.8543476790726144 0
3127 0.2252444333925445 -0.9252396454523556 0
3128 0.3322446160988899 -0.7094964046390474 0
3129 0.2950831665697259 -0.7812806271845756 0
3130 0.2461322168020057 -0.78236438971063 0
3131 2.562205530542972 0.5746550284873612 0
3132 2.684138482390475 0.5813395744619372 0
3133 2.772724507639315 0.593444727575307 0
3134 3.012668125050591 0.5324209900148689 0
3135 3.692032388347189 0.553269345974587 0
3136 3.460002209136327 1.228032186076681 0
3137 0.2622761466620605 1.363167662247692 0
3138 -1.254716338961106 0.08657989732959426 0
3139 -1.104169406124373 -0.770919419341933 0
3140 -2.721525155978811 0.7620134363215085 0
3141 2.635784250142908 0.9189200753042323 0
3142 1.612301886327044 1.684197183246486 0
3143 1.077638293673053 1.551319236155786 0
3144 1.120894427656912 1.548701063030668 0
3145 1.035574241946086 1.48254718321486 0
3146 0.2844670622255671 1.908664165076305 0
3147 2.278654779529758 1.491499789869915 0
3148 2.267670813980172 1.531329255563292 0
3149 3.664566601870878 1.18283636483005 0
3150 -2.153568437900773 0.6657885958329913 0
3151 0.8686702058229235 1.033991898554906 0
3152 0.8970891231378079 0.9511964214251163 0
3153 1.632792470798847 -0.746833492880753 0
3154 0.2399764526468094 -1.421197229199201 0
3155 0.2444527914995749 -1.469891292091319 0
3156 -2.225487719599748 -0.3071865646794373 0
3157 2.616322724497633 1.557452706065054 0
3158 0.4647827540638521 -0.5962890190950868 0
3159 0.5358681359351566 -0.5619276641505523 0
3160 1.091010943319235 -0.208809362930272 0
3161 -0.5298478287733682 -0.6705618658721836 0
3162 -0.5419665811380896 -0.624341062494108 0
3163 -0.4533122422606602 -0.697258983950398 0
3164 -0.4232303717112238 -0.6683158690570453 0
3165 -0.3887827633214407 -0.6300523046817519 0
3166 -1.432590666457963 -1.177269224668959 0
3167 1.528714392690518 0.886620848977704 0
3168 3.130213198641 1.347557521686459 0
3169 3.011517403796804 1.37321817785184 0
3170 2.987484449092623 1.335409008003169 0
3171 3.04992412306894 1.366101654932091 0
3172 2.127922167611858 0.29260072582245 0
3173 2.185799672529795 0.3467992782689551 0
3174 1.458721050228341 0.7827790032776819 0
3175 1.371784699012473 -0.7871866734795623 0
3176 2.080760845395804 -1.170977862156596 0
3177 -1.314685357941551 1.38673672369043 0
3178 1.34036414635987 -0.03683050962116834 0
3179 3.404588070236021 0.4912126327813218 0
3180 -1.03442830321583 -0.6050362168245575 0
3181 -3.200189584446383 0.03634273488991743 0
3182 -3.275956961401261 0.05268955128876784 0
3183 -2.76530483635025 0.6962818160892199 0
3184 -3.115989346272003 0.03271493038464637 0
3185 -2.80622973959903 0.6323648993300507 0
3186 1.297626127222428 -0.5464082231801763 0
3187 2.417231441205474 0.7549634341453741 0
3188 1.951456688072852 0.1403537555688678 0
3189 2.012511802783139 0.1922973150153204 0
3190 -3.629915429278336 0.1542691709958208 0
3191 -3.155138051182674 0.4803646857884573 0
3192 -3.227317182464863 0.4449465653169745 0
3193 0.3828975531024822 1.573149761496742 0
3194 0.3643909674886242 1.539989202098827 0
3195 -0.8864976492937495 -0.3763317977927212 0
3196 0.3061576711221471 -0.09301933509441673 0
3197 0.2443383769893027 -0.2829478308874482 0
3198 0.2721719780852802 -1.503776189733755 0
3199 1.60007457329984 -0.9411728103818457 0
3200 1.466404211681434 1.803439625712415 0
3201 1.4065912919039 1.76049829601179 0
3202 -1.095497680505605 -1.016379348098461 0
3203 -1.113595229283392 -0.9427545760429904 0
3204 -1.125299468708991 -0.9060384181278802 0
3205 -1.275054417841738 -0.9050211286468346 0
3206 -2.569798185705564 0.2059586116918447 0
3207 -0.7439234149369789 -0.3543926352955878 0
3208 2.349859891126355 1.52731044871112 0
3209 -0.4212721620275143 2.779748770762935 0
3210 0.3340848308123143 1.179328896892225 0
3211 0.7032613747702101 -0.5206548015623542 0
3212 0.7357936055777198 -0.4945076168802721 0
3213 0.8156208860661689 -0.5341764361606162 0
3214 0.8546172154395025 -0.5323104487112528 0
3215 0.877070282085227 -0.4935318373740403 0
3216 1.553188117352078 2.43487184347415 0
3217 -0.08760970147487786 -1.171694542056533 0
3218 -1.507121951451287 -0.7675343213158206 0
3219 3.093143085977525 1.056285314845504 0
3220 -3.790941296637546 0.08611684627336252 0
3221 0.05210921848018556 0.07604129191364259 0
3222 -1.282684713926552 0.9890846553244979 0
3223 1.769586946558007 -0.9572727906771378 0
3224 3.490162294642909 1.088930641841658 0
3225 0.2641632456182783 0.9782065755679041 0
3226 0.9039976269326592 0.5369713855429339 0
3227 -3.569616759968444 0.2483909880978837 0
3228 -3.604792740578548 0.2256859045529243 0
3229 -1.188609396235089 -1.364521429020804 0
3230 -1.197445412146311 -1.324018141093874 0
3231 -1.162294091710357 -1.297237735866941 0
3232 -1.207024359210856 -1.278938284190198 0
3233 -1.125495576419766 -1.316769264253821 0
3234 -3.665808979647998 0.1766906755807253 0
3235 2.579495336779147 0.8749165746490284 0
3236 -1.121117441417669 -1.045502957044241 0
3237 0.2187392880302235 -0.8550568688869251 0
3238 -1.241430024499354 -0.3312661036814017 0
3239 1.869055232863531 -1.020491714057302 0
3240 -1.644301276613831 1.830962531552772 0
3241 3.455044372520294 0.4979729230465566 0
3242 0.06560756080480198 -0.9652974542499676 0
3243 -0.4005158509213254 1.456488082053971 0
3244 1.587109892036019 0.9814413455347544 0
3245 0.6809826373959499 1.007396775597577 0
3246 -1.209024024333303 1.915403541926517 0
3247 3.837681613831148 0.4998812003594743 0
3248 -3.23574013250817 0.1065308486748413 0
3249 0.2174575477266952 -1.563426870144685 0
3250 -0.2424930103531462 1.646103643677188 0
3251 1.732023710367498 0.5636045448873267 0
3252 -1.685471886448009 -0.3028794749192285 0
3253 -1.432814297592878 1.109289110437943 0
3254 -1.757045591575867 2.25570509382154 0
3255 -1.557141037239401 1.535468620716334 0
3256 -1.544326514693192 1.491036107077419 0
3257 -1.579493556802731 1.621280413937022 0
3258 -1.524539358604146 0.912350993153738 0
3259 -1.56062602116125 0.901340748470251 0
3260 -1.532909358628159 0.8712736910603908 0
3261 -2.506078766568301 0.04238703179687098 0
3262 2.057826543535971 1.19226115360028 0
3263 1.99276720008519 -1.105920041200937 0
3264 2.155839926591236 1.035989458031516 0
3265 -1.70593322285917 2.043740140291317 0
3266 3.236973811043308 1.327976780433197 0
3267 -2.810851696123571 0.4688329995629865 0
3268 -2.750143951928877 0.4644420814958646 0
3269 3.656047105181015 1.104400505580714 0
3270 1.694868155685713 1.279840021414106 0
3271 0.5314205388458652 -0.4665917042208569 0
3272 -0.4486544012485666 2.530627288456969 0
3273 -0.5732610554857689 2.026415350845098 0
3274 -1.610593959024103 -0.6074917509327961 0
3275 1.191716625992155 -0.5356047669508658 0
3276 -0.09370824820671726 -1.486312177683467 0
3277 1.514805391381884 2.029400877004665 0
3278 3.687451299436461 0.5030803377090226 0
3279 3.646669665169451 0.4796409632491543 0
3280 -0.5385598936238091 0.8594327243885951 0
3281 0.7683165099808427 0.6562339250607008 0
3282 -2.331150684118681 0.6306987088408554 0
3283 -1.301927512904292 2.035312488500974 0
3284 -1.363882598287947 2.085403140621851 0
3285 -0.9627967616490145 1.591123106288832 0
3286 2.698203314257491 0.6212213477502904 0
3287 2.23957142857119 -1.327571428571538 0
3288 2.897628355209421 0.5651893913775284 0
3289 -1.288414540154766 -1.306700478945853 0
3290 -0.1064002130164194 1.049153327622447 0
3291 2.356023259836444 0.661569743341609 0
3292 -1.676678102901649 1.954187933922763 0
3293 -1.671236435241045 1.91535003667856 0
3294 -0.8412678755959211 -0.5879125443615746 0
3295 1.28721593802658 -0.7125390908292031 0
3296 1.646415628850099 -1.254331344001466 0
3297 0.1237811105113416 -1.495055505693529 0
3298 3.337914346086372 1.259547262523479 0
3299 2.814244135666143 0.9360401248698451 0
3300 -0.7019344372827496 -0.5815668682267183 0
3301 -1.381768407146643 -0.9970678511461314 0
3302 1.247305212812516 1.305471213329294 0
3303 1.347867576856958 1.299231577804795 0
3304 0.1714104601915685 -0.3528553773801262 0
3305 -0.2907385621640937 2.155766119048748 0
3306 0.4967358487596888 1.884462079078904 0
3307 -0.2833328030954518 2.348451172406323 0
3308 -0.06075012282567223 -0.4691689641731167 0
3309 -1.398681212926587 -0.2594985142457872 0
3310 1.913057386917167 0.1630939813261063 0
3311 -1.522648439001972 -0.7240525877466683 0
3312 -1.011952681215486 -0.5624108336793155 0
3313 -0.1875119270357977 0.1332222569219795 0
3314 -0.2434810952173341 2.097542614566048 0
3315 0.7834718155542519 0.2350444245512517 0
3316 3.051454281430606 0.5190038335488242 0
3317 -2.1942531999866 0.6830673727192625 0
3318 0.4615105387838871 0.9672916449973862 0
3319 -2.755265945478552 -0.04102132930630666 0
3320 3.47644265067316 0.6259946186873812 0
3321 -1.24111242570985 -1.312106463709622 0
3322 -1.223968797304797 -1.227483283513447 0
3323 1.969108609923472 0.2088376197317201 0
3324 0.1087481367008574 1.784904620584993 0
3325 -0.3065854016699132 -0.8056381838409546 0
3326 -2.275519505457303 0.5847902421199256 0
3327 -2.615044415292587 0.3069618622516074 0
3328 2.160405458997953 -1.144607651303458 0
3329 0.1562433940879338 -1.228790917634936 0
3330 0.1932755521901855 -1.27065402685133 0
3331 1.139207831585026 2.043311003346652 0
3332 -3.437837618234705 0.3342534319402761 0
3333 -0.8345879227280979 1.628423818747834 0
3334 -0.8751415660011901 1.644526289299338 0
3335 1.078457018544058 1.479582617953271 0
3336 -3.08327863181205 0.481591671152978 0
3337 0.3967308574258184 0.7565455966577639 0
3338 -0.04533641375371384 -1.161775433101793 0
3339 1.126252132893455 1.818770229813303 0
3340 -1.245297125467735 -0.9585691730372311 0
3341 -2.072803305929006 -0.3193686304824818 0
3342 0.3735810763791397 1.099789631300146 0
3343 2.388760316573085 1.529109663238844 0
3344 -1.523037192726482 -0.8417325346634936 0
3345 -1.05661813185805 -0.1618854837139246 0
3346 -0.7647110698421232 0.914855229436198 0
3347 -2.460486628387155 0.3316971471847627 0
3348 3.698017975046808 1.125493521190436 0
3349 -1.199541968835757 0.280672728776779 0
3350 2.409917894643334 1.230376057405269 0
3351 2.377773845930942 1.13017906110505 0
3352 3.058462471172892 1.324185820928306 0
3353 1.963351690297488 -1.220729842013666 0
3354 0.4989587037527132 2.031277601785023 0
3355 -3.726274971613131 0.1290143998654998 0
3356 3.440285946503964 1.082465094225697 0
3357 2.587853005238165 1.521027164037924 0
3358 -1.592562815101777 2.259261739582484 0
3359 0.3090106987615971 1.437053728647153 0
3360 -2.038567738872672 -0.3373961691685713 0
3361 -0.5433147272503445 -0.3757113376856148 0
3362 3.734167209799557 1.146222775296479 0
3363 -2.10115024824526 0.00179917052836854 0
3364 1.498547814199249 -0.978723755798071 0
3365 2.313641148040979 0.5068034248933374 0
3366 -1.534992450586106 1.290663125903052 0
3367 0.1190927318319445 1.706351809609905 0
3368 3.257199461372447 0.484743916572221 0
3369 -1.542764925544307 -1.286312152383413 0
3370 -0.9285248505421646 1.292406120626406 0
3371 2.074780748487913 0.2346163119356557 0
3372 -0.5002618647654331 2.479646788089842 0
3373 1.789601824125726 -1.317551187593946 0
3374 0.5434679917088642 0.5770721920597035 0
3375 3.13217150220897 0.5048918851233274 0
3376 -3.298465970286172 0.4163950587384612 0
3377 -0.1251702210698772 -1.508691006965277 0
3378 0.4799720511704703 -0.5231210618064102 0
3379 2.781977677543046 0.8089347054282996 0
3380 1.852013615935502 2.163836232375331 0
3381 3.552057716830592 1.043462751742068 0
3382 1.375478669626208 1.91146455084278 0
3383 0.9907685263159083 1.415276190015744 0
3384 -1.557974199307859 0.6410364189352027 0
3385 -1.076803171032644 -0.46401819072799 0
3386 3.167029443414588 1.350903135817588 0
3387 3.014968450347805 0.8062456741014601 0
3388 1.437505167110444 -0.5760079060167144 0
3389 1.813752682865772 1.694635456111996 0
3390 0.4800153686039115 0.8571081641196493 0
3391 1.738473128663187 -1.071862612073667 0
3392 1.478055323522054 2.228086508476087 0
3393 2.99286417109285 0.7746355579987437 0
3394 1.89294464499491 0.08224657304384282 0
3395 0.5170058509846819 -1.466504611410943 0
3396 -0.7156138968048963 1.402085631837676 0
3397 -2.303644897736314 0.6625139466479764 0
3398 2.682693939643573 0.8932529675712352 0
3399 2.654918855481439 1.488713047213662 0
3400 -1.151707653928392 -0.3270610018410678 0
3401 -0.8857232909936625 -1.324693805237643 0
3402 0.2230322920495045 -0.9909728865611505 0
3403 1.172196272618165 2.022206177451216 0
3404 -3.429258773451926 0.1071185235714703 0
3405 1.879777819605931 -1.183750351598012 0
3406 1.82233526756808 -1.169580763637137 0
3407 -1.522825784541767 -0.483847514742715 0
3408 1.646326293744321 -1.048594662771074 0
3409 1.624493743448265 1.933014230742996 0
3410 0.4191412873490284 -1.377619580908041 0
3411 1.665201830824923 1.83454494865967 0
3412 0.6020388658080349 1.038663808903108 0
3413 2.270890758141146 0.4840121672775169 0
3414 -0.4253320186124298 2.819251478290518 0
3415 -1.210590463666086 -0.7594419350928807 0
3416 2.712033726161168 1.183227127756828 0
3417 0.4886254892620167 2.147713420935232 0
3418 0.9584546539726024 -0.508742133729321 0
3419 0.5707078377576771 -0.4382133465134273 0
3420 0.9190957556052374 1.238685544895304 0
3421 1.54268213864075 1.718992990496926 0
3422 -1.534215627871445 2.166372628660828 0
3423 1.038589788203365 1.127121271715452 0
3424 1.514013046441785 0.6032641364548764 0
3425 -0.2893526518603986 2.200613860486965 0
3426 -1.035539065780856 -0.6762987549273826 0
3427 1.407490323523581 2.061728084049995 0
3428 2.021663581809079 0.5044493678062365 0
3429 2.020060781319176 0.8148183128692328 0
3430 2.812458452265572 1.416020479026948 0
3431 -2.928948329216546 0.5090050433591522 0
3432 1.234442474529586 -0.213724360785176 0
3433 -2.475434838221891 -0.2176679386132546 0
3434 1.665900001823792 1.723606386361638 0
3435 -1.371010869482168 0.9186085555178167 0
3436 -0.1658628605257832 1.689460260759266 0
3437 1.820476975631586 0.6732651158160381 0
3438 -1.163725094525714 -0.4675274732568726 0
3439 -0.5189863382853883 2.278020967667679 0
3440 0.5133334841131372 -0.1431585337766182 0
3441 -1.938830344891421 0.7548532677495079 0
3442 2.741365170393833 1.440052025219132 0
3443 -0.5220751483664418 0.5503950401137265 0
3444 -0.9016017424494619 -0.4401557405107993 0
3445 2.160682130126189 -1.314381211124308 0
3446 -1.458441864721828 -0.7864488373008008 0
3447 -1.329601649681982 -0.5021254967009534 0
3448 -1.708079110668651 0.7731085432327447 0
3449 2.624913657719302 0.7665348402345731 0
3450 -0.6904199958480339 -0.4097222001227289 0
3451 0.5008758577878183 2.215134362572229 0
3452 1.516931138992452 -1.356585544093476 0
3453 -0.2592834315794884 2.224155239323509 0
3454 -1.678460630415133 0.7991217079573687 0
3455 0.8574802770335097 1.169156650478014 0
3456 1.622682690535369 -0.6970774977700154 0
3457 1.047957004786221 -0.5298246826452355 0
3458 1.534755092684905 -0.319216307637778 0
3459 -0.8962409146358568 1.539452647110009 0
3460 0.8057197887201255 1.113888066343585 0
3461 0.1982697631273815 -1.016844846925288 0
3462 0.04792587876454579 1.719046212429858 0
3463 -3.266543585876283 0.3922240577669014 0
3464 -1.867378773927151 2.435119374906463 0
3465 2.642974890294383 0.8653269921360105 0
3466 1.872092601808028 2.193624266182933 0
3467 2.233553402424945 1.545096596362833 0
3468 -3.518093652171798 0.1071895308504421 0
3469 -0.02419770639423251 -0.565309836398411 0
3470 -1.466928493433566 1.196932004197693 0
3471 0.1463540895782901 -1.072611907687113 0
3472 1.664245966545703 0.5877936733852717 0
3473 -1.497118559353834 2.148603203662841 0
3474 -1.566941789661525 2.193821593173281 0
3475 -1.440522678782023 2.091573358786114 0
3476 0.1844062698333733 1.004683745070084 0
3477 -0.3241307660130441 1.388606481011237 0
3478 3.597791265512121 0.4905142873186693 0
3479 -1.778911480077972 0.7641953882312835 0
3480 0.3277831434484146 -1.453274304318913 0
3481 -2.072188541447426 0.5064735595596364 0
3482 -2.51057345593381 0.6174661894682277 0
3483 1.58840193038523 -0.3111016381968983 0
3484 1.670546699890641 -0.1733019580437347 0
3485 1.701017460750184 -0.04298689614615702 0
3486 0.3643880024502347 2.000911338682133 0
3487 -1.430332221405553 1.06609121282129 0
3488 -0.02858847840423907 -1.233565930478507 0
3489 2.224823369269495 1.212373004398362 0
3490 -0.323974842294505 2.552755430978422 0
3491 0.9625405315336258 -0.1794073965909174 0
3492 -1.944866708778013 -0.409278827890395 0
3493 -1.301308638643299 1.274644715174477 0
3494 1.676132298576909 0.03844448187131169 0
3495 1.621593893470298 -0.6545817251129112 0
3496 1.556433388105372 -0.6089388091211941 0
3497 -1.167929923879142 1.62525635243755 0
3498 -3.121787286941402 0.456665878334379 0
3499 0.1876390964576538 0.3431521935665712 0
3500 0.3888274032512142 1.734720880011976 0
3501 1.706838499940942 1.800337179019587 0
3502 1.890955502428323 0.5355489327450241 0
3503 -0.2379348220911938 1.821283787605485 0
3504 0.07609386311129737 -1.391555439587504 0
3505 -2.017450592266433 0.0762139282277368 0
3506 -2.272512378122001 -0.2486029365197066 0
3507 2.030254935667223 1.630616385924963 0
3508 -0.1325370789905734 1.512967320127776 0
3509 -0.1652161841825397 1.474916822906171 0
3510 0.479118870336453 1.947728422532057 0
3511 1.830416078567883 -1.024005476570281 0
3512 1.809718530428095 0.1393155646907104 0
3513 -2.053683060801627 0.7876562321711137 0
3514 -1.445617471049777 -0.9213218564921444 0
3515 -0.3648808009413378 2.501740861952023 0
3516 -1.113414953121138 -1.088219907478479 0
3517 0.4285807065684342 1.791390567311291 0
3518 -0.6368658438737338 1.855975595726102 0
3519 -2.318804674574414 0.5568038961278474 0
3520 -0.9569507699707903 -1.303114531257342 0
3521 0.5621791093285075 -0.3841060701468675 0
3522 0.1501459013858588 1.126961304007704 0
3523 -1.836068736748701 0.2593607974910844 0
3524 2.907219755784468 0.7834299491835846 0
3525 0.1192179213477008 1.182694070191344 0
3526 0.07097191958241547 1.127255306065267 0
3527 -0.02158597764767422 1.13941090783775 0
3528 1.764044277759397 1.607354790736888 0
3529 1.733461940955331 1.54813368556179 0
3530 0.3158311689510911 1.015433962279344 0
3531 1.613633509661177 0.01666833766773473 0
3532 1.48736529621678 2.142608352622943 0
3533 -1.443650921955912 0.7974140046365984 0
3534 1.46601042579295 1.862836539091545 0
3535 -2.12078658588471 0.2946056204986225 0
3536 1.524930044335333 1.494212683271298 0
3537 -1.196936016738539 0.7121769432865843 0
3538 2.139795906879131 1.469144651360777 0
3539 2.088808577941226 1.490461214815586 0
3540 -0.02360592299183132 1.558366320376418 0
3541 -0.504680171055031 2.318216874814897 0
3542 -0.3343680635244494 -0.4383262356466848 0
3543 -3.147050881320832 0.07523937561511435 0
3544 -0.5523212120814377 2.155905315554994 0
3545 -0.4145954582993768 2.658868510721542 0
3546 -0.6686870896437824 1.722301423020841 0
3547 0.4353744823702785 -1.445814739057122 0
3548 1.115491762147878 1.113835785023169 0
3549 1.010392592741463 0.8356927519206401 0
3550 -0.2437407875451931 -0.7385290652016975 0
3551 -0.2332676467756681 -0.7908679656934148 0
3552 1.627533382063213 -0.1786605535003606 0
3553 -1.253859124832716 -1.375241579609174 0
3554 2.009717737211254 0.24268407936402 0
3555 -1.680531262024521 -0.5231427929540357 0
3556 2.760230214159421 1.010721593031923 0
3557 -0.5589686683717039 2.11573452802235 0
3558 -0.7145457690872135 0.8040632442972031 0
3559 0.8199865392065762 0.437762569696622 0
3560 -1.982971543945934 0.8169700256457424 0
3561 2.900769915479093 1.003547754547714 0
3562 -0.6199377383156714 1.894440144790699 0
3563 0.2045775298401413 -0.8929049484273854 0
3564 0.274517897047256 -0.7483448468500107 0
3565 0.2899222167530939 -0.7111221369283971 0
3566 -2.464809040770575 0.6861620297035802 0
3567 -1.121254239662338 -0.804563156523332 0
3568 0.5164292377218962 2.114918101980078 0
3569 2.538568670393947 1.527724842780017 0
3570 1.130486219490684 2.13315064221198 0
3571 2.244625920330531 1.464430572917893 0
3572 -0.9007146627268237 -0.5476063773062965 0
3573 1.56844047842331 -1.030166718276318 0
3574 -0.3218024662120453 1.462938956657419 0
3575 2.611058501567818 1.10632813137464 0
3576 -0.1977413465172241 -0.5843061976869416 0
3577 1.18048960377625 -0.4730374429202605 0
3578 1.745367590744373 0.9835984765109613 0
3579 -2.540885606517827 0.493762582324512 0
3580 1.20554590196408 1.097695563048071 0
3581 -1.939238556608106 0.6062758640434703 0
3582 -1.985166941418043 0.5120516790235157 0
3583 0.2024047285544196 1.880192620878339 0
3584 -3.650048232163471 0.109755256330293 0
3585 0.4140479213619882 1.646688728774557 0
3586 1.093581758202847 1.518536475106622 0
3587 1.05380858838439 1.445612997996794 0
3588 0.1031067491787107 -1.023980470266526 0
3589 2.50310967178625 1.492555523187788 0
3590 2.461962980259362 1.459613266988745 0
3591 -0.2205920295137922 1.182328125802692 0
3592 1.591955568798451 -0.5240283359791127 0
3593 -2.596663690785149 0.3856901732631859 0
3594 1.262984756106878 1.507240702520366 0
3595 -2.845761596723356 -0.02356104225532918 0
3596 1.016031581657684 0.5253252876516254 0
3597 -0.3529947419192195 1.042430004550461 0
3598 1.980067843471672 1.119562222797619 0
3599 0.3253108783882666 1.471653459127929 0
3600 1.391846622805856 -0.8233392473986176 0
3601 -0.7302925795106193 1.592276298957251 0
3602 2.608268711956631 1.326085480304725 0
3603 -2.471928235044299 0.1836636852955497 0
3604 0.7729933250454415 -0.4787069389803166 0
3605 0.4361940750589943 -0.5757846025106927 0
3606 1.436754685783231 -0.919931422877963 0
3607 -0.2384056101453678 1.594384731766116 0
3608 1.534117019803039 2.349171320008056 0
3609 -2.597386178782696 -0.1225979673887941 0
3610 -3.757437042066396 0.06942312363325329 0
3611 -1.810475701286984 0.7374318794121451 0
3612 0.9772971053963003 0.9298083555457515 0
3613 -1.737343451527593 2.303244845846536 0
3614 0.6325363756617134 2.362529761905149 0
3615 -3.824415166086796 0.06749141027696981 0
3616 -2.117093828800207 0.5680340153518808 0
3617 -0.4963550610244122 -0.6419894249914557 0
3618 1.307370128002646 -0.7521071760149889 0
3619 0.5629188688144618 2.285210782779849 0
3620 1.787345266784566 2.05804236947011 0
3621 -3.333853373004438 0.3398322545430064 0
3622 0.1627871810854871 -1.49140869538242 0
3623 1.549221116871882 0.8021372148478101 0
3624 -1.168698713178977 -0.9038732047923153 0
3625 -1.123038479461924 0.5068482421078699 0
3626 -0.6204707189118579 1.723589834363924 0
3627 -0.5625820690005645 1.718445613258603 0
3628 1.385352719577008 -0.1015376399674268 0
3629 0.2055456465598781 -1.220305124858983 0
3630 3.179499947346384 0.7666988329146986 0
3631 -0.2972709040897804 1.945965255539875 0
3632 -1.063003173851393 -1.179111392242679 0
3633 -0.2682589347270512 2.265177679996858 0
3634 -1.628142343456582 2.239987681092144 0
3635 -1.417581392988363 -0.9519758223569578 0
3636 1.804504395593488 -1.356255716066169 0
3637 -1.876891305638348 -0.3986476252918805 0
3638 0.2308911526501727 -1.148055822653921 0
3639 1.404554000318754 -0.9404815687304167 0
3640 0.7940920594302152 -0.3228338247720217 0
3641 1.577614135083269 -0.8876962098419674 0
3642 1.311352466546023 -0.5954114355010692 0
3643 -1.795708391451401 -0.4288489361545395 0
3644 0.3991858463303871 2.041041217562543 0
3645 -0.3821336932691324 -0.7249440907666898 0
3646 -0.9248352120422749 1.192421076170104 0
3647 0.4179428482336296 0.839795228321492 0
3648 1.79046298519705 0.5556495233571851 0
3649 1.913057609870058 1.29717713952698 0
3650 0.286620061768273 1.98799675968173 0
3651 1.415658941611947 -0.86733848849939 0
3652 -1.795589538294404 2.339106153065711 0
3653 -1.764471214452732 0.4926358079863473 0
3654 1.871653837568299 -1.371442054672535 0
3655 2.854150191298022 0.6286204580713831 0
3656 3.489923307426265 1.263245965182871 0
3657 0.3226027167784559 1.540554480792857 0
3658 2.45949858478972 1.506702160134472 0
3659 1.207391062725908 -0.6341266527029489 0
3660 -1.030842478444362 -1.283490034784478 0
3661 -2.388819288078405 0.7280368851268393 0
3662 2.352849326405845 0.5224675683843895 0
3663 -0.6498669050332031 1.418303448709437 0
3664 -0.5830636896114694 1.356901886689153 0
3665 1.025617954206173 1.41469888910589 0
3666 -1.12482882047821 -0.7362283215849805 0
3667 -2.030658234974713 0.2976723425608829 0
3668 0.9164843721953745 -0.5053452565596774 0
3669 -2.639197626253742 0.6261898982453874 0
3670 1.089140821604205 0.6204097610209323 0
3671 -2.888934795770845 0.5619754353551545 0
3672 0.7378396910618094 -0.5304560500895287 0
3673 -1.600810545681477 1.660409558960031 0
3674 -0.3153811255622302 2.319009972508701 0
3675 3.199342738763786 1.295911922139116 0
3676 -2.326692044369941 -0.0938374091114197 0
3677 0.8590084130323855 1.110518343837193 0
3678 -2.391833589077918 0.363408747350005 0
3679 -2.084776956846734 -0.2772201646255438 0
3680 1.572539951465362 0.1432618719293008 0
3681 -0.405221786882375 1.343595544258017 0
3682 1.876026090409317 0.1950552462793924 0
3683 3.6303991464889 0.6224466400930176 0
3684 1.218083676159735 1.65821375455383 0
3685 2.129991749632397 0.4634918432337546 0
3686 1.193551869522592 1.250570388949551 0
3687 -0.6130015106806798 1.933592890815172 0
3688 1.824982619264942 0.8044609721909918 0
3689 -2.381219465847816 0.5367713088964223 0
3690 2.070410677869777 -1.317311866878828 0
3691 1.217444799637929 1.714063076378135 0
3692 1.473607818268851 0.6770561751979844 0
3693 -0.1672024480813732 -1.078223898082159 0
3694 -2.017614899855244 -0.1241887317856472 0
3695 3.801428440882195 0.4869807771122154 0
3696 1.863564016873372 -1.139425735801261 0
3697 -2.806704540813199 -0.03753501539190476 0
3698 0.6986539885305787 1.096253526819571 0
3699 3.413229702380381 1.242361918304865 0
3700 0.01413745056688772 -0.4053073944876779 0
3701 1.477760497666304 1.746807563192793 0
3702 1.778425404585796 -1.120115031818503 0
3703 -1.541800826758061 1.446848028077562 0
3704 -0.4985852516060597 2.358851625316688 0
3705 1.595810650527029 -0.5709591658346739 0
3706 1.050641005500174 0.7289867771657905 0
3707 3.437430342604215 0.6422910278135722 0
3708 0.9376477376956474 1.277508798635254 0
3709 1.515850622898665 -0.6489843313150201 0
3710 -1.611672884934787 0.8551192561418894 0
3711 -1.565641995103265 -0.6160376350337005 0
3712 -2.702009969882129 0.6557220789978642 0
3713 -2.493899994299871 0.6569034547563861 0
3714 1.525292071876671 -0.4194961647321469 0
3715 2.573213882834713 0.6129215917044559 0
3716 2.828721943368455 0.9772794918010808 0
3717 3.527982372372509 1.259217067292574 0
3718 -0.207767945329299 1.736258086297431 0
3719 1.590440463939607 -1.326693168504007 0
3720 3.400157870403467 1.07135406198278 0
3721 1.167381363749323 1.724489744003371 0
3722 0.1879056175728323 1.076427059820089 0
3723 1.782756865104834 0.6926754153519036 0
3724 1.804556331314594 0.7598660330958887 0
3725 0.3129036774974499 -0.6791791601533579 0
3726 -0.4378361057564663 2.733695741106335 0
3727 0.4186257110757322 1.758704923924626 0
3728 1.939150543376722 1.671244855771574 0
3729 0.2409765225552565 -0.8245038258772613 0
3730 -1.031885675110907 1.136119599610405 0
3731 3.308805100515471 1.070456421631708 0
3732 -3.472319043138984 0.0995208681972883 0
3733 -1.740662192482658 -0.2314018108409867 0
3734 -1.228332073272618 -1.351442638511068 0
3735 -1.31107098838052 1.996720672155168 0
3736 1.570011875826986 -0.9771755747679186 0
3737 -3.517611446463035 0.2970475760658057 0
3738 -3.530511171505327 0.239960695743357 0
3739 -2.435720571313222 0.7259733228889331 0
3740 0.9699926439118931 1.380992867198591 0
3741 3.396677023630795 0.4561788882551943 0
3742 3.652052009016197 0.4442182300648715 0
3743 -1.569339348388705 0.8615672375743728 0
3744 0.7378725646591235 -0.4478955058825263 0
3745 2.044486178383488 -1.152369933143905 0
3746 -0.5065549598962186 -0.3025095659807939 0
3747 1.814042617209941 0.6317667774108929 0
3748 -1.498248912217841 0.8869376856030822 0
3749 0.3615078973257311 1.60172830846997 0
3750 1.939168330819229 -1.320263541470959 0
3751 2.932237851031384 0.5471693375790789 0
3752 -1.097013494497805 -0.5238322196275949 0
3753 1.484970160455158 2.055360843156 0
3754 -1.56929608313272 1.838974761607658 0
3755 -3.855311604645911 0.05764113919822482 0
3756 -3.400607861326805 0.1504118641877333 0
3757 -0.648547878194406 1.685758992840666 0
3758 -1.418610137499783 -1.214018516817831 0
3759 -0.2894657824056387 0.1494932461516743 0
3760 0.8426702391735197 0.9098349298373711 0
3761 -1.252788717413344 1.804461138899625 0
3762 -2.93852489469446 0.1066094130719585 0
3763 1.721796233686078 2.009177755298329 0
3764 -3.005510012782389 0.03141864860832741 0
3765 0.2425645200106936 1.398841640783556 0
3766 -0.9024868385725391 1.678814388900529 0
3767 -0.5378050523325429 1.818469087443637 0
3768 1.814196468517384 1.613931632309906 0
3769 3.704193846754263 0.5919597323655756 0
3770 1.075822326286111 -0.2972362667235087 0
3771 1.128166944655155 1.909444826721846 0
3772 1.50160784902045 -0.5913105498437952 0
3773 -1.002669122820108 0.7634592606066923 0
3774 3.359070688067884 1.074694849333213 0
3775 -2.862505121941549 0.4801705637341338 0
3776 -0.7255758859788817 1.675749914204251 0
3777 1.003597429649066 1.284621652173462 0
3778 -1.491452527131062 -1.233595432658081 0
3779 1.542669152556968 2.389483401818946 0
3780 -0.4049719232116035 2.540089433664836 0
3781 0.2691372987212815 1.285636047688915 0
3782 -1.034600185754146 -1.20342861332801 0
3783 3.242509584929555 1.290661021405175 0
3784 -2.761806969567417 0.5547403913177826 0
3785 2.146955300827358 0.3570252739569872 0
3786 1.748525129676918 1.924047809930422 0
3787 1.958805784067732 -1.090128203146755 0
3788 3.00749544337368 0.5710013255350107 0
3789 -0.5635679371108109 0.6448545074330971 0
3790 -0.6169707167195554 0.7980565473461174 0
3791 1.427569936942939 1.505461822181585 0
3792 2.153395517964614 1.142742485102876 0
3793 3.02615513751743 1.339477273987848 0
3794 -2.962613334133666 0.02203783143373817 0
3795 -2.00192341166598 0.7751808887466523 0
3796 2.218816923572477 0.5095429547235329 0
3797 1.788824089092256 0.1902975967680422 0
3798 -1.572115663845177 -0.5002441479957404 0
3799 -0.1725467503275912 -0.9825170168769789 0
3800 -1.522091639102862 1.358335377463375 0
3801 1.49283338679035 -0.006383227302078668 0
3802 0.4331055565519095 0.5843833377313296 0
3803 0.1972822471499722 -0.7666357761528451 0
3804 -2.474749494850752 -0.1768167808875211 0
3805 -2.335622230851361 -0.1526830588856261 0
3806 -2.746847252527303 0.6615797581365641 0
3807 3.600012621097278 1.227564532999647 0
3808 2.197543875012482 -1.320222634652519 0
3809 1.83822740477463 1.652235156913565 0
3810 -3.101319799646564 0.3741715382776573 0
3811 3.202081563579908 0.5293406158090995 0
3812 -0.2601957332088453 -0.3600820626467945 0
3813 -1.139633209646551 -0.9628156608358985 0
3814 2.137019218455982 1.578195229478329 0
3815 -3.216006851627645 0.07077361237337133 0
3816 -1.039549975211953 1.788597491067654 0
3817 -3.235133332666074 0.4081005224951059 0
3818 -3.087188490207132 0.517895919301921 0
3819 -1.530960927367283 1.56409946184388 0
3820 -0.9038998144271737 1.60155126868316 0
3821 -1.594265598042532 2.224180191286206 0
3822 -1.850528826938101 -0.3683647269868413 0
3823 -1.219366692905923 -0.7084153801188396 0
3824 2.895651118703512 1.406533397457906 0
3825 -0.1472982145758315 1.426135559708055 0
3826 -3.160284740912451 0.4418159696059998 0
3827 -2.874311024461766 0.4252373149869942 0
3828 2.503211728392301 0.6432946526270793 0
3829 -0.006019645918840195 -1.417133482675924 0
3830 1.032988482904596 -0.486848473486811 0
3831 -0.5635656143957309 0.2238857967084129 0
3832 -0.7409559212538849 -0.5846156350463939 0
3833 0.3475674792532488 1.753970174179556 0
3834 0.4684897947364032 -0.5588775485578479 0
3835 -1.372111571391859 1.200766160706669 0
3836 2.171129475996023 1.420073715757779 0
3837 2.812977479328879 1.331499262209459 0
3838 -2.824310455207312 0.01495025482088424 0
3839 -0.3030548778054644 2.280031784864645 0
3840 -1.189271546768096 -0.3904196426256713 0
3841 2.001069428050579 -1.284777873122983 0
3842 -1.132221046711211 -1.160131685979897 0
3843 -0.6055107168371408 -0.653180343391813 0
3844 -1.803827883532266 0.698749541725129 0
3845 0.06109971860084006 -0.329150027709776 0
3846 1.399677705889326 1.632667087620672 0
3847 1.762929606329213 0.01466020848214449 0
3848 -0.01545368255398934 1.511390796910606 0
3849 0.2996284464395218 1.505701638092136 0
3850 2.64778289469123 0.5715919745768441 0
3851 -1.311238839474999 -0.01848052270172058 0
3852 -1.738148118034821 0.2657943894282157 0
3853 0.9866930184274025 1.345210967947372 0
3854 -0.8593670755819739 1.33840270042123 0
3855 0.2704089495552359 -0.5072746243479704 0
3856 -2.319045303676694 -0.04580529613639931 0
3857 -3.348718287052437 0.1425030984716895 0
3858 0.4000774856876009 -0.6287515650774725 0
3859 -3.267989548886934 0.1326771754909558 0
3860 -0.0910406567304783 1.505758642848764 0
3861 -2.191900087564444 -0.2807801311288645 0
3862 1.029901853104959 1.003298180043108 0
3863 1.611055783868633 1.740433475837914 0
3864 2.640290653035385 1.179263886548745 0
3865 0.1249787754662627 0.2576550730376843 0
3866 -1.724742216456346 2.083496559353506 0
3867 1.544510049169429 0.6674539561808945 0
3868 -1.379558852545367 -1.039754272180488 0
3869 1.969811311517626 -1.344248714813469 0
3870 0.2803052302985413 -1.456396871621687 0
3871 0.4226967903505833 2.076860315069977 0
3872 1.834648983729419 2.099061700348186 0
3873 0.5617981104631758 1.044314810258324 0
3874 0.5826239334294673 2.3149763712812 0
3875 -1.103216393068679 1.827861610808068 0
3876 1.897033028953464 1.692729174520532 0
3877 1.721406347858786 1.191614030173626 0
3878 -1.83955201020927 0.6677182022737803 0
3879 2.782896724342715 0.8456509010547685 0
3880 2.786896755326587 1.198395459161114 0
3881 -2.354242388147754 -0.2244992568703733 0
3882 -3.385801315690824 0.3205612437277662 0
3883 -0.7727005118906528 -0.5749609596125098 0
3884 -0.4638398873844158 2.494373743378578 0
3885 -1.306772172704585 -1.146232788092316 0
3886 1.606691187716385 -0.2739272754853778 0
3887 2.223775628764147 1.428800122069504 0
3888 -1.587893455367756 -0.3933171617507588 0
3889 -2.313789161044769 0.5978336223973031 0
3890 3.10603746589162 0.7486963148776759 0
3891 -0.3418765275300569 -0.6440595365780817 0
3892 1.984231725843141 1.679564189445189 0
3893 -1.513610344132167 1.323873435500375 0
3894 1.174582305729708 -0.5820440157181741 0
3895 1.694308395474747 1.87749329919202 0
3896 1.170649950888027 1.986323239265382 0
3897 -1.67519655529458 1.753494141683716 0
3898 -1.582941729547241 0.3094547823520469 0
3899 1.850619130105287 0.7365602687078464 0
3900 1.867730497862394 0.1500957020231707 0
3901 1.962517692918558 0.8191333747850458 0
3902 1.983459845485108 0.8611538438851408 0
3903 -1.368684682998214 -0.1714717877722986 0
3904 -3.004612417785137 0.4916430377940031 0
3905 3.669394984458173 1.062437641398164 0
3906 0.6139067790085174 -0.4637057830993484 0
3907 -1.147404830492297 -0.933272786314409 0
3908 0.3263107493323816 1.10468246009966 0
3909 0.5968119965844041 0.6567960646503428 0
3910 0.2109300807840561 -0.957023663161916 0
3911 1.533513785711274 2.255199759649604 0
3912 -2.848895232494304 0.1785392989570768 0
3913 -1.48839809559488 2.079501636479229 0
3914 -1.022254106376112 1.562165592402879 0
3915 1.428716889943727 2.026671848555392 0
3916 2.4940075782401 1.348435560223126 0
3917 1.738935849959263 1.778473885769293 0
3918 1.663370481812529 1.777273772925244 0
3919 0.4732572901136941 -0.05887837535632186 0
3920 -0.5220561283647108 2.133711195648652 0
3921 2.614179662988751 0.8249406731853317 0
3922 -1.520755711060191 -0.6283545131805686 0
3923 1.606124783705472 -0.1301922492581972 0
3924 2.07151108450211 0.4687784930944903 0
3925 -0.4500122858396807 0.8249292354330269 0
3926 2.338496334158612 0.7247923080701212 0
3927 1.457274556954872 -0.4643479680133386 0
3928 -2.31726930561264 -0.2330162880704018 0
3929 -0.2741432585079474 2.068569079818626 0
3930 2.865536884053209 0.9811332610881837 0
3931 3.324155575424815 0.473550403255167 0
3932 -1.207298146189574 1.011330884466684 0
3933 1.347108361699635 -0.7573491274095874 0
3934 -1.827796844300326 0.4990527616836077 0
3935 0.2108832984723588 1.839552260485881 0
3936 -0.5059052858723517 1.713335936176081 0
3937 0.7287305716733956 -0.3173852431872159 0
3938 -0.05410197473728302 -1.480169875263163 0
3939 3.064856348240131 1.089436895274967 0
3940 1.685340202741983 -0.1397628098844031 0
3941 3.079065145127558 0.5409239446650809 0
3942 1.662055976764299 -1.217486963650164 0
3943 -1.485583406485066 1.23606445342539 0
3944 0.4347870720662246 1.678541075983621 0
3945 0.6423669973403822 2.392337668135529 0
3946 3.378042389594378 1.261050863131565 0
3947 -3.601563027387156 0.1878210828612632 0
3948 -0.130070695271829 -0.7703693508435726 0
3949 -0.8179257965024144 0.8089332548915847 0
3950 1.92852882974355 -1.178733009771086 0
3951 3.35185357632654 0.6713858966825129 0
3952 3.668348867015924 1.146373576660105 0
3953 1.732059605617651 0.7999247024235212 0
3954 0.2908372112892425 -0.6128080701817341 0
3955 0.117788957539266 -0.7338794330093656 0
3956 2.424429035270462 1.481252446237688 0
3957 -2.50665556327418 0.2739876613803156 0
3958 2.88461364416134 1.330403433325674 0
3959 -1.192331841408824 -0.2603882515541413 0
3960 -1.758702722948128 2.208649705930759 0
3961 -1.739467518226952 2.121949271739492 0
3962 -1.27437105035697 1.327153223125277 0
3963 -1.913115614817295 -0.3916381641683533 0
3964 0.2185097208847777 -1.368232009183556 0
3965 2.513994048742459 0.8382652655508815 0
3966 0.2966218616180974 1.191638813213391 0
3967 1.061193801617533 1.067049926903586 0
3968 -1.413168080521715 0.9785819021603217 0
3969 -2.769999370892525 0.6359289754176549 0
3970 -1.367557042655068 2.045705788105801 0
3971 -0.8554905946311545 0.9738506095575352 0
3972 2.847722317722155 1.302372901951808 0
3973 -2.43125419758057 -0.0465109548583398 0
3974 -0.5472086115019487 2.192804447806768 0
3975 -1.448057548916182 1.560578000857402 0
3976 -1.459667622027518 -0.4887412717925547 0
3977 0.1130281649483451 -1.326162396022713 0
3978 3.260086614997585 1.061143151034166 0
3979 -1.535569882550402 0.8303861734755448 0
3980 -1.255358447094812 0.1971215875508707 0
3981 1.62585470600597 -0.5035349455221281 0
3982 -1.639113011943109 1.794335333862016 0
3983 2.156417038744298 0.5295696135882902 0
3984 -1.607726517533981 1.845974186500731 0
3985 -0.4531414809720903 -0.576024306911697 0
3986 0.4146381972032356 -1.412683075108789 0
3987 -1.761544741912288 -0.4516477177488736 0
3988 -0.2822468182486813 1.61730779056933 0
3989 3.063022466291855 1.291254345625748 0
3990 -1.628170113502352 0.8890881717852506 0
3991 2.739185638774621 0.6227585497911743 0
3992 -1.644972181664296 1.977519731956868 0
3993 2.817210469452429 0.8006607532273328 0
3994 -1.659762749838547 0.5706326681678848 0
3995 -1.593104396290892 0.5823071043307309 0
3996 2.122828873987466 0.3292483048527506 0
3997 1.769161526175878 -0.8728909437185812 0
3998 -0.2693611959763533 -0.8110818453124318 0
3999 -3.305703491375241 0.1291438741003427 0
4000 0.2001362296865313 -1.590062071137224 0
4001 -2.62943004355918 -0.06377731248498134 0
4002 0.3499984963326077 1.571339444578022 0
4003 -0.02090195648452213 -1.192863932476171 0
4004 -0.2114129905665569 -0.9280937107473899 0
4005 3.774357128926915 0.5091740077322932 0
4006 2.174609908464495 0.3814430409603118 0
4007 -0.2993957569183259 1.12751169951048 0
4008 2.682736262880451 0.8527457439860066 0
4009 -1.868288664963127 0.685094118588272 0
4010 1.476117676014829 -0.6855626964390124 0
4011 0.2314694085319725 -1.502823441676012 0
4012 -0.2854010829256408 2.387749594580307 0
4013 3.192950110239015 1.047629211987612 0
4014 -0.1193055231765576 -1.146324845391311 0
4015 -1.893726168597101 0.497516274397154 0
4016 1.20114780388971 2.038939747598351 0
4017 -1.686928140359864 0.4992131244111788 0
4018 1.75489721645073 -0.928334649397565 0
4019 -1.705727469629222 -0.1736833429351422 0
4020 0.7229109525748488 1.008450760896864 0
4021 -2.514237636280556 -0.164964704674528 0
4022 -1.679726126250098 -0.4467224210157598 0
4023 -1.544181194790387 -0.6909286905758218 0
4024 -3.07454414546909 0.04376675859764306 0
4025 -1.482471912494662 0.7717478415837338 0
4026 -0.39116579193541 2.63183468449996 0
4027 3.027429581538657 0.7710972211301228 0
4028 -2.736153556899064 0.01200031719998802 0
4029 -0.8049810060149967 -0.3815288641608227 0
4030 0.02084491309134563 1.626971906273226 0
4031 0.8320193815245395 -0.2702558374509498 0
4032 2.948913972918394 1.009520682940215 0
4033 -2.460571862415449 0.1012114361227514 0
4034 3.110664687813093 0.5368738767190115 0
4035 1.464921748342487 -0.9607289339661688 0
4036 -0.4632611586015554 -0.6640394080988665 0
4037 -0.6641184553956978 -0.5910645166283744 0
4038 1.617814871282151 0.9097733824075079 0
4039 -2.072641092295732 0.8606269656931727 0
4040 -1.502496121726236 -0.808127755384704 0
4041 0.5065222317891478 2.181259033622713 0
4042 -1.537788004145186 -0.4243071199428703 0
4043 2.886615392664759 1.036523573508722 0
4044 -1.744349346399869 0.7558914586616521 0
4045 -3.666335035165223 0.1419318619411059 0
4046 -2.075764492435027 -0.1569007120713386 0
4047 1.566910973290032 1.764402720473499 0
4048 1.258266230228622 1.902983367421728 0
4049 1.804633340374637 -1.419874238994756 0
4050 2.804705457243848 1.007647021874919 0
4051 -2.288073492061085 -0.1849356520131447 0
4052 -0.6722109591612206 -0.3396921157296463 0
4053 -0.1977905894631088 1.705762371440451 0
4054 1.410490789995743 -0.7788942489972183 0
4055 0.4748962719467802 1.916103335080565 0
4056 -1.657795856104673 2.263480094797353 0
4057 -3.249796014261543 0.07364059707875158 0
4058 -1.048687430490234 -0.7111644620697142 0
4059 -2.340902181196663 0.6654916342518761 0
4060 0.6525485435819245 -0.4464331997862131 0
4061 3.478808435692881 0.5328795336724644 0
4062 -0.2530401410203162 1.95062811429411 0
4063 1.830391044429018 0.226967343551974 0
4064 -1.762946428260503 2.330777110465661 0
4065 2.811898004570985 0.5802264988587639 0
4066 -1.483772693153622 -0.5985582903673269 0
4067 2.775919636323622 1.389020826210331 0
4068 1.437973104106463 1.941624064152482 0
4069 -1.43472619173866 -0.7472639154159845 0
4070 1.948167449160454 0.1750514983097021 0
4071 0.32263587053071 -0.3164578857065279 0
4072 1.108598675309388 1.684771822456604 0
4073 -1.532383075543496 1.861286595657061 0
4074 -0.5318451548337628 2.049674756548502 0
4075 2.011893187201308 1.664326343477688 0
4076 -0.6179767603836384 1.282427112106511 0
4077 0.3849769667188914 0.505044518659139 0
4078 -1.128465653706644 -1.280288055026919 0
4079 -2.185144638060442 0.6457916114367386 0
4080 -0.8681235045244017 -0.4697366083991172 0
4081 -2.046715682731282 -0.2491248706693092 0
4082 -0.3963126743648555 -0.1905465063328367 0
4083 0.5059471660358095 -0.5453661197173753 0
4084 3.065823321819317 1.13177779484343 0
4085 -3.087434157683421 0.3222713904825574 0
4086 1.83662962491223 0.5308863521505631 0
4087 0.3373096298590825 -1.414635710426375 0
4088 -3.183007832031138 0.0634969131666564 0
4089 1.929169213456126 0.2429228366539922 0
4090 3.224752075300603 1.047459535280859 0
$EndNodes
$Elements
8178
1 1 2 1 1 1 112
2 1 2 1 1 112 113
3 1 2 1 1 113 114
4 1 2 1 1 114 115
5 1 2 1 1 115 116
6 1 2 1 1 116 2
7 1 2 1 2 2 117
8 1 2 1 2 117 118
9 1 2 1 2 118 119
10 1 2 1 2 119 120
11 1 2 1 2 120 121
12 1 2 1 2 121 3
13 1 2 1 3 3 122
14 1 2 1 3 122 123
15 1 2 1 3 123 124
16 1 2 1 3 124 125
17 1 2 1 3 125 126
18 1 2 1 3 126 4
19 1 2 1 4 4 127
20 1 2 1 4 127 128
21 1 2 1 4 128 129
22 1 2 1 4 129 130
23 1 2 1 4 130 131
24 1 2 1 4 131 132
25 1 2 1 4 132 5
26 1 2 1 5 5 133
27 1 2 1 5 133 134
28 1 2 1 5 134 135
29 1 2 1 5 135 136
30 1 2 1 5 136 6
31 1 2 1 6 6 137
32 1 2 1 6 137 138
33 1 2 1 6 138 139
34 1 2 1 6 139 140
35 1 2 1 6 140 141
36 1 2 1 6 141 142
37 1 2 1 6 142 7
38 1 2 1 7 7 143
39 1 2 1 7 143 144
40 1 2 1 7 144 145
41 1 2 1 7 145 146
42 1 2 1 7 146 147
43 1 2 1 7 147 8
44 1 2 1 8 8 148
45 1 2 1 8 148 149
46 1 2 1 8 149 150
47 1 2 1 8 150 151
48 1 2 1 8 151 152
49 1 2 1 8 152 153
50 1 2 1 8 153 154
51 1 2 1 8 154 9
52 1 2 1 9 9 155
53 1 2 1 9 155 156
54 1 2 1 9 156 157
55 1 2 1 9 157 158
56 1 2 1 9 158 159
57 1 2 1 9 159 160
58 1 2 1 9 160 10
59 1 2 1 10 10 161
60 1 2 1 10 161 162
61 1 2 1 10 162 163
62 1 2 1 10 163 164
63 1 2 1 10 164 165
64 1 2 1 10 165 166
65 1 2 1 10 166 167
66 1 2 1 10 167 168
67 1 2 1 10 168 11
68 1 2 1 11 11 169
69 1 2 1 11 169 170
70 1 2 1 11 170 171
71 1 2 1 11 171 172
72 1 2 1 11 172 173
73 1 2 1 11 173 174
74 1 2 1 11 174 12
75 1 2 1 12 12 175
76 1 2 1 12 175 176
77 1 2 1 12 176 177
78 1 2 1 12 177 178
79 1 2 1 12 178 179
80 1 2 1 12 179 180
81 1 2 1 12 180 13
82 1 2 1 13 13 181
83 1 2 1 13 181 182
84 1 2 1 13 182 183
85 1 2 1 13 183 184
86 1 2 1 13 184 14
87 1 2 1 14 14 185
88 1 2 1 14 185 186
89 1 2 1 14 186 187
90 1 2 1 14 187 188
91 1 2 1 14 188 189
92 1 2 1 14 189 190
93 1 2 1 14 190 191
94 1 2 1 14 191 192
95 1 2 1 14 192 193
96 1 2 1 14 193 194
97 1 2 1 14 194 195
98 1 2 1 14 195 196
99 1 2 1 14 196 197
100 1 2 1 14 197 198
101 1 2 1 14 198 199
102 1 2 1 14 199 200
103 1 2 1 14 200 201
104 1 2 1 14 201 202
105 1 2 1 14 202 203
106 1 2 1 14 203 204
107 1 2 1 14 204 205
108 1 2 1 14 205 206
109 1 2 1 14 206 207
110 1 2 1 14 207 208
111 1 2 1 14 208 209
112 1 2 1 14 209 210
113 1 2 1 14 210 211
114 1 2 1 14 211 212
115 1 2 1 14 212 213
116 1 2 1 14 213 214
117 1 2 1 14 214 215
118 1 2 1 14 215 216
119 1 2 1 14 216 217
120 1 2 1 14 217 218
121 1 2 1 14 218 219
122 1 2 1 14 219 15
123 1 2 1 15 15 220
124 1 2 1 15 220 221
125 1 2 1 15 221 222
126 1 2 1 15 222 223
127 1 2 1 15 223 224
128 1 2 1 15 224 225
129 1 2 1 15 225 226
130 1 2 1 15 226 227
131 1 2 1 15 227 16
132 1 2 1 16 16 228
133 1 2 1 16 228 229
134 1 2 1 16 229 230
135 1 2 1 16 230 231
136 1 2 1 16 231 232
137 1 2 1 16 232 233
138 1 2 1 16 233 234
139 1 2 1 16 234 235
140 1 2 1 16 235 17
141 1 2 1 17 17 236
142 1 2 1 17 236 237
143 1 2 1 17 237 238
144 1 2 1 17 238 239
145 1 2 1 17 239 240
146 1 2 1 17 240 241
147 1 2 1 17 241 242
148 1 2 1 17 242 243
149 1 2 1 17 243 18
150 1 2 1 18 18 244
151 1 2 1 18 244 245
152 1 2 1 18 245 246
153 1 2 1 18 246 247
154 1 2 1 18 247 248
155 1 2 1 18 248 249
156 1 2 1 18 249 19
157 1 2 1 19 19 250
158 1 2 1 19 250 251
159 1 2 1 19 251 252
160 1 2 1 19 252 253
161 1 2 1 19 253 254
162 1 2 1 19 254 255
163 1 2 1 19 255 256
164 1 2 1 19 256 257
165 1 2 1 19 257 258
166 1 2 1 19 258 259
167 1 2 1 19 259 260
168 1 2 1 19 260 261
169 1 2 1 19 261 262
170 1 2 1 19 262 263
171 1 2 1 19 263 264
172 1 2 1 19 264 265
173 1 2 1 19 265 266
174 1 2 1 19 266 267
175 1 2 1 19 267 268
176 1 2 1 19 268 269
177 1 2 1 19 269 270
178 1 2 1 19 270 271
179 1 2 1 19 271 272
180 1 2 1 19 272 273
181 1 2 1 19 273 274
182 1 2 1 19 274 275
183 1 2 1 19 275 276
184 1 2 1 19 276 277
185 1 2 1 19 277 20
186 1 2 1 20 20 278
187 1 2 1 20 278 279
188 1 2 1 20 279 280
189 1 2 1 20 280 281
190 1 2 1 20 281 282
191 1 2 1 20 282 283
192 1 2 1 20 283 284
193 1 2 1 20 284 21
194 1 2 1 21 21 285
195 1 2 1 21 285 286
196 1 2 1 21 286 287
197 1 2 1 21 287 288
198 1 2 1 21 288 289
199 1 2 1 21 289 290
200 1 2 1 21 290 291
201 1 2 1 21 291 22
202 1 2 1 22 22 292
203 1 2 1 22 292 293
204 1 2 1 22 293 294
205 1 2 1 22 294 295
206 1 2 1 22 295 296
207 1 2 1 22 296 297
208 1 2 1 22 297 298
209 1 2 1 22 298 299
210 1 2 1 22 299 23
211 1 2 1 23 23 300
212 1 2 1 23 300 301
213 1 2 1 23 301 302
214 1 2 1 23 302 303
215 1 2 1 23 303 304
216 1 2 1 23 304 305
217 1 2 1 23 305 24
218 1 2 1 24 24 306
219 1 2 1 24 306 307
220 1 2 1 24 307 308
221 1 2 1 24 308 309
222 1 2 1 24 309 310
223 1 2 1 24 310 311
224 1 2 1 24 311 312
225 1 2 1 24 312 313
226 1 2 1 24 313 314
227 1 2 1 24 314 315
228 1 2 1 24 315 316
229 1 2 1 24 316 317
230 1 2 1 24 317 318
231 1 2 1 24 318 319
232 1 2 1 24 319 320
233 1 2 1 24 320 321
234 1 2 1 24 321 322
235 1 2 1 24 322 323
236 1 2 1 24 323 324
237 1 2 1 24 324 325
238 1 2 1 24 325 326
239 1 2 1 24 326 327
240 1 2 1 24 327 328
241 1 2 1 24 328 329
242 1 2 1 24 329 330
243 1 2 1 24 330 331
244 1 2 1 24 331 25
245 1 2 1 25 25 332
246 1 2 1 25 332 333
247 1 2 1 25 333 334
248 1 2 1 25 334 335
249 1 2 1 25 335 336
250 1 2 1 25 336 337
251 1 2 1 25 337 338
252 1 2 1 25 338 26
253 1 2 1 26 26 339
254 1 2 1 26 339 340
255 1 2 1 26 340 341
256 1 2 1 26 341 342
257 1 2 1 26 342 343
258 1 2 1 26 343 344
259 1 2 1 26 344 27
260 1 2 1 27 27 345
261 1 2 1 27 345 346
262 1 2 1 27 346 347
263 1 2 1 27 347 348
264 1 2 1 27 348 349
265 1 2 1 27 349 350
266 1 2 1 27 350 28
267 1 2 1 28 28 351
268 1 2 1 28 351 352
269 1 2 1 28 352 353
270 1 2 1 28 353 354
271 1 2 1 28 354 355
272 1 2 1 28 355 356
273 1 2 1 28 356 29
274 1 2 1 29 29 357
275 1 2 1 29 357 358
276 1 2 1 29 358 359
277 1 2 1 29 359 360
278 1 2 1 29 360 361
279 1 2 1 29 361 362
280 1 2 1 29 362 30
281 1 2 1 30 30 363
282 1 2 1 30 363 364
283 1 2 1 30 364 365
284 1 2 1 30 365 366
285 1 2 1 30 366 367
286 1 2 1 30 367 31
287 1 2 1 31 31 368
288 1 2 1 31 368 369
289 1 2 1 31 369 370
290 1 2 1 31 370 371
291 1 2 1 31 371 372
292 1 2 1 31 372 373
293 1 2 1 31 373 32
294 1 2 1 32 32 374
295 1 2 1 32 374 375
296 1 2 1 32 375 376
297 1 2 1 32 376 377
298 1 2 1 32 377 378
299 1 2 1 32 378 379
300 1 2 1 32 379 380
301 1 2 1 32 380 33
302 1 2 1 33 33 381
303 1 2 1 33 381 382
304 1 2 1 33 382 383
305 1 2 1 33 383 384
306 1 2 1 33 384 385
307 1 2 1 33 385 386
308 1 2 1 33 386 387
309 1 2 1 33 387 388
310 1 2 1 33 388 389
311 1 2 1 33 389 390
312 1 2 1 33 390 391
313 1 2 1 33 391 392
314 1 2 1 33 392 34
315 1 2 1 34 34 393
316 1 2 1 34 393 394
317 1 2 1 34 394 395
318 1 2 1 34 395 396
319 1 2 1 34 396 397
320 1 2 1 34 397 398
321 1 2 1 34 398 399
322 1 2 1 34 399 35
323 1 2 1 35 35 400
324 1 2 1 35 400 401
325 1 2 1 35 401 402
326 1 2 1 35 402 403
327 1 2 1 35 403 404
328 1 2 1 35 404 405
329 1 2 1 35 405 406
330 1 2 1 35 406 407
331 1 2 1 35 407 408
332 1 2 1 35 408 409
333 1 2 1 35 409 410
334 1 2 1 35 410 411
335 1 2 1 35 411 412
336 1 2 1 35 412 36
337 1 2 1 36 36 413
338 1 2 1 36 413 414
339 1 2 1 36 414 415
340 1 2 1 36 415 416
341 1 2 1 36 416 417
342 1 2 1 36 417 418
343 1 2 1 36 418 419
344 1 2 1 36 419 420
345 1 2 1 36 420 421
346 1 2 1 36 421 422
347 1 2 1 36 422 423
348 1 2 1 36 423 37
349 1 2 1 37 37 424
350 1 2 1 37 424 425
351 1 2 1 37 425 426
352 1 2 1 37 426 427
353 1 2 1 37 427 428
354 1 2 1 37 428 429
355 1 2 1 37 429 430
356 1 2 1 37 430 431
357 1 2 1 37 431 432
358 1 2 1 37 432 433
359 1 2 1 37 433 38
360 1 2 1 38 38 434
361 1 2 1 38 434 435
362 1 2 1 38 435 436
363 1 2 1 38 436 437
364 1 2 1 38 437 438
365 1 2 1 38 438 439
366 1 2 1 38 439 440
367 1 2 1 38 440 441
368 1 2 1 38 441 442
369 1 2 1 38 442 443
370 1 2 1 38 443 39
371 1 2 1 39 39 444
372 1 2 1 39 444 445
373 1 2 1 39 445 446
374 1 2 1 39 446 447
375 1 2 1 39 447 448
376 1 2 1 39 448 40
377 1 2 1 40 40 449
378 1 2 1 40 449 450
379 1 2 1 40 450 451
380 1 2 1 40 451 452
381 1 2 1 40 452 41
382 1 2 1 41 41 453
383 1 2 1 41 453 454
384 1 2 1 41 454 455
385 1 2 1 41 455 456
386 1 2 1 41 456 457
387 1 2 1 41 457 458
388 1 2 1 41 458 42
389 1 2 1 42 42 459
390 1 2 1 42 459 460
391 1 2 1 42 460 461
392 1 2 1 42 461 462
393 1 2 1 42 462 43
394 1 2 1 43 43 463
395 1 2 1 43 463 464
396 1 2 1 43 464 465
397 1 2 1 43 465 466
398 1 2 1 43 466 467
399 1 2 1 43 467 44
400 1 2 1 44 44 468
401 1 2 1 44 468 469
402 1 2 1 44 469 470
403 1 2 1 44 470 471
404 1 2 1 44 471 472
405 1 2 1 44 472 473
406 1 2 1 44 473 45
407 1 2 1 45 45 474
408 1 2 1 45 474 475
409 1 2 1 45 475 476
410 1 2 1 45 476 477
411 1 2 1 45 477 478
412 1 2 1 45 478 479
413 1 2 1 45 479 480
414 1 2 1 45 480 46
415 1 2 1 46 46 481
416 1 2 1 46 481 482
417 1 2 1 46 482 483
418 1 2 1 46 483 484
419 1 2 1 46 484 485
420 1 2 1 46 485 486
421 1 2 1 46 486 47
422 1 2 1 47 47 487
423 1 2 1 47 487 488
424 1 2 1 47 488 489
425 1 2 1 47 489 490
426 1 2 1 47 490 491
427 1 2 1 47 491 492
428 1 2 1 47 492 493
429 1 2 1 47 493 48
430 1 2 1 48 48 494
431 1 2 1 48 494 495
432 1 2 1 48 495 496
433 1 2 1 48 496 497
434 1 2 1 48 497 49
435 1 2 1 49 49 498
436 1 2 1 49 498 499
437 1 2 1 49 499 500
438 1 2 1 49 500 501
439 1 2 1 49 501 502
440 1 2 1 49 502 503
441 1 2 1 49 503 504
442 1 2 1 49 504 50
443 1 2 1 50 50 505
444 1 2 1 50 505 506
445 1 2 1 50 506 507
446 1 2 1 50 507 508
447 1 2 1 50 508 509
448 1 2 1 50 509 510
449 1 2 1 50 510 51
450 1 2 1 51 51 511
451 1 2 1 51 511 512
452 1 2 1 51 512 513
453 1 2 1 51 513 514
454 1 2 1 51 514 515
455 1 2 1 51 515 52
456 1 2 1 52 52 516
457 1 2 1 52 516 517
458 1 2 1 52 517 518
459 1 2 1 52 518 519
460 1 2 1 52 519 520
461 1 2 1 52 520 521
462 1 2 1 52 521 53
463 1 2 1 53 53 522
464 1 2 1 53 522 523
465 1 2 1 53 523 524
466 1 2 1 53 524 525
467 1 2 1 53 525 526
468 1 2 1 53 526 527
469 1 2 1 53 527 54
470 1 2 1 54 54 528
471 1 2 1 54 528 529
472 1 2 1 54 529 530
473 1 2 1 54 530 531
474 1 2 1 54 531 532
475 1 2 1 54 532 533
476 1 2 1 54 533 534
477 1 2 1 54 534 535
478 1 2 1 54 535 55
479 1 2 1 55 55 536
480 1 2 1 55 536 537
481 1 2 1 55 537 538
482 1 2 1 55 538 539
483 1 2 1 55 539 540
484 1 2 1 55 540 56
485 1 2 1 56 56 541
486 1 2 1 56 541 542
487 1 2 1 56 542 543
488 1 2 1 56 543 544
489 1 2 1 56 544 545
490 1 2 1 56 545 57
491 1 2 1 57 57 546
492 1 2 1 57 546 547
493 1 2 1 57 547 548
494 1 2 1 57 548 549
495 1 2 1 57 549 550
496 1 2 1 57 550 551
497 1 2 1 57 551 58
498 1 2 1 58 58 552
499 1 2 1 58 552 553
500 1 2 1 58 553 554
501 1 2 1 58 554 555
502 1 2 1 58 555 556
503 1 2 1 58 556 557
504 1 2 1 58 557 59
505 1 2 1 59 59 558
506 1 2 1 59 558 559
507 1 2 1 59 559 560
508 1 2 1 59 560 561
509 1 2 1 59 561 562
510 1 2 1 59 562 563
511 1 2 1 59 563 60
512 1 2 1 60 60 564
513 1 2 1 60 564 565
514 1 2 1 60 565 566
515 1 2 1 60 566 567
516 1 2 1 60 567 568
517 1 2 1 60 568 569
518 1 2 1 60 569 61
519 1 2 1 61 61 570
520 1 2 1 61 570 571
521 1 2 1 61 571 572
522 1 2 1 61 572 573
523 1 2 1 61 573 574
524 1 2 1 61 574 62
525 1 2 1 62 62 575
526 1 2 1 62 575 576
527 1 2 1 62 576 577
528 1 2 1 62 577 578
529 1 2 1 62 578 579
530 1 2 1 62 579 580
531 1 2 1 62 580 63
532 1 2 1 63 63 581
533 1 2 1 63 581 582
534 1 2 1 63 582 583
535 1 2 1 63 583 584
536 1 2 1 63 584 585
537 1 2 1 63 585 64
538 1 2 1 64 64 586
539 1 2 1 64 586 587
540 1 2 1 64 587 588
541 1 2 1 64 588 589
542 1 2 1 64 589 590
543 1 2 1 64 590 65
544 1 2 1 65 65 591
545 1 2 1 65 591 592
546 1 2 1 65 592 593
547 1 2 1 65 593 594
548 1 2 1 65 594 595
549 1 2 1 65 595 596
550 1 2 1 65 596 66
551 1 2 1 66 66 597
552 1 2 1 66 597 598
553 1 2 1 66 598 599
554 1 2 1 66 599 600
555 1 2 1 66 600 601
556 1 2 1 66 601 602
557 1 2 1 66 602 603
558 1 2 1 66 603 67
559 1 2 1 67 67 604
560 1 2 1 67 604 605
561 1 2 1 67 605 606
562 1 2 1 67 606 607
563 1 2 1 67 607 608
564 1 2 1 67 608 609
565 1 2 1 67 609 610
566 1 2 1 67 610 68
567 1 2 1 68 68 611
568 1 2 1 68 611 612
569 1 2 1 68 612 613
570 1 2 1 68 613 614
571 1 2 1 68 614 615
572 1 2 1 68 615 616
573 1 2 1 68 616 69
574 1 2 1 69 69 617
575 1 2 1 69 617 618
576 1 2 1 69 618 619
577 1 2 1 69 619 620
578 1 2 1 69 620 70
579 1 2 1 70 70 621
580 1 2 1 70 621 622
581 1 2 1 70 622 623
582 1 2 1 70 623 624
583 1 2 1 70 624 625
584 1 2 1 70 625 626
585 1 2 1 70 626 71
586 1 2 1 71 71 627
587 1 2 1 71 627 628
588 1 2 1 71 628 629
589 1 2 1 71 629 630
590 1 2 1 71 630 631
591 1 2 1 71 631 632
592 1 2 1 71 632 72
593 1 2 1 72 72 633
594 1 2 1 72 633 634
595 1 2 1 72 634 635
596 1 2 1 72 635 636
597 1 2 1 72 636 637
598 1 2 1 72 637 73
599 1 2 1 73 73 638
600 1 2 1 73 638 639
601 1 2 1 73 639 640
602 1 2 1 73 640 641
603 1 2 1 73 641 74
604 1 2 1 74 74 642
605 1 2 1 74 642 643
606 1 2 1 74 643 644
607 1 2 1 74 644 645
608 1 2 1 74 645 646
609 1 2 1 74 646 75
610 1 2 1 75 75 647
611 1 2 1 75 647 648
612 1 2 1 75 648 649
613 1 2 1 75 649 650
614 1 2 1 75 650 651
615 1 2 1 75 651 76
616 1 2 1 76 76 652
617 1 2 1 76 652 653
618 1 2 1 76 653 654
619 1 2 1 76 654 655
620 1 2 1 76 655 656
621 1 2 1 76 656 657
622 1 2 1 76 657 77
623 1 2 1 77 77 658
624 1 2 1 77 658 659
625 1 2 1 77 659 660
626 1 2 1 77 660 661
627 1 2 1 77 661 662
628 1 2 1 77 662 663
629 1 2 1 77 663 664
630 1 2 1 77 664 78
631 1 2 1 78 78 665
632 1 2 1 78 665 666
633 1 2 1 78 666 667
634 1 2 1 78 667 668
635 1 2 1 78 668 669
636 1 2 1 78 669 670
637 1 2 1 78 670 671
638 1 2 1 78 671 79
639 1 2 1 79 79 672
640 1 2 1 79 672 673
641 1 2 1 79 673 674
642 1 2 1 79 674 675
643 1 2 1 79 675 676
644 1 2 1 79 676 677
645 1 2 1 79 677 80
646 1 2 1 80 80 678
647 1 2 1 80 678 679
648 1 2 1 80 679 680
649 1 2 1 80 680 681
650 1 2 1 80 681 682
651 1 2 1 80 682 683
652 1 2 1 80 683 81
653 1 2 1 81 81 684
654 1 2 1 81 684 685
655 1 2 1 81 685 686
656 1 2 1 81 686 687
657 1 2 1 81 687 688
658 1 2 1 81 688 689
659 1 2 1 81 689 690
660 1 2 1 81 690 82
661 1 2 1 82 82 691
662 1 2 1 82 691 692
663 1 2 1 82 692 693
664 1 2 1 82 693 694
665 1 2 1 82 694 695
666 1 2 1 82 695 696
667 1 2 1 82 696 83
668 1 2 1 83 83 697
669 1 2 1 83 697 698
670 1 2 1 83 698 699
671 1 2 1 83 699 700
672 1 2 1 83 700 701
673 1 2 1 83 701 702
674 1 2 1 83 702 703
675 1 2 1 83 703 84
676 1 2 1 84 84 704
677 1 2 1 84 704 705
678 1 2 1 84 705 706
679 1 2 1 84 706 707
680 1 2 1 84 707 85
681 1 2 1 85 85 708
682 1 2 1 85 708 709
683 1 2 1 85 709 710
684 1 2 1 85 710 711
685 1 2 1 85 711 712
686 1 2 1 85 712 86
687 1 2 1 86 86 713
688 1 2 1 86 713 714
689 1 2 1 86 714 715
690 1 2 1 86 715 716
691 1 2 1 86 716 87
692 1 2 1 87 87 717
693 1 2 1 87 717 718
694 1 2 1 87 718 719
695 1 2 1 87 719 720
696 1 2 1 87 720 721
697 1 2 1 87 721 88
698 1 2 1 88 88 722
699 1 2 1 88 722 723
700 1 2 1 88 723 724
701 1 2 1 88 724 725
702 1 2 1 88 725 726
703 1 2 1 88 726 727
704 1 2 1 88 727 89
705 1 2 1 89 89 728
706 1 2 1 89 728 729
707 1 2 1 89 729 730
708 1 2 1 89 730 731
709 1 2 1 89 731 732
710 1 2 1 89 732 733
711 1 2 1 89 733 90
712 1 2 1 90 90 734
713 1 2 1 90 734 735
714 1 2 1 90 735 736
715 1 2 1 90 736 737
716 1 2 1 90 737 738
717 1 2 1 90 738 739
718 1 2 1 90 739 740
719 1 2 1 90 740 91
720 1 2 1 91 91 741
721 1 2 1 91 741 742
722 1 2 1 91 742 743
723 1 2 1 91 743 744
724 1 2 1 91 744 745
725 1 2 1 91 745 746
726 1 2 1 91 746 747
727 1 2 1 91 747 92
728 1 2 1 92 92 748
729 1 2 1 92 748 749
730 1 2 1 92 749 750
731 1 2 1 92 750 751
732 1 2 1 92 751 752
733 1 2 1 92 752 753
734 1 2 1 92 753 93
735 1 2 1 93 93 754
736 1 2 1 93 754 755
737 1 2 1 93 755 756
738 1 2 1 93 756 757
739 1 2 1 93 757 758
740 1 2 1 93 758 759
741 1 2 1 93 759 94
742 1 2 1 94 94 760
743 1 2 1 94 760 761
744 1 2 1 94 761 762
745 1 2 1 94 762 763
746 1 2 1 94 763 764
747 1 2 1 94 764 765
748 1 2 1 94 765 95
749 1 2 1 95 95 766
750 1 2 1 95 766 767
751 1 2 1 95 767 768
752 1 2 1 95 768 769
753 1 2 1 95 769 770
754 1 2 1 95 770 771
755 1 2 1 95 771 772
756 1 2 1 95 772 96
757 1 2 1 96 96 773
758 1 2 1 96 773 774
759 1 2 1 96 774 775
760 1 2 1 96 775 776
761 1 2 1 96 776 777
762 1 2 1 96 777 97
763 1 2 1 97 97 778
764 1 2 1 97 778 779
765 1 2 1 97 779 780
766 1 2 1 97 780 781
767 1 2 1 97 781 782
768 1 2 1 97 782 98
769 1 2 1 98 98 783
770 1 2 1 98 783 784
771 1 2 1 98 784 785
772 1 2 1 98 785 786
773 1 2 1 98 786 99
774 1 2 1 99 99 787
775 1 2 1 99 787 788
776 1 2 1 99 788 789
777 1 2 1 99 789 790
778 1 2 1 99 790 791
779 1 2 1 99 791 100
780 1 2 1 100 100 792
781 1 2 1 100 792 793
782 1 2 1 100 793 794
783 1 2 1 100 794 795
784 1 2 1 100 795 796
785 1 2 1 100 796 797
786 1 2 1 100 797 101
787 1 2 1 101 101 798
788 1 2 1 101 798 799
789 1 2 1 101 799 800
790 1 2 1 101 800 801
791 1 2 1 101 801 802
792 1 2 1 101 802 102
793 1 2 1 102 102 803
794 1 2 1 102 803 804
795 1 2 1 102 804 805
796 1 2 1 102 805 806
797 1 2 1 102 806 807
798 1 2 1 102 807 808
799 1 2 1 102 808 809
800 1 2 1 102 809 103
801 1 2 1 103 103 810
802 1 2 1 103 810 811
803 1 2 1 103 811 812
804 1 2 1 103 812 813
805 1 2 1 103 813 814
806 1 2 1 103 814 815
807 1 2 1 103 815 104
808 1 2 1 104 104 816
809 1 2 1 104 816 817
810 1 2 1 104 817 818
811 1 2 1 104 818 819
812 1 2 1 104 819 820
813 1 2 1 104 820 821
814 1 2 1 104 821 105
815 1 2 1 105 105 822
816 1 2 1 105 822 823
817 1 2 1 105 823 824
818 1 2 1 105 824 825
819 1 2 1 105 825 826
820 1 2 1 105 826 827
821 1 2 1 105 827 106
822 1 2 1 106 106 828
823 1 2 1 106 828 829
824 1 2 1 106 829 830
825 1 2 1 106 830 831
826 1 2 1 106 831 832
827 1 2 1 106 832 833
828 1 2 1 106 833 107
829 1 2 1 107 107 834
830 1 2 1 107 834 835
831 1 2 1 107 835 836
832 1 2 1 107 836 837
833 1 2 1 107 837 838
834 1 2 1 107 838 839
835 1 2 1 107 839 108
836 1 2 1 108 108 840
837 1 2 1 108 840 841
838 1 2 1 108 841 842
839 1 2 1 108 842 843
840 1 2 1 108 843 844
841 1 2 1 108 844 845
842 1 2 1 108 845 109
843 1 2 1 109 109 846
844 1 2 1 109 846 847
845 1 2 1 109 847 848
846 1 2 1 109 848 849
847 1 2 1 109 849 850
848 1 2 1 109 850 110
849 1 2 1 110 110 851
850 1 2 1 110 851 852
851 1 2 1 110 852 853
852 1 2 1 110 853 854
853 1 2 1 110 854 855
854 1 2 1 110 855 856
855 1 2 1 110 856 1
856 2 2 1 1 678 1009 2133
857 2 2 1 1 2929 1421 2942
858 2 2 1 1 3017 2053 3726
859 2 2 1 1 2184 3418 3668
860 2 2 1 1 2437 1371 3497
861 2 2 1 1 3080 1213 3931
862 2 2 1 1 2631 1668 3262
863 2 2 1 1 1261 1262 2608
864 2 2 1 1 2934 2254 3009
865 2 2 1 1 647 646 75
866 2 2 1 1 2630 2629 2689
867 2 2 1 1 337 338 3072
868 2 2 1 1 1911 2456 2457
869 2 2 1 1 2304 2166 3954
870 2 2 1 1 2299 1577 3631
871 2 2 1 1 1648 597 2128
872 2 2 1 1 2814 2281 3724
873 2 2 1 1 1330 2181 2773
874 2 2 1 1 652 1089 2229
875 2 2 1 1 1434 2717 2718
876 2 2 1 1 1181 2445 2447
877 2 2 1 1 2643 2017 2644
878 2 2 1 1 2933 2293 3531
879 2 2 1 1 1470 2509 2557
880 2 2 1 1 2460 956 2798
881 2 2 1 1 2230 2229 2231
882 2 2 1 1 2809 1312 2946
883 2 2 1 1 1344 2770 3115
884 2 2 1 1 1820 2393 3079
885 2 2 1 1 2308 2992 3876
886 2 2 1 1 886 2513 2967
887 2 2 1 1 2475 1300 2789
888 2 2 1 1 1436 977 2981
889 2 2 1 1 2235 1230 3489
890 2 2 1 1 1931 2394 3859
891 2 2 1 1 2661 1111 2675
892 2 2 1 1 1538 2039 3761
893 2 2 1 1 1851 2122 2574
894 2 2 1 1 1102 448 2685
895 2 2 1 1 783 782 98
896 2 2 1 1 2239 1822 2373
897 2 2 1 1 1476 2344 2843
898 2 2 1 1 2524 1039 2638
899 2 2 1 1 2281 2282 3724
900 2 2 1 1 278 277 20
901 2 2 1 1 2282 1654 3688
902 2 2 1 1 2670 3080 3931
903 2 2 1 1 926 2349 2802
904 2 2 1 1 782 783 1999
905 2 2 1 1 2396 2104 2397
906 2 2 1 1 526 527 2648
907 2 2 1 1 2770 1344 3524
908 2 2 1 1 1774 1641 3154
909 2 2 1 1 2716 1338 2718
910 2 2 1 1 2580 1148 2647
911 2 2 1 1 792 791 100
912 2 2 1 1 2177 3017 3726
913 2 2 1 1 2689 1781 3244
914 2 2 1 1 1897 2574 3858
915 2 2 1 1 1656 1654 2282
916 2 2 1 1 2240 2611 3890
917 2 2 1 1 1531 2402 2626
918 2 2 1 1 1324 2499 2978
919 2 2 1 1 2841 1970 3899
920 2 2 1 1 570 571 2728
921 2 2 1 1 1744 1826 3330
922 2 2 1 1 1117 2665 3146
923 2 2 1 1 2665 1299 3486
924 2 2 1 1 1762 2385 2418
925 2 2 1 1 2691 1529 2693
926 2 2 1 1 2659 1100 3294
927 2 2 1 1 2061 2334 3335
928 2 2 1 1 66 597 1648
929 2 2 1 1 2554 2156 3186
930 2 2 1 1 2687 1279 4017
931 2 2 1 1 2353 2352 3543
932 2 2 1 1 1813 405 2740
933 2 2 1 1 2093 2726 3590
934 2 2 1 1 1873 2664 3090
935 2 2 1 1 2359 1978 2947
936 2 2 1 1 1561 1449 2323
937 2 2 1 1 3147 1812 3148
938 2 2 1 1 1487 2431 2563
939 2 2 1 1 2469 2787 2921
940 2 2 1 1 2874 1280 2875
941 2 2 1 1 1279 2210 4017
942 2 2 1 1 2158 2474 2494
943 2 2 1 1 2347 2270 3082
944 2 2 1 1 2570 2132 3841
945 2 2 1 1 2603 1416 2604
946 2 2 1 1 1846 2433 2928
947 2 2 1 1 2255 1563 3529
948 2 2 1 1 3030 2547 3412
949 2 2 1 1 826 827 2658
950 2 2 1 1 2343 1204 3308
951 2 2 1 1 2675 1111 3625
952 2 2 1 1 3305 2584 3425
953 2 2 1 1 2085 2232 3408
954 2 2 1 1 2082 2337 4037
955 2 2 1 1 1851 1776 2122
956 2 2 1 1 2454 2805 3219
957 2 2 1 1 1639 1978 2359
958 2 2 1 1 1893 1292 2339
959 2 2 1 1 638 637 73
960 2 2 1 1 2487 1075 2488
961 2 2 1 1 977 979 2981
962 2 2 1 1 892 826 2658
963 2 2 1 1 2232 2085 3391
964 2 2 1 1 2391 964 2987
965 2 2 1 1 1647 1822 2239
966 2 2 1 1 2181 1330 3303
967 2 2 1 1 2918 1390 3035
968 2 2 1 1 2476 1422 2519
969 2 2 1 1 704 703 84
970 2 2 1 1 2797 2580 3890
971 2 2 1 1 2842 1269 3424
972 2 2 1 1 2055 2270 2347
973 2 2 1 1 1827 1458 2356
974 2 2 1 1 2875 3135 3278
975 2 2 1 1 2132 2570 3353
976 2 2 1 1 1928 2522 3367
977 2 2 1 1 2837 1919 3355
978 2 2 1 1 1925 2402 3458
979 2 2 1 1 1827 2356 4086
980 2 2 1 1 2678 1302 3799
981 2 2 1 1 2121 2418 3975
982 2 2 1 1 1711 2378 2725
983 2 2 1 1 1388 2370 3908
984 2 2 1 1 1695 2343 2372
985 2 2 1 1 2114 2115 4060
986 2 2 1 1 2744 1861 2767
987 2 2 1 1 1036 2283 3476
988 2 2 1 1 3240 2275 3982
989 2 2 1 1 3026 1369 3513
990 2 2 1 1 2412 1087 2603
991 2 2 1 1 393 392 34
992 2 2 1 1 2061 2062 2334
993 2 2 1 1 1965 1748 2815
994 2 2 1 1 405 406 2740
995 2 2 1 1 2273 3267 3268
996 2 2 1 1 964 2391 2988
997 2 2 1 1 2927 1996 3437
998 2 2 1 1 1605 2515 3186
999 2 2 1 1 2812 1849 3121
1000 2 2 1 1 2711 1691 3221
1001 2 2 1 1 3101 2301 3961
1002 2 2 1 1 2347 991 3083
1003 2 2 1 1 80 678 2133
1004 2 2 1 1 1181 2447 2994
1005 2 2 1 1 625 626 3287
1006 2 2 1 1 866 2557 3968
1007 2 2 1 1 390 3087 3331
1008 2 2 1 1 2438 2146 3673
1009 2 2 1 1 2462 2298 3503
1010 2 2 1 1 2176 1782 2527
1011 2 2 1 1 2120 2559 3703
1012 2 2 1 1 1874 2146 2438
1013 2 2 1 1 2704 1320 3224
1014 2 2 1 1 637 638 2332
1015 2 2 1 1 2620 2544 4025
1016 2 2 1 1 1385 3575 3864
1017 2 2 1 1 2407 3226 3559
1018 2 2 1 1 2499 2500 2978
1019 2 2 1 1 1906 2173 2463
1020 2 2 1 1 866 14 2557
1021 2 2 1 1 2115 2113 2297
1022 2 2 1 1 2812 3121 3505
1023 2 2 1 1 2656 1974 3322
1024 2 2 1 1 1614 3013 3084
1025 2 2 1 1 1369 2649 3513
1026 2 2 1 1 2934 1887 3539
1027 2 2 1 1 1441 2362 2363
1028 2 2 1 1 3226 1226 3559
1029 2 2 1 1 2904 1774 4011
1030 2 2 1 1 1148 526 2648
1031 2 2 1 1 33 927 1551
1032 2 2 1 1 922 2443 2976
1033 2 2 1 1 1262 1474 2608
1034 2 2 1 1 773 772 96
1035 2 2 1 1 996 2375 2972
1036 2 2 1 1 2240 2142 2611
1037 2 2 1 1 2417 1873 3090
1038 2 2 1 1 2082 1881 2337
1039 2 2 1 1 2997 2262 2999
1040 2 2 1 1 2805 2454 2807
1041 2 2 1 1 2859 2508 3253
1042 2 2 1 1 2809 2534 3816
1043 2 2 1 1 3724 2841 3899
1044 2 2 1 1 1482 1545 3281
1045 2 2 1 1 2432 2621 2928
1046 2 2 1 1 2344 1476 2587
1047 2 2 1 1 1486 970 3459
1048 2 2 1 1 2298 1575 2299
1049 2 2 1 1 2925 217 3065
1050 2 2 1 1 1985 1711 2725
1051 2 2 1 1 2270 3002 3027
1052 2 2 1 1 2804 1087 3721
1053 2 2 1 1 1518 2933 3531
1054 2 2 1 1 1101 2536 2537
1055 2 2 1 1 1575 1577 2299
1056 2 2 1 1 1898 2295 3378
1057 2 2 1 1 2081 2047 2618
1058 2 2 1 1 2215 3081 3794
1059 2 2 1 1 1943 2707 3020
1060 2 2 1 1 67 1106 1746
1061 2 2 1 1 2600 1891 3072
1062 2 2 1 1 2653 1528 3178
1063 2 2 1 1 1538 1540 2039
1064 2 2 1 1 3218 2952 3311
1065 2 2 1 1 2718 1338 3086
1066 2 2 1 1 2413 994 3170
1067 2 2 1 1 1753 1775 2498
1068 2 2 1 1 1810 2106 3838
1069 2 2 1 1 2426 1398 2956
1070 2 2 1 1 2158 2473 2474
1071 2 2 1 1 2349 926 3666
1072 2 2 1 1 1416 2603 3339
1073 2 2 1 1 1899 2298 2462
1074 2 2 1 1 1292 1291 2339
1075 2 2 1 1 1580 3160 3432
1076 2 2 1 1 1087 2412 3721
1077 2 2 1 1 2875 1280 3135
1078 2 2 1 1 2493 1958 3675
1079 2 2 1 1 2298 2299 2300
1080 2 2 1 1 1204 2343 2759
1081 2 2 1 1 1636 2404 3848
1082 2 2 1 1 1631 1971 2531
1083 2 2 1 1 2184 2192 3418
1084 2 2 1 1 2840 1970 2841
1085 2 2 1 1 2606 1415 3088
1086 2 2 1 1 2952 1319 3311
1087 2 2 1 1 970 992 3459
1088 2 2 1 1 3308 1204 3700
1089 2 2 1 1 2810 2809 2946
1090 2 2 1 1 2344 1743 2843
1091 2 2 1 1 2181 2063 2773
1092 2 2 1 1 2532 2059 3263
1093 2 2 1 1 1454 986 3556
1094 2 2 1 1 2577 1333 2680
1095 2 2 1 1 1415 2606 2607
1096 2 2 1 1 2019 2814 3723
1097 2 2 1 1 1532 2156 3577
1098 2 2 1 1 1431 2546 2547
1099 2 2 1 1 1406 3179 3241
1100 2 2 1 1 2120 1900 2559
1101 2 2 1 1 1182 2701 2703
1102 2 2 1 1 2450 1311 2885
1103 2 2 1 1 986 1022 3556
1104 2 2 1 1 1998 1670 3550
1105 2 2 1 1 2254 2934 3539
1106 2 2 1 1 2383 1544 3767
1107 2 2 1 1 1941 2352 2353
1108 2 2 1 1 1670 1672 3550
1109 2 2 1 1 2677 1363 3202
1110 2 2 1 1 2297 2187 3744
1111 2 2 1 1 3037 2659 3294
1112 2 2 1 1 1774 3155 4011
1113 2 2 1 1 1906 1717 2173
1114 2 2 1 1 1762 1539 2385
1115 2 2 1 1 1605 1606 2515
1116 2 2 1 1 1029 2527 3585
1117 2 2 1 1 2038 2949 3201
1118 2 2 1 1 1459 2287 2288
1119 2 2 1 1 2262 2997 3707
1120 2 2 1 1 1916 2043 3989
1121 2 2 1 1 1820 3079 3916
1122 2 2 1 1 994 2413 2986
1123 2 2 1 1 2648 3116 3117
1124 2 2 1 1 1911 1912 2456
1125 2 2 1 1 1617 2104 2396
1126 2 2 1 1 1931 1718 2394
1127 2 2 1 1 3180 2470 3312
1128 2 2 1 1 1991 2525 2883
1129 2 2 1 1 3646 2126 3730
1130 2 2 1 1 2418 2121 3819
1131 2 2 1 1 2210 1279 2542
1132 2 2 1 1 3333 1486 3334
1133 2 2 1 1 2340 1396 3580
1134 2 2 1 1 2378 1711 3242
1135 2 2 1 1 1946 1996 2927
1136 2 2 1 1 636 637 2332
1137 2 2 1 1 1991 2883 3511
1138 2 2 1 1 2370 3225 3476
1139 2 2 1 1 2418 2857 3257
1140 2 2 1 1 2512 1017 3168
1141 2 2 1 1 991 2347 3082
1142 2 2 1 1 2547 2549 3412
1143 2 2 1 1 1746 1106 1747
1144 2 2 1 1 1731 1782 2176
1145 2 2 1 1 2399 2400 2401
1146 2 2 1 1 1371 1456 3497
1147 2 2 1 1 1424 2268 3591
1148 2 2 1 1 1444 636 2332
1149 2 2 1 1 1531 1526 2402
1150 2 2 1 1 2427 2783 2955
1151 2 2 1 1 957 2438 3673
1152 2 2 1 1 2668 1497 3376
1153 2 2 1 1 1475 1365 3201
1154 2 2 1 1 1404 3028 3616
1155 2 2 1 1 2143 2465 2466
1156 2 2 1 1 2345 1753 2498
1157 2 2 1 1 2288 2287 3797
1158 2 2 1 1 2508 2507 3253
1159 2 2 1 1 1636 1634 2404
1160 2 2 1 1 111 3724 3899
1161 2 2 1 1 2992 2308 3809
1162 2 2 1 1 1371 2437 2571
1163 2 2 1 1 2430 1331 3033
1164 2 2 1 1 2178 1986 3004
1165 2 2 1 1 3587 2169 3665
1166 2 2 1 1 2509 1470 3487
1167 2 2 1 1 2702 2929 2942
1168 2 2 1 1 2408 2491 3516
1169 2 2 1 1 2400 1761 3913
1170 2 2 1 1 397 398 2609
1171 2 2 1 1 2252 2308 3728
1172 2 2 1 1 2429 2744 2767
1173 2 2 1 1 2719 2711 3221
1174 2 2 1 1 2796 2377 3428
1175 2 2 1 1 1039 2524 2637
1176 2 2 1 1 2166 1841 3954
1177 2 2 1 1 1594 2113 2114
1178 2 2 1 1 2356 3648 4086
1179 2 2 1 1 3085 1777 3855
1180 2 2 1 1 2527 2529 3585
1181 2 2 1 1 1487 2563 2564
1182 2 2 1 1 1760 2330 3992
1183 2 2 1 1 1712 1994 2003
1184 2 2 1 1 2156 1605 3186
1185 2 2 1 1 1123 2622 3114
1186 2 2 1 1 2403 1124 3825
1187 2 2 1 1 3506 3928 4051
1188 2 2 1 1 2919 2918 3035
1189 2 2 1 1 3688 2841 3724
1190 2 2 1 1 2631 3262 3598
1191 2 2 1 1 2107 1979 2309
1192 2 2 1 1 2116 1595 3521
1193 2 2 1 1 2354 2215 3794
1194 2 2 1 1 2505 2506 2507
1195 2 2 1 1 2087 3236 3516
1196 2 2 1 1 3078 1360 3394
1197 2 2 1 1 1840 1841 2166
1198 2 2 1 1 1102 2685 3892
1199 2 2 1 1 2445 1181 2654
1200 2 2 1 1 2460 2798 2799
1201 2 2 1 1 1780 1900 2120
1202 2 2 1 1 76 652 2229
1203 2 2 1 1 1839 1886 2310
1204 2 2 1 1 2032 3108 3491
1205 2 2 1 1 2721 981 3283
1206 2 2 1 1 1085 2492 2666
1207 2 2 1 1 3018 2164 3023
1208 2 2 1 1 2237 2019 3723
1209 2 2 1 1 2115 2297 3744
1210 2 2 1 1 2175 1731 2176
1211 2 2 1 1 1631 1630 1946
1212 2 2 1 1 1426 2379 3926
1213 2 2 1 1 83 1093 1741
1214 2 2 1 1 617 616 69
1215 2 2 1 1 1415 2607 2609
1216 2 2 1 1 1563 1080 3529
1217 2 2 1 1 2044 3482 3713
1218 2 2 1 1 2136 2907 3655
1219 2 2 1 1 1891 2600 2601
1220 2 2 1 1 1298 2341 2728
1221 2 2 1 1 1780 1629 1900
1222 2 2 1 1 2468 1928 3367
1223 2 2 1 1 1647 1546 1822
1224 2 2 1 1 169 170 2627
1225 2 2 1 1 2325 2252 3728
1226 2 2 1 1 61 899 1699
1227 2 2 1 1 3438 3385 3752
1228 2 2 1 1 448 40 2685
1229 2 2 1 1 1765 1764 2100
1230 2 2 1 1 2295 1898 3271
1231 2 2 1 1 2275 3240 3984
1232 2 2 1 1 220 219 15
1233 2 2 1 1 2370 1388 3530
1234 2 2 1 1 3087 2088 3331
1235 2 2 1 1 2672 2583 3435
1236 2 2 1 1 2693 1529 3432
1237 2 2 1 1 2269 2099 3582
1238 2 2 1 1 3135 3006 3278
1239 2 2 1 1 2381 2895 2902
1240 2 2 1 1 1358 2531 3429
1241 2 2 1 1 1776 1898 2122
1242 2 2 1 1 2551 1838 3878
1243 2 2 1 1 912 919 3195
1244 2 2 1 1 2689 2629 3578
1245 2 2 1 1 2470 1392 3312
1246 2 2 1 1 2688 2689 3244
1247 2 2 1 1 2630 2689 3877
1248 2 2 1 1 1289 2704 2941
1249 2 2 1 1 3139 1836 3666
1250 2 2 1 1 1874 1762 2146
1251 2 2 1 1 2399 1759 2400
1252 2 2 1 1 2834 1568 3011
1253 2 2 1 1 3154 1641 3964
1254 2 2 1 1 2322 2510 3835
1255 2 2 1 1 2380 1885 2381
1256 2 2 1 1 2717 1434 2720
1257 2 2 1 1 1230 2235 3351
1258 2 2 1 1 2402 1860 3458
1259 2 2 1 1 1738 1648 2128
1260 2 2 1 1 2432 1579 2621
1261 2 2 1 1 2329 933 3337
1262 2 2 1 1 1784 2359 2360
1263 2 2 1 1 1551 927 1552
1264 2 2 1 1 2105 2848 2850
1265 2 2 1 1 1634 2403 2404
1266 2 2 1 1 1485 1546 1647
1267 2 2 1 1 1535 1629 1780
1268 2 2 1 1 2722 1985 2723
1269 2 2 1 1 2574 1897 2681
1270 2 2 1 1 2330 1863 2331
1271 2 2 1 1 1726 1725 2004
1272 2 2 1 1 1573 1631 2531
1273 2 2 1 1 1491 1490 2127
1274 2 2 1 1 2462 982 2985
1275 2 2 1 1 2317 1606 3927
1276 2 2 1 1 1532 1530 2156
1277 2 2 1 1 3301 2882 3635
1278 2 2 1 1 2251 1563 2255
1279 2 2 1 1 1249 3646 3730
1280 2 2 1 1 2505 2504 2506
1281 2 2 1 1 2230 2231 2232
1282 2 2 1 1 2892 2384 2894
1283 2 2 1 1 2268 1424 3290
1284 2 2 1 1 1847 3262 3792
1285 2 2 1 1 1881 2256 2337
1286 2 2 1 1 2316 2317 3927
1287 2 2 1 1 999 2723 2724
1288 2 2 1 1 3079 2236 3916
1289 2 2 1 1 1893 2339 3680
1290 2 2 1 1 1764 1532 3577
1291 2 2 1 1 3179 2264 3241
1292 2 2 1 1 2423 1275 3426
1293 2 2 1 1 2704 2702 2941
1294 2 2 1 1 2535 2512 3168
1295 2 2 1 1 571 1298 2728
1296 2 2 1 1 3108 1297 3491
1297 2 2 1 1 1986 1984 2326
1298 2 2 1 1 2404 2403 2405
1299 2 2 1 1 2195 2087 3516
1300 2 2 1 1 2104 2584 3305
1301 2 2 1 1 1399 1358 3429
1302 2 2 1 1 1414 3037 3572
1303 2 2 1 1 945 2671 3137
1304 2 2 1 1 1852 2239 2375
1305 2 2 1 1 2395 2353 3543
1306 2 2 1 1 1271 1278 3151
1307 2 2 1 1 3002 1250 3027
1308 2 2 1 1 2846 2882 3301
1309 2 2 1 1 3151 1278 3677
1310 2 2 1 1 2584 2585 2586
1311 2 2 1 1 2644 2017 2645
1312 2 2 1 1 1561 2323 3447
1313 2 2 1 1 2157 2158 2794
1314 2 2 1 1 2312 1824 2314
1315 2 2 1 1 1928 2440 2521
1316 2 2 1 1 3437 2237 3723
1317 2 2 1 1 2438 957 2861
1318 2 2 1 1 2023 2468 2469
1319 2 2 1 1 1331 2430 2966
1320 2 2 1 1 1431 1432 2546
1321 2 2 1 1 2534 915 2989
1322 2 2 1 1 3262 2097 3792
1323 2 2 1 1 1361 2463 3192
1324 2 2 1 1 2394 2353 2395
1325 2 2 1 1 2291 2288 2292
1326 2 2 1 1 3160 2693 3432
1327 2 2 1 1 2291 2292 2294
1328 2 2 1 1 627 628 3287
1329 2 2 1 1 1711 1709 3242
1330 2 2 1 1 1852 1647 2239
1331 2 2 1 1 2507 2506 2509
1332 2 2 1 1 3252 1864 3733
1333 2 2 1 1 1654 1618 1819
1334 2 2 1 1 2449 2450 2885
1335 2 2 1 1 1965 2815 2816
1336 2 2 1 1 3164 2371 3165
1337 2 2 1 1 887 876 2583
1338 2 2 1 1 2909 2908 3048
1339 2 2 1 1 8 1058 3094
1340 2 2 1 1 2293 3494 3531
1341 2 2 1 1 2545 892 2658
1342 2 2 1 1 999 2722 2723
1343 2 2 1 1 1959 1958 2493
1344 2 2 1 1 2502 2504 2505
1345 2 2 1 1 2461 2984 3250
1346 2 2 1 1 2546 2118 2548
1347 2 2 1 1 2831 2737 3552
1348 2 2 1 1 1776 1662 1898
1349 2 2 1 1 1997 2089 3125
1350 2 2 1 1 1881 1832 2256
1351 2 2 1 1 1570 1572 1824
1352 2 2 1 1 1365 1483 3201
1353 2 2 1 1 2838 2837 3355
1354 2 2 1 1 1126 1207 2935
1355 2 2 1 1 1756 1757 1992
1356 2 2 1 1 2665 2035 3146
1357 2 2 1 1 1839 1600 1886
1358 2 2 1 1 2246 2648 3117
1359 2 2 1 1 2435 1985 2722
1360 2 2 1 1 3125 2089 3147
1361 2 2 1 1 2239 2373 2374
1362 2 2 1 1 1852 2375 2376
1363 2 2 1 1 3136 2180 3699
1364 2 2 1 1 1559 1762 1874
1365 2 2 1 1 1360 3078 3900
1366 2 2 1 1 1759 1761 2400
1367 2 2 1 1 2169 2170 2442
1368 2 2 1 1 1809 1921 2014
1369 2 2 1 1 1576 1544 2383
1370 2 2 1 1 2247 3117 3951
1371 2 2 1 1 2114 2113 2115
1372 2 2 1 1 3006 1825 3112
1373 2 2 1 1 2252 2307 2308
1374 2 2 1 1 2604 1416 2605
1375 2 2 1 1 1556 1502 1557
1376 2 2 1 1 2454 2453 4013
1377 2 2 1 1 1941 1942 2351
1378 2 2 1 1 2407 2042 3226
1379 2 2 1 1 912 3195 3444
1380 2 2 1 1 1690 2350 2980
1381 2 2 1 1 1712 1708 1994
1382 2 2 1 1 2055 2054 2270
1383 2 2 1 1 1631 1946 1970
1384 2 2 1 1 2283 1036 3001
1385 2 2 1 1 2418 2385 3975
1386 2 2 1 1 2402 1925 2626
1387 2 2 1 1 1434 2718 3831
1388 2 2 1 1 2522 2521 2786
1389 2 2 1 1 217 218 3065
1390 2 2 1 1 1817 1816 2050
1391 2 2 1 1 1032 765 2408
1392 2 2 1 1 2157 2794 3609
1393 2 2 1 1 1543 1575 2298
1394 2 2 1 1 899 570 2728
1395 2 2 1 1 2528 1783 3833
1396 2 2 1 1 1739 1979 2107
1397 2 2 1 1 1612 1739 1805
1398 2 2 1 1 2980 2350 3157
1399 2 2 1 1 1862 3040 3690
1400 2 2 1 1 1978 2175 3849
1401 2 2 1 1 1578 1809 1810
1402 2 2 1 1 2904 1397 3249
1403 2 2 1 1 2548 2118 2965
1404 2 2 1 1 1782 1783 2528
1405 2 2 1 1 1855 1658 2281
1406 2 2 1 1 1330 1146 3303
1407 2 2 1 1 1625 2532 3263
1408 2 2 1 1 2253 2252 2325
1409 2 2 1 1 1685 1687 1840
1410 2 2 1 1 1921 2157 4001
1411 2 2 1 1 1223 2273 3268
1412 2 2 1 1 3040 2223 3690
1413 2 2 1 1 1448 1740 2211
1414 2 2 1 1 1798 1799 1987
1415 2 2 1 1 1740 2182 2183
1416 2 2 1 1 2875 3278 3279
1417 2 2 1 1 1741 1093 1742
1418 2 2 1 1 3051 2477 3738
1419 2 2 1 1 1387 2994 3515
1420 2 2 1 1 1933 2519 3882
1421 2 2 1 1 3083 1460 3546
1422 2 2 1 1 3514 2159 3635
1423 2 2 1 1 1739 1848 1979
1424 2 2 1 1 3255 2121 3256
1425 2 2 1 1 1967 1722 1997
1426 2 2 1 1 3684 2267 3691
1427 2 2 1 1 1572 1426 3926
1428 2 2 1 1 1237 1124 2403
1429 2 2 1 1 1798 1987 2052
1430 2 2 1 1 2469 1049 3324
1431 2 2 1 1 1594 1507 2113
1432 2 2 1 1 2031 2653 3178
1433 2 2 1 1 1459 1457 2287
1434 2 2 1 1 2967 2513 2968
1435 2 2 1 1 1225 1504 2273
1436 2 2 1 1 1448 2211 3823
1437 2 2 1 1 1715 2252 2253
1438 2 2 1 1 2375 2374 2972
1439 2 2 1 1 1612 1613 1739
1440 2 2 1 1 1141 1541 2238
1441 2 2 1 1 2370 3476 3722
1442 2 2 1 1 1928 1640 2440
1443 2 2 1 1 2076 2190 2585
1444 2 2 1 1 1767 1765 2192
1445 2 2 1 1 2062 2065 2334
1446 2 2 1 1 1645 1565 1715
1447 2 2 1 1 2536 3026 3513
1448 2 2 1 1 883 895 2620
1449 2 2 1 1 2599 1940 3309
1450 2 2 1 1 2067 2069 2170
1451 2 2 1 1 2211 2183 2349
1452 2 2 1 1 2023 2469 2921
1453 2 2 1 1 2119 2329 3337
1454 2 2 1 1 1645 1715 2254
1455 2 2 1 1 630 631 3122
1456 2 2 1 1 1960 2453 2454
1457 2 2 1 1 2574 860 3858
1458 2 2 1 1 1860 1522 2416
1459 2 2 1 1 1722 1720 2089
1460 2 2 1 1 3775 3267 3827
1461 2 2 1 1 2085 2525 3391
1462 2 2 1 1 1535 1455 1629
1463 2 2 1 1 1509 1507 1594
1464 2 2 1 1 2146 2418 3257
1465 2 2 1 1 2314 1824 2315
1466 2 2 1 1 2280 2055 2347
1467 2 2 1 1 1504 1600 1839
1468 2 2 1 1 2930 2310 3904
1469 2 2 1 1 2172 2390 3880
1470 2 2 1 1 2513 886 3861
1471 2 2 1 1 2133 1009 2134
1472 2 2 1 1 946 2582 3172
1473 2 2 1 1 1541 1543 1899
1474 2 2 1 1 2170 2069 3777
1475 2 2 1 1 1483 1664 3534
1476 2 2 1 1 2420 872 3103
1477 2 2 1 1 2251 2255 2307
1478 2 2 1 1 1826 2490 3330
1479 2 2 1 1 1890 2526 2818
1480 2 2 1 1 1485 1412 1546
1481 2 2 1 1 2341 1298 3662
1482 2 2 1 1 1581 1532 1764
1483 2 2 1 1 1840 1687 1841
1484 2 2 1 1 2084 2816 4018
1485 2 2 1 1 1910 1908 2390
1486 2 2 1 1 1000 2947 3359
1487 2 2 1 1 2457 2456 2684
1488 2 2 1 1 3214 2652 3215
1489 2 2 1 1 1779 1767 2184
1490 2 2 1 1 1832 1829 2257
1491 2 2 1 1 1101 2537 2686
1492 2 2 1 1 1838 1786 3878
1493 2 2 1 1 1567 2544 2620
1494 2 2 1 1 3347 1178 3957
1495 2 2 1 1 1534 2054 2055
1496 2 2 1 1 3004 1807 3948
1497 2 2 1 1 2547 2548 2549
1498 2 2 1 1 2632 3684 3691
1499 2 2 1 1 1336 1471 2356
1500 2 2 1 1 2434 3232 3321
1501 2 2 1 1 1451 2502 2510
1502 2 2 1 1 2366 2364 2368
1503 2 2 1 1 2931 2932 3104
1504 2 2 1 1 1396 1152 3580
1505 2 2 1 1 398 1415 2609
1506 2 2 1 1 1611 1798 1800
1507 2 2 1 1 1075 2487 3788
1508 2 2 1 1 2182 3438 3752
1509 2 2 1 1 1573 1630 1631
1510 2 2 1 1 2148 2665 3486
1511 2 2 1 1 1294 1943 3020
1512 2 2 1 1 2617 2636 4052
1513 2 2 1 1 2414 2126 2523
1514 2 2 1 1 1760 1863 2330
1515 2 2 1 1 2229 1089 2231
1516 2 2 1 1 618 619 2464
1517 2 2 1 1 1921 1922 2157
1518 2 2 1 1 2435 2678 3799
1519 2 2 1 1 3078 3512 3900
1520 2 2 1 1 1967 1997 2174
1521 2 2 1 1 2306 2090 2839
1522 2 2 1 1 2004 2008 2430
1523 2 2 1 1 2388 2389 2413
1524 2 2 1 1 2065 2067 2169
1525 2 2 1 1 1809 1920 1921
1526 2 2 1 1 2143 2466 3788
1527 2 2 1 1 1634 1237 2403
1528 2 2 1 1 2241 2580 2647
1529 2 2 1 1 1699 899 1700
1530 2 2 1 1 1709 1708 1712
1531 2 2 1 1 2476 2477 3051
1532 2 2 1 1 3241 2264 4061
1533 2 2 1 1 1662 1595 2116
1534 2 2 1 1 2500 2149 4055
1535 2 2 1 1 1505 1306 2923
1536 2 2 1 1 2668 3376 3463
1537 2 2 1 1 1784 1637 2359
1538 2 2 1 1 2677 3202 3236
1539 2 2 1 1 2050 1816 2051
1540 2 2 1 1 3481 2269 3582
1541 2 2 1 1 2093 1698 2726
1542 2 2 1 1 765 95 2408
1543 2 2 1 1 3225 2370 3530
1544 2 2 1 1 2156 2554 3275
1545 2 2 1 1 1422 2476 3051
1546 2 2 1 1 2875 3279 3478
1547 2 2 1 1 2474 2127 2496
1548 2 2 1 1 2582 946 2651
1549 2 2 1 1 1975 2305 3911
1550 2 2 1 1 2510 2322 3493
1551 2 2 1 1 2305 1975 3392
1552 2 2 1 1 2948 1978 3849
1553 2 2 1 1 2293 2933 3680
1554 2 2 1 1 3217 2724 3338
1555 2 2 1 1 1651 1650 1941
1556 2 2 1 1 2443 922 3081
1557 2 2 1 1 2583 2672 3222
1558 2 2 1 1 2178 3004 3948
1559 2 2 1 1 2557 2509 3968
1560 2 2 1 1 2649 2650 3513
1561 2 2 1 1 1923 2570 3841
1562 2 2 1 1 1239 1297 3108
1563 2 2 1 1 2406 1511 3281
1564 2 2 1 1 1958 2535 3675
1565 2 2 1 1 3928 2168 4051
1566 2 2 1 1 1269 1268 3424
1567 2 2 1 1 2017 2016 3187
1568 2 2 1 1 2047 1864 3252
1569 2 2 1 1 1899 1543 2298
1570 2 2 1 1 1717 1929 2173
1571 2 2 1 1 2670 553 3368
1572 2 2 1 1 1096 1095 2696
1573 2 2 1 1 1257 1358 1399
1574 2 2 1 1 2213 1810 3838
1575 2 2 1 1 1098 866 3968
1576 2 2 1 1 1984 1985 2435
1577 2 2 1 1 2310 2930 3431
1578 2 2 1 1 1352 1502 1556
1579 2 2 1 1 983 3059 3162
1580 2 2 1 1 1768 1760 3992
1581 2 2 1 1 1668 2631 3649
1582 2 2 1 1 1449 1817 2323
1583 2 2 1 1 2787 2469 3324
1584 2 2 1 1 1578 1808 1809
1585 2 2 1 1 2700 2704 3224
1586 2 2 1 1 2018 1855 2019
1587 2 2 1 1 1566 1565 1645
1588 2 2 1 1 2499 2036 2500
1589 2 2 1 1 1490 1492 1612
1590 2 2 1 1 3319 2106 4028
1591 2 2 1 1 2004 1725 2008
1592 2 2 1 1 1916 1914 2043
1593 2 2 1 1 1748 1106 2815
1594 2 2 1 1 1846 2928 3885
1595 2 2 1 1 2069 2071 2072
1596 2 2 1 1 1522 1520 2416
1597 2 2 1 1 1182 2703 3717
1598 2 2 1 1 2023 1732 2468
1599 2 2 1 1 2536 1101 3026
1600 2 2 1 1 1336 1334 1471
1601 2 2 1 1 1441 1440 2362
1602 2 2 1 1 2275 1874 2438
1603 2 2 1 1 1498 1401 1618
1604 2 2 1 1 1044 2960 3882
1605 2 2 1 1 2955 2783 3568
1606 2 2 1 1 1775 2411 2498
1607 2 2 1 1 1303 1578 2212
1608 2 2 1 1 2310 1886 3904
1609 2 2 1 1 2189 2007 2810
1610 2 2 1 1 553 2670 3931
1611 2 2 1 1 1992 1757 2399
1612 2 2 1 1 2189 2810 2865
1613 2 2 1 1 2135 2136 3655
1614 2 2 1 1 1565 1563 2251
1615 2 2 1 1 2086 2459 3573
1616 2 2 1 1 1900 1901 2319
1617 2 2 1 1 1581 1764 1765
1618 2 2 1 1 1706 1647 1852
1619 2 2 1 1 2647 1148 2648
1620 2 2 1 1 1024 2642 3061
1621 2 2 1 1 2580 2240 3890
1622 2 2 1 1 1291 1335 2339
1623 2 2 1 1 1726 2004 2005
1624 2 2 1 1 2436 2788 3146
1625 2 2 1 1 3013 1614 3409
1626 2 2 1 1 2084 1965 2816
1627 2 2 1 1 2147 337 3072
1628 2 2 1 1 338 2600 3072
1629 2 2 1 1 1426 1212 2379
1630 2 2 1 1 1619 1618 1654
1631 2 2 1 1 2237 3437 3747
1632 2 2 1 1 1929 2520 3621
1633 2 2 1 1 1141 2238 3988
1634 2 2 1 1 2254 2253 3009
1635 2 2 1 1 1860 2416 2439
1636 2 2 1 1 2100 1764 2101
1637 2 2 1 1 1614 3084 3895
1638 2 2 1 1 1584 1885 2380
1639 2 2 1 1 2075 1789 2095
1640 2 2 1 1 1812 3147 3571
1641 2 2 1 1 1756 1992 1993
1642 2 2 1 1 2262 2247 3951
1643 2 2 1 1 2274 1874 2275
1644 2 2 1 1 2388 2413 3170
1645 2 2 1 1 2273 1504 3827
1646 2 2 1 1 2475 2789 2790
1647 2 2 1 1 1911 2457 2458
1648 2 2 1 1 1458 1336 2356
1649 2 2 1 1 2319 2320 2328
1650 2 2 1 1 1822 1864 2046
1651 2 2 1 1 2019 1855 2281
1652 2 2 1 1 2455 2454 3219
1653 2 2 1 1 1978 1666 2175
1654 2 2 1 1 1124 1053 3825
1655 2 2 1 1 2208 2205 2485
1656 2 2 1 1 1909 1911 2458
1657 2 2 1 1 1206 928 2772
1658 2 2 1 1 2349 2183 2423
1659 2 2 1 1 2302 2301 3101
1660 2 2 1 1 1679 2178 3948
1661 2 2 1 1 1708 1683 2220
1662 2 2 1 1 2492 1085 3298
1663 2 2 1 1 2960 3621 3882
1664 2 2 1 1 1511 1482 3281
1665 2 2 1 1 1653 2353 2394
1666 2 2 1 1 2894 2384 3767
1667 2 2 1 1 2522 2786 3462
1668 2 2 1 1 2102 1768 2105
1669 2 2 1 1 1436 2565 3519
1670 2 2 1 1 2026 2024 2436
1671 2 2 1 1 1774 2904 3622
1672 2 2 1 1 1429 1271 3151
1673 2 2 1 1 2171 2172 3880
1674 2 2 1 1 2520 1933 3882
1675 2 2 1 1 3575 2222 3864
1676 2 2 1 1 1984 1711 1985
1677 2 2 1 1 2350 1690 3003
1678 2 2 1 1 2393 2222 3079
1679 2 2 1 1 1611 1623 1798
1680 2 2 1 1 1941 2351 2352
1681 2 2 1 1 2014 1921 2475
1682 2 2 1 1 1295 1293 2911
1683 2 2 1 1 1907 1909 2398
1684 2 2 1 1 1058 1211 3094
1685 2 2 1 1 2169 2067 2170
1686 2 2 1 1 2505 2508 2510
1687 2 2 1 1 2416 1520 2737
1688 2 2 1 1 2286 1347 3000
1689 2 2 1 1 2352 2351 4024
1690 2 2 1 1 1595 1594 3521
1691 2 2 1 1 2491 2195 3516
1692 2 2 1 1 3093 1517 3494
1693 2 2 1 1 436 2296 3380
1694 2 2 1 1 2429 1215 2744
1695 2 2 1 1 2046 2047 2080
1696 2 2 1 1 3334 1486 3820
1697 2 2 1 1 2044 1395 3482
1698 2 2 1 1 2142 2141 2611
1699 2 2 1 1 2556 1041 4030
1700 2 2 1 1 2377 2796 3502
1701 2 2 1 1 1511 2406 3909
1702 2 2 1 1 1886 2233 2467
1703 2 2 1 1 2296 436 3872
1704 2 2 1 1 2036 2149 2500
1705 2 2 1 1 1606 2317 3388
1706 2 2 1 1 1178 3603 3957
1707 2 2 1 1 3582 2441 4015
1708 2 2 1 1 2334 2169 3587
1709 2 2 1 1 2215 2213 2443
1710 2 2 1 1 2065 2169 2334
1711 2 2 1 1 1777 1776 1851
1712 2 2 1 1 1693 1475 2632
1713 2 2 1 1 2485 2204 2486
1714 2 2 1 1 2090 2306 3597
1715 2 2 1 1 2768 3007 4077
1716 2 2 1 1 2017 2643 3828
1717 2 2 1 1 2037 2003 2219
1718 2 2 1 1 1425 2719 2760
1719 2 2 1 1 2279 2055 2280
1720 2 2 1 1 2670 2248 3080
1721 2 2 1 1 2923 1306 3912
1722 2 2 1 1 1757 1759 2399
1723 2 2 1 1 2439 2416 2831
1724 2 2 1 1 2427 2955 3354
1725 2 2 1 1 2671 2360 3137
1726 2 2 1 1 2773 2063 3594
1727 2 2 1 1 2822 2265 2996
1728 2 2 1 1 1816 1420 2444
1729 2 2 1 1 1646 1645 2428
1730 2 2 1 1 2172 1602 2552
1731 2 2 1 1 1987 1988 2582
1732 2 2 1 1 1738 2128 2129
1733 2 2 1 1 1846 2656 3322
1734 2 2 1 1 2508 2859 2953
1735 2 2 1 1 1886 2193 2233
1736 2 2 1 1 1618 1401 2078
1737 2 2 1 1 511 1008 2813
1738 2 2 1 1 1275 2423 3180
1739 2 2 1 1 2466 2465 3941
1740 2 2 1 1 1651 1941 2353
1741 2 2 1 1 1974 3232 3322
1742 2 2 1 1 2184 1767 2192
1743 2 2 1 1 2947 2948 3359
1744 2 2 1 1 2372 2343 3308
1745 2 2 1 1 1663 1662 1776
1746 2 2 1 1 1414 3036 3037
1747 2 2 1 1 1537 1538 1725
1748 2 2 1 1 2038 3201 3701
1749 2 2 1 1 162 163 2686
1750 2 2 1 1 1507 1379 1508
1751 2 2 1 1 2166 2304 3725
1752 2 2 1 1 1679 1684 2178
1753 2 2 1 1 2568 952 2734
1754 2 2 1 1 2159 2261 3635
1755 2 2 1 1 2486 2204 3844
1756 2 2 1 1 1779 2184 2185
1757 2 2 1 1 2183 2182 2470
1758 2 2 1 1 2488 1075 3751
1759 2 2 1 1 2968 2513 3679
1760 2 2 1 1 3122 631 3690
1761 2 2 1 1 2187 3604 3744
1762 2 2 1 1 2163 1791 2164
1763 2 2 1 1 2014 2790 3319
1764 2 2 1 1 1941 1650 1942
1765 2 2 1 1 2159 1976 2261
1766 2 2 1 1 1666 1731 2175
1767 2 2 1 1 1905 1585 2396
1768 2 2 1 1 2024 2023 2921
1769 2 2 1 1 2042 2407 3281
1770 2 2 1 1 2617 2635 2636
1771 2 2 1 1 2371 1828 3165
1772 2 2 1 1 2180 2179 3699
1773 2 2 1 1 1537 1725 1726
1774 2 2 1 1 1746 1747 3153
1775 2 2 1 1 2433 1846 3322
1776 2 2 1 1 2003 3127 3910
1777 2 2 1 1 2020 2019 2237
1778 2 2 1 1 1840 2166 2167
1779 2 2 1 1 1886 2467 3904
1780 2 2 1 1 1816 2444 4069
1781 2 2 1 1 2914 2155 2916
1782 2 2 1 1 1939 2323 3976
1783 2 2 1 1 1341 1490 1491
1784 2 2 1 1 2121 2120 3256
1785 2 2 1 1 2238 1899 2461
1786 2 2 1 1 2529 1072 3944
1787 2 2 1 1 1940 2599 3238
1788 2 2 1 1 2990 3728 3876
1789 2 2 1 1 2726 2174 3590
1790 2 2 1 1 1571 1570 2312
1791 2 2 1 1 1715 2251 2252
1792 2 2 1 1 1824 1572 2581
1793 2 2 1 1 2588 1337 3064
1794 2 2 1 1 1710 1711 1984
1795 2 2 1 1 1331 2966 3034
1796 2 2 1 1 1559 1539 1762
1797 2 2 1 1 1310 2559 2864
1798 2 2 1 1 1541 1899 2238
1799 2 2 1 1 3024 2164 3471
1800 2 2 1 1 3057 3455 3677
1801 2 2 1 1 2552 1384 2772
1802 2 2 1 1 2416 2737 2831
1803 2 2 1 1 1929 1930 2520
1804 2 2 1 1 1904 2910 3694
1805 2 2 1 1 2388 1913 2389
1806 2 2 1 1 2052 1987 3554
1807 2 2 1 1 2153 3151 3677
1808 2 2 1 1 3675 3266 3783
1809 2 2 1 1 1119 1327 2963
1810 2 2 1 1 1994 2221 3237
1811 2 2 1 1 2005 2004 2534
1812 2 2 1 1 2527 2528 2529
1813 2 2 1 1 168 169 2627
1814 2 2 1 1 1705 1646 2428
1815 2 2 1 1 1570 1824 2312
1816 2 2 1 1 2014 3319 4028
1817 2 2 1 1 3007 2625 4077
1818 2 2 1 1 3243 3477 3681
1819 2 2 1 1 2618 2047 3252
1820 2 2 1 1 2374 2373 3963
1821 2 2 1 1 2139 2487 2488
1822 2 2 1 1 2242 2244 2333
1823 2 2 1 1 3023 2164 3024
1824 2 2 1 1 1637 1639 2359
1825 2 2 1 1 2003 1994 3563
1826 2 2 1 1 1457 1611 2287
1827 2 2 1 1 1997 1722 2089
1828 2 2 1 1 2104 1788 2584
1829 2 2 1 1 2257 2371 3617
1830 2 2 1 1 170 1842 2627
1831 2 2 1 1 2046 2080 3643
1832 2 2 1 1 1743 1093 2843
1833 2 2 1 1 2721 3283 3735
1834 2 2 1 1 3220 854 3615
1835 2 2 1 1 1573 1574 1630
1836 2 2 1 1 1710 1984 1986
1837 2 2 1 1 1917 1960 2455
1838 2 2 1 1 1517 3093 3485
1839 2 2 1 1 2351 1942 2354
1840 2 2 1 1 1536 1535 2385
1841 2 2 1 1 2648 527 3116
1842 2 2 1 1 2503 2125 2959
1843 2 2 1 1 1654 1819 3688
1844 2 2 1 1 1828 1682 3165
1845 2 2 1 1 2033 1438 2409
1846 2 2 1 1 2645 2017 3187
1847 2 2 1 1 2577 2680 3710
1848 2 2 1 1 1408 2490 3977
1849 2 2 1 1 2463 1361 3826
1850 2 2 1 1 1317 2930 3904
1851 2 2 1 1 1955 2135 2342
1852 2 2 1 1 1793 2572 2573
1853 2 2 1 1 1977 2926 3438
1854 2 2 1 1 915 2534 3875
1855 2 2 1 1 1037 3266 3675
1856 2 2 1 1 2103 2303 2530
1857 2 2 1 1 2565 1436 2981
1858 2 2 1 1 1946 1995 1996
1859 2 2 1 1 2502 2503 2504
1860 2 2 1 1 2583 876 3435
1861 2 2 1 1 1638 1870 2440
1862 2 2 1 1 1987 2582 2651
1863 2 2 1 1 2005 2534 2809
1864 2 2 1 1 2908 1007 3048
1865 2 2 1 1 3187 2016 3926
1866 2 2 1 1 2281 1658 3953
1867 2 2 1 1 1591 2575 2868
1868 2 2 1 1 1763 2538 2539
1869 2 2 1 1 2073 2152 3054
1870 2 2 1 1 1983 1769 2530
1871 2 2 1 1 2072 2071 2073
1872 2 2 1 1 1912 1915 2456
1873 2 2 1 1 3373 2123 3636
1874 2 2 1 1 3200 1483 3534
1875 2 2 1 1 2621 1902 2928
1876 2 2 1 1 2040 3152 3612
1877 2 2 1 1 1773 153 3097
1878 2 2 1 1 1300 2475 3060
1879 2 2 1 1 1063 1027 2679
1880 2 2 1 1 1740 2183 2211
1881 2 2 1 1 2585 2190 3674
1882 2 2 1 1 2519 1422 3332
1883 2 2 1 1 1833 1832 1881
1884 2 2 1 1 2201 1838 2551
1885 2 2 1 1 2059 2532 2533
1886 2 2 1 1 1490 1612 3856
1887 2 2 1 1 2221 2220 3803
1888 2 2 1 1 2290 2288 2291
1889 2 2 1 1 2212 1810 2213
1890 2 2 1 1 1320 2704 3381
1891 2 2 1 1 62 575 2568
1892 2 2 1 1 1440 1237 1634
1893 2 2 1 1 1639 1666 1978
1894 2 2 1 1 1431 2547 3245
1895 2 2 1 1 1970 1946 2927
1896 2 2 1 1 1667 1928 2468
1897 2 2 1 1 1432 1510 2546
1898 2 2 1 1 1994 2220 2221
1899 2 2 1 1 2298 2300 3503
1900 2 2 1 1 3152 2040 3760
1901 2 2 1 1 2572 1489 2911
1902 2 2 1 1 1510 2118 2546
1903 2 2 1 1 1968 2925 3065
1904 2 2 1 1 2584 1790 2585
1905 2 2 1 1 2294 2292 3076
1906 2 2 1 1 2380 2381 3273
1907 2 2 1 1 2941 2702 2942
1908 2 2 1 1 1602 1384 2552
1909 2 2 1 1 2381 1885 2382
1910 2 2 1 1 1987 1799 1988
1911 2 2 1 1 2783 3417 3568
1912 2 2 1 1 1571 2312 3983
1913 2 2 1 1 2657 1317 3904
1914 2 2 1 1 3310 1360 3900
1915 2 2 1 1 1582 2087 2195
1916 2 2 1 1 2219 2003 3910
1917 2 2 1 1 2008 2920 2966
1918 2 2 1 1 2301 2102 3866
1919 2 2 1 1 1963 2218 2338
1920 2 2 1 1 2049 1777 3085
1921 2 2 1 1 2214 2213 2215
1922 2 2 1 1 2342 2135 2558
1923 2 2 1 1 1577 1585 1905
1924 2 2 1 1 2107 3506 4051
1925 2 2 1 1 2440 1870 2543
1926 2 2 1 1 1380 1379 1507
1927 2 2 1 1 1958 1916 2512
1928 2 2 1 1 2131 2355 3747
1929 2 2 1 1 3500 2194 3727
1930 2 2 1 1 1787 1616 1989
1931 2 2 1 1 1756 1560 1757
1932 2 2 1 1 1783 2023 2024
1933 2 2 1 1 1652 1717 1906
1934 2 2 1 1 2026 2436 3146
1935 2 2 1 1 947 887 2583
1936 2 2 1 1 2160 2159 2880
1937 2 2 1 1 2282 2281 3953
1938 2 2 1 1 1900 2319 2559
1939 2 2 1 1 1882 1881 2082
1940 2 2 1 1 1567 1064 2560
1941 2 2 1 1 2309 1979 3861
1942 2 2 1 1 1530 1531 1605
1943 2 2 1 1 2313 2569 2734
1944 2 2 1 1 2545 2168 3881
1945 2 2 1 1 2192 1765 3830
1946 2 2 1 1 1036 908 3001
1947 2 2 1 1 2781 2333 3811
1948 2 2 1 1 2019 2281 2814
1949 2 2 1 1 1986 2326 2460
1950 2 2 1 1 1500 1489 2572
1951 2 2 1 1 2439 2831 3886
1952 2 2 1 1 1215 3039 3315
1953 2 2 1 1 2559 1310 3703
1954 2 2 1 1 3489 1230 3792
1955 2 2 1 1 2261 3050 3301
1956 2 2 1 1 1903 2764 3196
1957 2 2 1 1 1999 783 3553
1958 2 2 1 1 1773 2484 2877
1959 2 2 1 1 2834 3011 3620
1960 2 2 1 1 1979 1848 1980
1961 2 2 1 1 1545 2042 3281
1962 2 2 1 1 2487 2143 3788
1963 2 2 1 1 1979 1980 2513
1964 2 2 1 1 1836 3139 3567
1965 2 2 1 1 1530 1605 2156
1966 2 2 1 1 2207 2205 2208
1967 2 2 1 1 2823 2875 3478
1968 2 2 1 1 2185 2184 3215
1969 2 2 1 1 1909 2458 4043
1970 2 2 1 1 1557 1665 4042
1971 2 2 1 1 1994 3237 3563
1972 2 2 1 1 2326 1984 3799
1973 2 2 1 1 1725 1538 3761
1974 2 2 1 1 3114 2622 3524
1975 2 2 1 1 1524 1522 1860
1976 2 2 1 1 1839 2310 2311
1977 2 2 1 1 2810 909 2865
1978 2 2 1 1 2668 1929 3621
1979 2 2 1 1 3279 1437 3742
1980 2 2 1 1 2188 2189 3285
1981 2 2 1 1 2849 2331 2855
1982 2 2 1 1 2341 2315 2581
1983 2 2 1 1 1870 1636 3848
1984 2 2 1 1 908 917 3001
1985 2 2 1 1 1684 1683 1708
1986 2 2 1 1 2313 3685 3983
1987 2 2 1 1 1616 1584 2380
1988 2 2 1 1 1661 1595 1662
1989 2 2 1 1 1215 2429 3039
1990 2 2 1 1 1739 1613 1848
1991 2 2 1 1 3044 2046 3643
1992 2 2 1 1 1992 2721 3735
1993 2 2 1 1 2174 1997 2730
1994 2 2 1 1 1883 2636 3361
1995 2 2 1 1 2349 2423 2802
1996 2 2 1 1 2847 2328 3943
1997 2 2 1 1 3232 2434 3322
1998 2 2 1 1 3227 2480 3228
1999 2 2 1 1 2399 2401 3970
2000 2 2 1 1 1126 2935 3399
2001 2 2 1 1 2980 3357 3569
2002 2 2 1 1 1358 1426 1427
2003 2 2 1 1 2638 1039 3396
2004 2 2 1 1 1973 2491 3632
2005 2 2 1 1 1540 1756 2039
2006 2 2 1 1 1539 1536 2385
2007 2 2 1 1 1798 1623 1799
2008 2 2 1 1 1002 962 3345
2009 2 2 1 1 454 455 3148
2010 2 2 1 1 2016 3291 3926
2011 2 2 1 1 2102 3265 3866
2012 2 2 1 1 1635 1634 1636
2013 2 2 1 1 2547 2546 2548
2014 2 2 1 1 1577 1905 3631
2015 2 2 1 1 1744 3330 3629
2016 2 2 1 1 2759 2343 3812
2017 2 2 1 1 2103 2102 2301
2018 2 2 1 1 902 3075 3077
2019 2 2 1 1 2204 2551 3844
2020 2 2 1 1 163 1101 2686
2021 2 2 1 1 1451 2501 2502
2022 2 2 1 1 1598 2034 2763
2023 2 2 1 1 1737 2196 2425
2024 2 2 1 1 1728 2159 2160
2025 2 2 1 1 3391 1991 3702
2026 2 2 1 1 1789 1787 2336
2027 2 2 1 1 89 1294 3020
2028 2 2 1 1 2284 3290 3527
2029 2 2 1 1 2158 2494 2794
2030 2 2 1 1 2994 2447 3515
2031 2 2 1 1 1819 2840 2841
2032 2 2 1 1 2484 1773 3097
2033 2 2 1 1 1208 2669 3368
2034 2 2 1 1 1601 1650 1651
2035 2 2 1 1 1612 1492 1613
2036 2 2 1 1 2322 2321 3493
2037 2 2 1 1 1017 2512 3352
2038 2 2 1 1 3104 2932 3107
2039 2 2 1 1 2083 2082 2111
2040 2 2 1 1 1570 1426 1572
2041 2 2 1 1 1638 1636 1870
2042 2 2 1 1 2043 2388 3170
2043 2 2 1 1 2303 2302 2357
2044 2 2 1 1 2126 2414 3971
2045 2 2 1 1 2561 2230 2614
2046 2 2 1 1 2203 2201 2204
2047 2 2 1 1 2707 1850 3020
2048 2 2 1 1 1411 2279 3936
2049 2 2 1 1 2483 2971 3364
2050 2 2 1 1 2910 2409 3694
2051 2 2 1 1 1474 1926 2608
2052 2 2 1 1 2767 1861 3919
2053 2 2 1 1 575 952 2568
2054 2 2 1 1 2453 3978 4090
2055 2 2 1 1 2505 2507 2508
2056 2 2 1 1 2364 2361 2671
2057 2 2 1 1 3050 1583 3301
2058 2 2 1 1 3604 3212 3744
2059 2 2 1 1 2658 3433 3804
2060 2 2 1 1 3028 2269 3616
2061 2 2 1 1 2940 3269 3905
2062 2 2 1 1 1530 1526 1531
2063 2 2 1 1 2190 2445 2654
2064 2 2 1 1 2095 1789 2336
2065 2 2 1 1 1960 1961 2453
2066 2 2 1 1 2190 2162 2445
2067 2 2 1 1 1380 1507 1509
2068 2 2 1 1 1544 1755 3767
2069 2 2 1 1 1529 2691 3178
2070 2 2 1 1 3438 2926 3840
2071 2 2 1 1 1049 2469 3367
2072 2 2 1 1 1456 1455 1535
2073 2 2 1 1 1930 1933 2520
2074 2 2 1 1 3165 1682 3891
2075 2 2 1 1 2081 2421 4022
2076 2 2 1 1 1728 1976 2159
2077 2 2 1 1 1600 1601 2193
2078 2 2 1 1 1257 1212 1358
2079 2 2 1 1 1427 1426 1570
2080 2 2 1 1 1387 3092 3490
2081 2 2 1 1 2942 1421 3149
2082 2 2 1 1 2877 2484 3098
2083 2 2 1 1 1818 2327 3681
2084 2 2 1 1 2252 2251 2307
2085 2 2 1 1 2179 2028 3298
2086 2 2 1 1 3118 328 3614
2087 2 2 1 1 2204 2201 2551
2088 2 2 1 1 1449 1816 1817
2089 2 2 1 1 2701 2699 2703
2090 2 2 1 1 2238 2461 3250
2091 2 2 1 1 3021 1744 3022
2092 2 2 1 1 2246 2647 2648
2093 2 2 1 1 1400 1399 1401
2094 2 2 1 1 3184 2352 4024
2095 2 2 1 1 2916 2155 3969
2096 2 2 1 1 2220 1683 3955
2097 2 2 1 1 895 1062 2620
2098 2 2 1 1 1411 1534 2279
2099 2 2 1 1 1704 1646 1705
2100 2 2 1 1 3213 2652 3214
2101 2 2 1 1 2053 3017 3545
2102 2 2 1 1 2283 2285 3476
2103 2 2 1 1 1914 1913 2388
2104 2 2 1 1 2143 2144 2465
2105 2 2 1 1 1457 1458 1611
2106 2 2 1 1 883 2620 3533
2107 2 2 1 1 2043 1914 2388
2108 2 2 1 1 2167 2166 3565
2109 2 2 1 1 1551 1552 3144
2110 2 2 1 1 1311 2450 3704
2111 2 2 1 1 2175 2176 3657
2112 2 2 1 1 2258 1194 2663
2113 2 2 1 1 2111 2082 3300
2114 2 2 1 1 1793 1500 2572
2115 2 2 1 1 961 3184 4024
2116 2 2 1 1 2157 1922 2158
2117 2 2 1 1 1741 1744 3021
2118 2 2 1 1 1049 2522 3462
2119 2 2 1 1 1715 2253 2254
2120 2 2 1 1 3039 2091 3315
2121 2 2 1 1 1533 947 2583
2122 2 2 1 1 1690 461 3003
2123 2 2 1 1 2461 1899 2462
2124 2 2 1 1 2308 2307 3809
2125 2 2 1 1 2257 1829 3985
2126 2 2 1 1 909 2810 2946
2127 2 2 1 1 1223 1225 2273
2128 2 2 1 1 1813 2742 2871
2129 2 2 1 1 1718 1653 2394
2130 2 2 1 1 3290 1424 3527
2131 2 2 1 1 2375 996 3360
2132 2 2 1 1 1921 1920 1922
2133 2 2 1 1 1890 2818 3296
2134 2 2 1 1 3468 2478 3732
2135 2 2 1 1 1438 1412 1485
2136 2 2 1 1 3661 2234 3739
2137 2 2 1 1 1781 2689 3578
2138 2 2 1 1 2511 1957 3102
2139 2 2 1 1 2256 1832 2257
2140 2 2 1 1 1712 2003 2037
2141 2 2 1 1 1775 2410 2411
2142 2 2 1 1 1564 1563 1565
2143 2 2 1 1 846 847 2667
2144 2 2 1 1 2113 1507 3937
2145 2 2 1 1 3603 3206 3957
2146 2 2 1 1 2061 3335 3586
2147 2 2 1 1 2490 2489 3977
2148 2 2 1 1 1809 1808 1920
2149 2 2 1 1 1397 2904 4011
2150 2 2 1 1 2410 1804 2482
2151 2 2 1 1 169 168 11
2152 2 2 1 1 1250 3002 3663
2153 2 2 1 1 1556 1557 3888
2154 2 2 1 1 1635 1637 1784
2155 2 2 1 1 1351 2561 2614
2156 2 2 1 1 1710 1709 1711
2157 2 2 1 1 2173 1929 2668
2158 2 2 1 1 1992 2399 2721
2159 2 2 1 1 2137 2770 3524
2160 2 2 1 1 963 2597 3345
2161 2 2 1 1 2283 2284 2285
2162 2 2 1 1 3456 2346 3495
2163 2 2 1 1 1831 1829 1832
2164 2 2 1 1 1566 1645 1646
2165 2 2 1 1 2868 2575 2869
2166 2 2 1 1 1933 2476 2519
2167 2 2 1 1 1952 2639 2640
2168 2 2 1 1 2903 2904 3249
2169 2 2 1 1 2719 1425 3313
2170 2 2 1 1 2194 2027 2499
2171 2 2 1 1 2162 2161 2450
2172 2 2 1 1 1504 1505 1600
2173 2 2 1 1 2530 2303 3474
2174 2 2 1 1 1498 1618 1619
2175 2 2 1 1 1510 1884 2118
2176 2 2 1 1 1988 2109 2517
2177 2 2 1 1 2426 2956 3510
2178 2 2 1 1 3059 2256 3162
2179 2 2 1 1 2669 2248 2670
2180 2 2 1 1 1717 1718 1929
2181 2 2 1 1 2502 2505 2510
2182 2 2 1 1 1041 2786 4030
2183 2 2 1 1 51 511 2813
2184 2 2 1 1 2179 3298 3946
2185 2 2 1 1 1755 2894 3767
2186 2 2 1 1 2363 2361 2364
2187 2 2 1 1 1844 2472 3846
2188 2 2 1 1 2060 2346 3456
2189 2 2 1 1 2877 3661 3739
2190 2 2 1 1 1653 1651 2353
2191 2 2 1 1 2473 1491 3973
2192 2 2 1 1 3906 2114 4060
2193 2 2 1 1 1836 2616 3666
2194 2 2 1 1 1917 1916 1958
2195 2 2 1 1 1655 1654 1656
2196 2 2 1 1 1335 1334 1336
2197 2 2 1 1 1303 2212 3912
2198 2 2 1 1 1137 3198 3870
2199 2 2 1 1 1780 2120 2121
2200 2 2 1 1 3449 2646 3921
2201 2 2 1 1 1784 2361 2362
2202 2 2 1 1 1983 2530 3422
2203 2 2 1 1 1347 74 3000
2204 2 2 1 1 2292 2288 3512
2205 2 2 1 1 1537 1536 1538
2206 2 2 1 1 2218 2029 2697
2207 2 2 1 1 1926 2412 2603
2208 2 2 1 1 2368 3062 3966
2209 2 2 1 1 1645 2254 3539
2210 2 2 1 1 1398 2426 3354
2211 2 2 1 1 1775 1804 2410
2212 2 2 1 1 2314 2315 3365
2213 2 2 1 1 2239 2374 2375
2214 2 2 1 1 2136 2139 2907
2215 2 2 1 1 979 1045 2981
2216 2 2 1 1 2324 3471 3588
2217 2 2 1 1 870 1871 3318
2218 2 2 1 1 1685 1840 2912
2219 2 2 1 1 2205 2204 2485
2220 2 2 1 1 1719 1705 1720
2221 2 2 1 1 3047 2909 3048
2222 2 2 1 1 1607 2123 3373
2223 2 2 1 1 1760 1758 1863
2224 2 2 1 1 1567 2560 3384
2225 2 2 1 1 1958 2512 2535
2226 2 2 1 1 2368 2364 3781
2227 2 2 1 1 1276 1352 2224
2228 2 2 1 1 1616 2380 4074
2229 2 2 1 1 2401 2400 3475
2230 2 2 1 1 307 1041 2556
2231 2 2 1 1 2256 2257 3162
2232 2 2 1 1 3228 2480 3947
2233 2 2 1 1 1937 2562 2565
2234 2 2 1 1 2918 1992 3735
2235 2 2 1 1 2100 2101 2931
2236 2 2 1 1 1557 1558 1665
2237 2 2 1 1 1340 671 2541
2238 2 2 1 1 2275 2438 2695
2239 2 2 1 1 2045 2044 2234
2240 2 2 1 1 1086 1143 2635
2241 2 2 1 1 2045 2234 3096
2242 2 2 1 1 2146 1762 2418
2243 2 2 1 1 3494 1517 3531
2244 2 2 1 1 1769 1768 2102
2245 2 2 1 1 3390 2119 3647
2246 2 2 1 1 1946 1630 1995
2247 2 2 1 1 1930 1931 1932
2248 2 2 1 1 1684 1708 1709
2249 2 2 1 1 1111 1063 2679
2250 2 2 1 1 1761 1769 1983
2251 2 2 1 1 1507 1508 3937
2252 2 2 1 1 2018 2019 2020
2253 2 2 1 1 2241 2240 2580
2254 2 2 1 1 2415 3480 3870
2255 2 2 1 1 3100 3050 3340
2256 2 2 1 1 1900 1629 1901
2257 2 2 1 1 2724 2573 3338
2258 2 2 1 1 1062 1567 2620
2259 2 2 1 1 1485 1647 1706
2260 2 2 1 1 3679 1980 4081
2261 2 2 1 1 1037 2535 3386
2262 2 2 1 1 1520 1516 3923
2263 2 2 1 1 1987 2651 3554
2264 2 2 1 1 2352 3184 3543
2265 2 2 1 1 1455 1370 3177
2266 2 2 1 1 3275 2553 3894
2267 2 2 1 1 1509 1594 1595
2268 2 2 1 1 1585 1617 2396
2269 2 2 1 1 2319 2328 3893
2270 2 2 1 1 1617 1788 2104
2271 2 2 1 1 1810 1809 4028
2272 2 2 1 1 1919 2837 3610
2273 2 2 1 1 2337 2256 3059
2274 2 2 1 1 1993 1992 2918
2275 2 2 1 1 1560 2274 4073
2276 2 2 1 1 1609 3289 3321
2277 2 2 1 1 671 79 2541
2278 2 2 1 1 3132 3061 3286
2279 2 2 1 1 1685 1686 1687
2280 2 2 1 1 2028 1962 2492
2281 2 2 1 1 1358 1212 1426
2282 2 2 1 1 2701 1182 2929
2283 2 2 1 1 1341 1342 1490
2284 2 2 1 1 982 2462 3503
2285 2 2 1 1 3177 1370 3962
2286 2 2 1 1 3754 2275 3984
2287 2 2 1 1 1805 1739 4051
2288 2 2 1 1 2873 2822 2996
2289 2 2 1 1 70 621 3040
2290 2 2 1 1 463 462 43
2291 2 2 1 1 1352 1556 2224
2292 2 2 1 1 1905 2396 2908
2293 2 2 1 1 2632 1475 2949
2294 2 2 1 1 1584 1576 1885
2295 2 2 1 1 1491 2127 3973
2296 2 2 1 1 1440 1634 1635
2297 2 2 1 1 1917 2455 4084
2298 2 2 1 1 1696 2514 3784
2299 2 2 1 1 2562 1937 3678
2300 2 2 1 1 1970 2927 3899
2301 2 2 1 1 1822 1546 1864
2302 2 2 1 1 2603 1087 3339
2303 2 2 1 1 1689 1682 1828
2304 2 2 1 1 942 2613 3431
2305 2 2 1 1 1740 1977 2182
2306 2 2 1 1 2842 2021 3472
2307 2 2 1 1 1490 1342 1492
2308 2 2 1 1 1611 1458 1623
2309 2 2 1 1 2080 2081 3103
2310 2 2 1 1 1427 1571 1573
2311 2 2 1 1 1961 2338 2453
2312 2 2 1 1 2636 1883 4052
2313 2 2 1 1 2949 2038 3846
2314 2 2 1 1 2734 952 4006
2315 2 2 1 1 1854 1658 1855
2316 2 2 1 1 621 2223 3040
2317 2 2 1 1 2792 2369 3210
2318 2 2 1 1 2033 2409 2910
2319 2 2 1 1 1109 1140 3351
2320 2 2 1 1 2315 2341 3662
2321 2 2 1 1 3278 1437 3279
2322 2 2 1 1 3050 3205 3340
2323 2 2 1 1 2549 2550 3038
2324 2 2 1 1 2510 2508 3835
2325 2 2 1 1 2187 2185 2652
2326 2 2 1 1 3404 2478 3756
2327 2 2 1 1 2076 2075 2161
2328 2 2 1 1 1427 1570 1571
2329 2 2 1 1 2490 1826 3964
2330 2 2 1 1 2089 1720 3887
2331 2 2 1 1 1334 1269 2842
2332 2 2 1 1 2384 2892 3518
2333 2 2 1 1 3036 2659 3037
2334 2 2 1 1 1766 1765 1767
2335 2 2 1 1 1139 1096 2696
2336 2 2 1 1 2445 2446 2447
2337 2 2 1 1 2490 1408 3330
2338 2 2 1 1 1757 1758 1759
2339 2 2 1 1 1560 1559 2274
2340 2 2 1 1 1207 1697 2935
2341 2 2 1 1 2163 2164 3638
2342 2 2 1 1 2768 1896 3007
2343 2 2 1 1 1913 1910 2390
2344 2 2 1 1 1898 1662 2116
2345 2 2 1 1 1697 2093 2094
2346 2 2 1 1 1227 1231 3205
2347 2 2 1 1 2137 1956 2770
2348 2 2 1 1 2652 2185 3215
2349 2 2 1 1 2428 1645 3539
2350 2 2 1 1 1335 1336 1457
2351 2 2 1 1 541 540 56
2352 2 2 1 1 1683 1680 1685
2353 2 2 1 1 1721 1720 1722
2354 2 2 1 1 1559 1874 2274
2355 2 2 1 1 2086 3573 3736
2356 2 2 1 1 1534 2055 2279
2357 2 2 1 1 1821 1722 1967
2358 2 2 1 1 1457 1336 1458
2359 2 2 1 1 37 1194 2258
2360 2 2 1 1 1763 2539 2679
2361 2 2 1 1 1928 2521 2522
2362 2 2 1 1 2457 2683 2813
2363 2 2 1 1 1148 2580 3630
2364 2 2 1 1 3078 3077 3512
2365 2 2 1 1 1747 1751 3153
2366 2 2 1 1 2632 1659 3684
2367 2 2 1 1 2606 3088 4048
2368 2 2 1 1 1358 1427 2531
2369 2 2 1 1 1386 3416 3880
2370 2 2 1 1 1104 846 2667
2371 2 2 1 1 3493 2321 3962
2372 2 2 1 1 2029 2028 2179
2373 2 2 1 1 1441 2363 3525
2374 2 2 1 1 3120 2011 3750
2375 2 2 1 1 1072 2529 3500
2376 2 2 1 1 1143 1235 2635
2377 2 2 1 1 1384 1206 2772
2378 2 2 1 1 1667 1640 1928
2379 2 2 1 1 2360 2359 3765
2380 2 2 1 1 2477 2479 2480
2381 2 2 1 1 1497 2668 3621
2382 2 2 1 1 3419 2114 3906
2383 2 2 1 1 1352 1501 1502
2384 2 2 1 1 2507 2509 3487
2385 2 2 1 1 1720 3836 3887
2386 2 2 1 1 1471 2842 3472
2387 2 2 1 1 1302 2800 3799
2388 2 2 1 1 891 2931 3104
2389 2 2 1 1 1540 1539 1559
2390 2 2 1 1 2482 2483 3364
2391 2 2 1 1 3332 1044 3882
2392 2 2 1 1 1213 3080 3179
2393 2 2 1 1 2704 1289 3381
2394 2 2 1 1 2319 1901 2320
2395 2 2 1 1 2734 2518 3685
2396 2 2 1 1 2449 2446 2450
2397 2 2 1 1 2494 2474 2495
2398 2 2 1 1 2164 1791 3471
2399 2 2 1 1 2328 2320 2633
2400 2 2 1 1 1702 2643 3715
2401 2 2 1 1 3416 2171 3880
2402 2 2 1 1 2549 2548 2550
2403 2 2 1 1 2737 1520 3923
2404 2 2 1 1 940 2919 3035
2405 2 2 1 1 1543 1544 1575
2406 2 2 1 1 1984 2435 3799
2407 2 2 1 1 2669 2670 3368
2408 2 2 1 1 2122 1898 3378
2409 2 2 1 1 2105 2850 3265
2410 2 2 1 1 1335 1457 1459
2411 2 2 1 1 2161 2075 3541
2412 2 2 1 1 1841 2392 2682
2413 2 2 1 1 2870 417 3911
2414 2 2 1 1 3477 3243 3574
2415 2 2 1 1 2499 1324 3517
2416 2 2 1 1 1270 1902 2555
2417 2 2 1 1 2397 2104 3305
2418 2 2 1 1 1371 1370 1455
2419 2 2 1 1 1370 1243 1451
2420 2 2 1 1 2762 2096 3558
2421 2 2 1 1 956 2460 4004
2422 2 2 1 1 2966 2920 3246
2423 2 2 1 1 1225 1306 1504
2424 2 2 1 1 2297 2113 3937
2425 2 2 1 1 1528 2653 3801
2426 2 2 1 1 2667 3008 3404
2427 2 2 1 1 3172 2582 3996
2428 2 2 1 1 2333 2244 3811
2429 2 2 1 1 2547 3030 3245
2430 2 2 1 1 2943 2300 3045
2431 2 2 1 1 2452 2404 3860
2432 2 2 1 1 2208 2485 3448
2433 2 2 1 1 2707 1943 3504
2434 2 2 1 1 1573 1571 1574
2435 2 2 1 1 3162 2257 3617
2436 2 2 1 1 2364 2671 3781
2437 2 2 1 1 2294 3093 3494
2438 2 2 1 1 2377 1574 3428
2439 2 2 1 1 1790 1789 2075
2440 2 2 1 1 2404 2405 3860
2441 2 2 1 1 2381 2902 3273
2442 2 2 1 1 1372 1818 3681
2443 2 2 1 1 1489 1295 2911
2444 2 2 1 1 2683 2457 2684
2445 2 2 1 1 3480 2415 4087
2446 2 2 1 1 1909 1910 1911
2447 2 2 1 1 3083 3546 3757
2448 2 2 1 1 2616 1836 3415
2449 2 2 1 1 1541 1542 1543
2450 2 2 1 1 1578 1547 1808
2451 2 2 1 1 2644 2646 3449
2452 2 2 1 1 1885 1576 2383
2453 2 2 1 1 2300 2299 3046
2454 2 2 1 1 1164 3596 3670
2455 2 2 1 1 1534 1610 2054
2456 2 2 1 1 1907 1908 1909
2457 2 2 1 1 60 3133 4065
2458 2 2 1 1 2517 2109 2518
2459 2 2 1 1 2046 1864 2047
2460 2 2 1 1 3363 1562 3505
2461 2 2 1 1 1605 1531 1606
2462 2 2 1 1 916 2934 3009
2463 2 2 1 1 2516 859 3164
2464 2 2 1 1 919 1001 3195
2465 2 2 1 1 1986 2460 3004
2466 2 2 1 1 2080 2047 2081
2467 2 2 1 1 2264 2265 4061
2468 2 2 1 1 2362 2361 2363
2469 2 2 1 1 1417 1227 3205
2470 2 2 1 1 1761 1760 1768
2471 2 2 1 1 1451 2510 3493
2472 2 2 1 1 2495 2545 2658
2473 2 2 1 1 1915 1914 1916
2474 2 2 1 1 2723 2573 2724
2475 2 2 1 1 1447 2651 3371
2476 2 2 1 1 1491 2473 3261
2477 2 2 1 1 854 3220 3610
2478 2 2 1 1 1835 3480 4087
2479 2 2 1 1 2025 2024 2026
2480 2 2 1 1 2963 1403 3441
2481 2 2 1 1 2209 2208 2577
2482 2 2 1 1 2434 2433 3322
2483 2 2 1 1 2321 3177 3962
2484 2 2 1 1 1754 3606 4035
2485 2 2 1 1 1875 1292 1893
2486 2 2 1 1 2949 1475 3201
2487 2 2 1 1 2390 1908 3880
2488 2 2 1 1 574 62 2567
2489 2 2 1 1 1979 2513 3861
2490 2 2 1 1 2293 2291 3494
2491 2 2 1 1 416 417 2870
2492 2 2 1 1 3034 2966 3246
2493 2 2 1 1 1926 1693 2412
2494 2 2 1 1 2642 1024 3715
2495 2 2 1 1 2857 2418 3819
2496 2 2 1 1 1873 2417 3520
2497 2 2 1 1 1599 3006 3135
2498 2 2 1 1 2087 1569 2110
2499 2 2 1 1 2211 2349 2616
2500 2 2 1 1 1540 1560 1756
2501 2 2 1 1 2126 2125 3730
2502 2 2 1 1 2006 2005 2007
2503 2 2 1 1 1663 1776 1777
2504 2 2 1 1 2480 2479 2481
2505 2 2 1 1 1886 1600 2193
2506 2 2 1 1 1650 1505 2923
2507 2 2 1 1 2874 2873 2995
2508 2 2 1 1 1652 1653 1717
2509 2 2 1 1 390 391 3087
2510 2 2 1 1 1396 2340 3686
2511 2 2 1 1 2242 2333 2465
2512 2 2 1 1 2779 3496 3705
2513 2 2 1 1 2027 2026 2035
2514 2 2 1 1 1391 3582 4015
2515 2 2 1 1 1403 2963 3795
2516 2 2 1 1 1328 2873 2996
2517 2 2 1 1 1715 1565 2251
2518 2 2 1 1 1524 1860 2402
2519 2 2 1 1 2217 2323 4066
2520 2 2 1 1 1255 2868 2869
2521 2 2 1 1 2990 1102 3728
2522 2 2 1 1 3336 2233 3498
2523 2 2 1 1 1349 2286 2561
2524 2 2 1 1 3075 3076 3077
2525 2 2 1 1 1853 3167 4038
2526 2 2 1 1 2613 2311 3431
2527 2 2 1 1 3045 2300 3046
2528 2 2 1 1 2207 2208 2209
2529 2 2 1 1 2249 2262 2263
2530 2 2 1 1 1607 2011 2123
2531 2 2 1 1 2004 2430 3875
2532 2 2 1 1 2253 2325 3507
2533 2 2 1 1 2571 2437 3914
2534 2 2 1 1 2626 1925 3714
2535 2 2 1 1 2669 1208 3811
2536 2 2 1 1 2525 2084 3223
2537 2 2 1 1 2050 2051 3311
2538 2 2 1 1 2894 1755 3627
2539 2 2 1 1 1291 1269 1334
2540 2 2 1 1 1784 2360 2361
2541 2 2 1 1 2614 3391 3702
2542 2 2 1 1 1953 3449 3921
2543 2 2 1 1 2141 2138 2622
2544 2 2 1 1 1635 1636 1637
2545 2 2 1 1 2940 2941 3269
2546 2 2 1 1 2763 2034 3949
2547 2 2 1 1 2119 3337 3647
2548 2 2 1 1 2958 1428 4025
2549 2 2 1 1 2316 2626 3714
2550 2 2 1 1 1759 1760 1761
2551 2 2 1 1 2453 2338 3978
2552 2 2 1 1 1580 1532 1581
2553 2 2 1 1 1720 1705 3836
2554 2 2 1 1 2220 2912 3803
2555 2 2 1 1 1800 1798 4089
2556 2 2 1 1 306 307 2556
2557 2 2 1 1 1338 2716 3759
2558 2 2 1 1 1699 1702 3131
2559 2 2 1 1 2356 1471 3251
2560 2 2 1 1 1327 1590 2963
2561 2 2 1 1 2072 2073 3420
2562 2 2 1 1 1963 2029 2218
2563 2 2 1 1 2330 2331 3293
2564 2 2 1 1 1960 1959 1961
2565 2 2 1 1 2920 2008 3761
2566 2 2 1 1 1575 1576 1577
2567 2 2 1 1 1323 839 2566
2568 2 2 1 1 1299 2665 3650
2569 2 2 1 1 1190 1371 2571
2570 2 2 1 1 1788 1787 1789
2571 2 2 1 1 2450 2161 3704
2572 2 2 1 1 1930 1932 1933
2573 2 2 1 1 2664 1494 3090
2574 2 2 1 1 1783 1732 2023
2575 2 2 1 1 2477 2478 2479
2576 2 2 1 1 2696 1095 3235
2577 2 2 1 1 1778 1767 1779
2578 2 2 1 1 2543 2556 4030
2579 2 2 1 1 3573 2971 3736
2580 2 2 1 1 1021 2652 3213
2581 2 2 1 1 1527 1530 1532
2582 2 2 1 1 1564 1565 1566
2583 2 2 1 1 2665 1117 3650
2584 2 2 1 1 2625 933 3802
2585 2 2 1 1 1462 2674 2761
2586 2 2 1 1 2144 2240 2241
2587 2 2 1 1 2869 1664 3382
2588 2 2 1 1 1449 1420 1816
2589 2 2 1 1 2570 1923 3750
2590 2 2 1 1 1499 1791 2163
2591 2 2 1 1 1277 1276 1412
2592 2 2 1 1 1695 2372 3576
2593 2 2 1 1 1661 1662 1663
2594 2 2 1 1 1652 1651 1653
2595 2 2 1 1 2188 2007 2189
2596 2 2 1 1 2007 2005 2809
2597 2 2 1 1 2873 1328 2995
2598 2 2 1 1 1315 2915 3712
2599 2 2 1 1 155 154 9
2600 2 2 1 1 2025 2027 2194
2601 2 2 1 1 1459 2288 2290
2602 2 2 1 1 2365 2364 2366
2603 2 2 1 1 2287 1611 4063
2604 2 2 1 1 1461 2935 3357
2605 2 2 1 1 705 706 2673
2606 2 2 1 1 839 108 2566
2607 2 2 1 1 3054 2152 3455
2608 2 2 1 1 1929 1718 1930
2609 2 2 1 1 3049 2397 3305
2610 2 2 1 1 2107 2309 3506
2611 2 2 1 1 2144 2142 2240
2612 2 2 1 1 2282 3688 3724
2613 2 2 1 1 1963 1962 2028
2614 2 2 1 1 2215 2443 3081
2615 2 2 1 1 24 306 2451
2616 2 2 1 1 1504 1839 3827
2617 2 2 1 1 2796 1827 3502
2618 2 2 1 1 1552 1555 3144
2619 2 2 1 1 2678 2435 2722
2620 2 2 1 1 1590 1945 2151
2621 2 2 1 1 2527 1029 3749
2622 2 2 1 1 2123 2011 3120
2623 2 2 1 1 2249 2247 2262
2624 2 2 1 1 2464 619 3176
2625 2 2 1 1 2467 2233 3336
2626 2 2 1 1 1765 2100 3830
2627 2 2 1 1 1433 1139 2696
2628 2 2 1 1 2367 2366 2369
2629 2 2 1 1 2448 2446 2449
2630 2 2 1 1 1538 1536 1539
2631 2 2 1 1 1419 1448 3823
2632 2 2 1 1 2812 2811 3535
2633 2 2 1 1 1906 2463 2623
2634 2 2 1 1 1901 1629 3177
2635 2 2 1 1 1735 2425 3295
2636 2 2 1 1 1623 1458 1827
2637 2 2 1 1 2451 306 2556
2638 2 2 1 1 2376 2375 3360
2639 2 2 1 1 1682 1673 3891
2640 2 2 1 1 2036 2035 2148
2641 2 2 1 1 1229 2576 2579
2642 2 2 1 1 1544 1542 1755
2643 2 2 1 1 1045 1056 1937
2644 2 2 1 1 1423 2735 3138
2645 2 2 1 1 2540 2674 2675
2646 2 2 1 1 3024 2324 3461
2647 2 2 1 1 1731 1732 1782
2648 2 2 1 1 1184 1433 2379
2649 2 2 1 1 328 329 3614
2650 2 2 1 1 2357 2302 2358
2651 2 2 1 1 1684 1709 1710
2652 2 2 1 1 2580 2797 3630
2653 2 2 1 1 2186 2185 2187
2654 2 2 1 1 2536 1945 2537
2655 2 2 1 1 2947 1978 2948
2656 2 2 1 1 1933 1934 2476
2657 2 2 1 1 2149 2150 2426
2658 2 2 1 1 3267 2273 3827
2659 2 2 1 1 2459 2086 3408
2660 2 2 1 1 1956 1954 2770
2661 2 2 1 1 1930 1718 1931
2662 2 2 1 1 1601 1505 1650
2663 2 2 1 1 2076 2162 2190
2664 2 2 1 1 1062 1064 1567
2665 2 2 1 1 1456 1535 1536
2666 2 2 1 1 1452 947 1533
2667 2 2 1 1 2067 2068 2069
2668 2 2 1 1 1473 1156 2619
2669 2 2 1 1 2910 3363 3505
2670 2 2 1 1 2263 2262 3707
2671 2 2 1 1 1001 1003 1407
2672 2 2 1 1 1082 1080 1563
2673 2 2 1 1 878 870 3318
2674 2 2 1 1 2607 2605 2803
2675 2 2 1 1 1813 2740 3532
2676 2 2 1 1 1427 1573 2531
2677 2 2 1 1 2563 2562 3678
2678 2 2 1 1 2065 2066 2067
2679 2 2 1 1 1211 2913 3094
2680 2 2 1 1 1637 1636 1638
2681 2 2 1 1 1462 2634 2674
2682 2 2 1 1 1526 1524 2402
2683 2 2 1 1 872 2420 3555
2684 2 2 1 1 1887 3538 3539
2685 2 2 1 1 2102 2105 3265
2686 2 2 1 1 2390 2172 3972
2687 2 2 1 1 2393 1820 3602
2688 2 2 1 1 2951 2050 4023
2689 2 2 1 1 1822 2046 3822
2690 2 2 1 1 1574 1571 1633
2691 2 2 1 1 3596 2250 3670
2692 2 2 1 1 2641 2640 2642
2693 2 2 1 1 1617 1616 1787
2694 2 2 1 1 87 717 2706
2695 2 2 1 1 1759 1758 1760
2696 2 2 1 1 937 3336 3498
2697 2 2 1 1 1578 1810 2212
2698 2 2 1 1 3096 2234 3661
2699 2 2 1 1 2658 827 3433
2700 2 2 1 1 1276 1248 1352
2701 2 2 1 1 2467 2657 3904
2702 2 2 1 1 2203 2204 2205
2703 2 2 1 1 1961 1963 2338
2704 2 2 1 1 2960 1497 3621
2705 2 2 1 1 2244 2245 2669
2706 2 2 1 1 2411 2410 3651
2707 2 2 1 1 2762 3558 3790
2708 2 2 1 1 1048 1091 1877
2709 2 2 1 1 1577 1584 1585
2710 2 2 1 1 1790 2076 2585
2711 2 2 1 1 2327 1818 3664
2712 2 2 1 1 962 963 3345
2713 2 2 1 1 1809 2014 4028
2714 2 2 1 1 1912 1913 1914
2715 2 2 1 1 1994 1708 2220
2716 2 2 1 1 2130 3519 3689
2717 2 2 1 1 2479 2478 3468
2718 2 2 1 1 2348 3906 4060
2719 2 2 1 1 1444 2332 2655
2720 2 2 1 1 1333 2577 3454
2721 2 2 1 1 3542 2576 3812
2722 2 2 1 1 2307 2255 3768
2723 2 2 1 1 3189 3323 3554
2724 2 2 1 1 1538 1539 1540
2725 2 2 1 1 2321 1901 3177
2726 2 2 1 1 2740 406 3392
2727 2 2 1 1 2643 1702 3828
2728 2 2 1 1 1664 2869 4068
2729 2 2 1 1 2156 3275 3577
2730 2 2 1 1 618 2464 3328
2731 2 2 1 1 1679 1683 1684
2732 2 2 1 1 2513 1980 3679
2733 2 2 1 1 1825 3006 4005
2734 2 2 1 1 1154 1156 1473
2735 2 2 1 1 2542 1279 3898
2736 2 2 1 1 2103 2301 2302
2737 2 2 1 1 2092 3542 3812
2738 2 2 1 1 1064 1138 2560
2739 2 2 1 1 1303 1547 1578
2740 2 2 1 1 1180 1386 1907
2741 2 2 1 1 1819 1618 2078
2742 2 2 1 1 1675 1677 1807
2743 2 2 1 1 2474 2473 3973
2744 2 2 1 1 2148 2035 2665
2745 2 2 1 1 2385 1535 3975
2746 2 2 1 1 2087 2110 2677
2747 2 2 1 1 2569 2313 3796
2748 2 2 1 1 1739 2107 4051
2749 2 2 1 1 1472 1391 1770
2750 2 2 1 1 1666 1667 1731
2751 2 2 1 1 1291 1334 1335
2752 2 2 1 1 2586 2585 3839
2753 2 2 1 1 2011 2022 2570
2754 2 2 1 1 1141 1411 1541
2755 2 2 1 1 1288 1375 2727
2756 2 2 1 1 1601 1651 1652
2757 2 2 1 1 3006 3112 3278
2758 2 2 1 1 2492 1962 2493
2759 2 2 1 1 1871 868 3031
2760 2 2 1 1 2588 3064 4056
2761 2 2 1 1 1723 1395 2044
2762 2 2 1 1 3459 3285 3820
2763 2 2 1 1 1640 1638 2440
2764 2 2 1 1 2674 2540 2761
2765 2 2 1 1 1609 3321 3734
2766 2 2 1 1 2421 2081 2618
2767 2 2 1 1 2027 2036 2499
2768 2 2 1 1 1150 1152 1396
2769 2 2 1 1 2268 2090 3597
2770 2 2 1 1 2073 2074 2152
2771 2 2 1 1 2697 2180 2698
2772 2 2 1 1 2171 1602 2172
2773 2 2 1 1 2597 963 3959
2774 2 2 1 1 2151 1945 2536
2775 2 2 1 1 2060 2345 2346
2776 2 2 1 1 3455 2152 3677
2777 2 2 1 1 2149 2148 2150
2778 2 2 1 1 1761 1768 1769
2779 2 2 1 1 2075 3439 3541
2780 2 2 1 1 1723 2044 2045
2781 2 2 1 1 2640 2639 3286
2782 2 2 1 1 1989 1616 4074
2783 2 2 1 1 2139 2140 2487
2784 2 2 1 1 1709 1712 3242
2785 2 2 1 1 2242 2243 2244
2786 2 2 1 1 2730 3125 3208
2787 2 2 1 1 2661 2675 3349
2788 2 2 1 1 2054 2124 3002
2789 2 2 1 1 3396 1250 3663
2790 2 2 1 1 1856 1855 2018
2791 2 2 1 1 1257 1399 1400
2792 2 2 1 1 1819 2078 2840
2793 2 2 1 1 1962 1959 2493
2794 2 2 1 1 2730 3208 3343
2795 2 2 1 1 2396 2397 3929
2796 2 2 1 1 1788 1790 2584
2797 2 2 1 1 2550 1871 3038
2798 2 2 1 1 153 154 3097
2799 2 2 1 1 2328 2633 3943
2800 2 2 1 1 1456 1536 1537
2801 2 2 1 1 2024 2921 3935
2802 2 2 1 1 2625 3802 4077
2803 2 2 1 1 2588 2358 3254
2804 2 2 1 1 2502 2501 2503
2805 2 2 1 1 2265 2263 3320
2806 2 2 1 1 1184 1139 1433
2807 2 2 1 1 2214 2923 3912
2808 2 2 1 1 1619 1654 1655
2809 2 2 1 1 3480 1137 3870
2810 2 2 1 1 461 462 3003
2811 2 2 1 1 2654 3307 3674
2812 2 2 1 1 2103 2302 2303
2813 2 2 1 1 1351 1349 2561
2814 2 2 1 1 2140 2143 2487
2815 2 2 1 1 109 1104 2191
2816 2 2 1 1 2245 2246 2247
2817 2 2 1 1 1639 1640 1666
2818 2 2 1 1 3022 2163 3638
2819 2 2 1 1 2394 2395 3248
2820 2 2 1 1 3121 2033 3505
2821 2 2 1 1 2312 2314 3796
2822 2 2 1 1 1875 1893 2653
2823 2 2 1 1 2884 2095 2899
2824 2 2 1 1 2344 2587 4087
2825 2 2 1 1 1391 1282 3582
2826 2 2 1 1 1585 1584 1616
2827 2 2 1 1 1706 1852 2624
2828 2 2 1 1 992 1048 3459
2829 2 2 1 1 1735 1737 2425
2830 2 2 1 1 2634 1462 2676
2831 2 2 1 1 1637 1638 1639
2832 2 2 1 1 971 968 3027
2833 2 2 1 1 494 493 48
2834 2 2 1 1 2320 2322 2633
2835 2 2 1 1 2642 2640 3061
2836 2 2 1 1 705 2673 3395
2837 2 2 1 1 2865 909 2945
2838 2 2 1 1 1833 1881 1882
2839 2 2 1 1 3029 1944 3030
2840 2 2 1 1 1737 1878 2196
2841 2 2 1 1 2417 770 2745
2842 2 2 1 1 2224 3252 3733
2843 2 2 1 1 1341 1491 4033
2844 2 2 1 1 2485 2486 4044
2845 2 2 1 1 1115 1330 3536
2846 2 2 1 1 2075 2095 3439
2847 2 2 1 1 1409 1401 1498
2848 2 2 1 1 1585 1616 1617
2849 2 2 1 1 3460 3057 3677
2850 2 2 1 1 1687 1815 2392
2851 2 2 1 1 1723 2045 2130
2852 2 2 1 1 2935 1461 3399
2853 2 2 1 1 2866 3334 3820
2854 2 2 1 1 2247 2246 3117
2855 2 2 1 1 2533 3353 3950
2856 2 2 1 1 1260 1239 1379
2857 2 2 1 1 1831 1832 1833
2858 2 2 1 1 1557 1502 1558
2859 2 2 1 1 1898 2116 3271
2860 2 2 1 1 2214 2215 3762
2861 2 2 1 1 2014 2475 2790
2862 2 2 1 1 1656 2282 3953
2863 2 2 1 1 1498 1619 2629
2864 2 2 1 1 2342 2558 3133
2865 2 2 1 1 2800 2326 3799
2866 2 2 1 1 1212 1184 2379
2867 2 2 1 1 2069 2070 2071
2868 2 2 1 1 2118 1884 2119
2869 2 2 1 1 1769 2103 2530
2870 2 2 1 1 2664 1873 3660
2871 2 2 1 1 7 143 142
2872 2 2 1 1 3160 1918 3491
2873 2 2 1 1 2980 3157 3357
2874 2 2 1 1 1988 2517 2582
2875 2 2 1 1 2476 1934 2477
2876 2 2 1 1 2155 2914 3784
2877 2 2 1 1 2212 2213 2214
2878 2 2 1 1 1582 1569 2087
2879 2 2 1 1 1972 1973 3632
2880 2 2 1 1 2570 2022 3353
2881 2 2 1 1 884 3125 3147
2882 2 2 1 1 1988 2079 2109
2883 2 2 1 1 2534 2004 3875
2884 2 2 1 1 2531 1971 3429
2885 2 2 1 1 455 884 3148
2886 2 2 1 1 1259 1186 2661
2887 2 2 1 1 3404 3008 3732
2888 2 2 1 1 1955 1956 2135
2889 2 2 1 1 1260 1379 1380
2890 2 2 1 1 2245 2243 2246
2891 2 2 1 1 1098 2672 3435
2892 2 2 1 1 2802 2423 3426
2893 2 2 1 1 2588 3254 3613
2894 2 2 1 1 1001 1407 3195
2895 2 2 1 1 2398 1909 4043
2896 2 2 1 1 2236 1967 2726
2897 2 2 1 1 3198 3155 3870
2898 2 2 1 1 3357 2094 3569
2899 2 2 1 1 1335 1459 2339
2900 2 2 1 1 1630 1574 2377
2901 2 2 1 1 1313 1282 1391
2902 2 2 1 1 2618 1556 3888
2903 2 2 1 1 2477 1934 2478
2904 2 2 1 1 3092 1387 3515
2905 2 2 1 1 2482 3364 4035
2906 2 2 1 1 2041 2040 3549
2907 2 2 1 1 3148 1812 3467
2908 2 2 1 1 2036 2148 2149
2909 2 2 1 1 2108 1903 3196
2910 2 2 1 1 2702 2701 2929
2911 2 2 1 1 1717 1653 1718
2912 2 2 1 1 2720 2277 2743
2913 2 2 1 1 2426 2150 2427
2914 2 2 1 1 2717 2720 2743
2915 2 2 1 1 1961 1959 1962
2916 2 2 1 1 2290 2291 2293
2917 2 2 1 1 3133 2558 4065
2918 2 2 1 1 3289 2434 3321
2919 2 2 1 1 2127 1490 3856
2920 2 2 1 1 1769 2102 2103
2921 2 2 1 1 1955 2342 2639
2922 2 2 1 1 2573 2572 3338
2923 2 2 1 1 1905 2908 2909
2924 2 2 1 1 2079 2796 3428
2925 2 2 1 1 2437 2188 3914
2926 2 2 1 1 2931 2101 2932
2927 2 2 1 1 1600 1505 1601
2928 2 2 1 1 2035 2026 3146
2929 2 2 1 1 2721 2399 3970
2930 2 2 1 1 1535 1780 3975
2931 2 2 1 1 1185 1212 1257
2932 2 2 1 1 111 2927 3437
2933 2 2 1 1 2651 946 3371
2934 2 2 1 1 1757 1560 1758
2935 2 2 1 1 2357 2358 2588
2936 2 2 1 1 2323 1939 3447
2937 2 2 1 1 2731 951 2758
2938 2 2 1 1 1611 1800 4063
2939 2 2 1 1 2522 1049 3367
2940 2 2 1 1 2111 3300 3832
2941 2 2 1 1 1371 1455 1456
2942 2 2 1 1 1287 1240 2676
2943 2 2 1 1 1138 1279 2560
2944 2 2 1 1 1363 2677 3813
2945 2 2 1 1 2667 847 3008
2946 2 2 1 1 2305 2870 3911
2947 2 2 1 1 1456 1537 3497
2948 2 2 1 1 2209 2578 2958
2949 2 2 1 1 1732 1667 2468
2950 2 2 1 1 1933 1932 1934
2951 2 2 1 1 2218 2697 3774
2952 2 2 1 1 2194 3500 3833
2953 2 2 1 1 2209 2577 2578
2954 2 2 1 1 1872 2344 2415
2955 2 2 1 1 1448 1561 1740
2956 2 2 1 1 2062 2064 2065
2957 2 2 1 1 1635 1784 2362
2958 2 2 1 1 2106 1810 4028
2959 2 2 1 1 1527 1526 1530
2960 2 2 1 1 1540 1559 1560
2961 2 2 1 1 3027 968 3601
2962 2 2 1 1 2622 1123 3393
2963 2 2 1 1 107 834 2801
2964 2 2 1 1 3271 2116 3419
2965 2 2 1 1 2672 1098 3968
2966 2 2 1 1 2323 1817 4066
2967 2 2 1 1 2651 1447 3554
2968 2 2 1 1 2812 3535 3667
2969 2 2 1 1 892 2545 3881
2970 2 2 1 1 2635 1235 2636
2971 2 2 1 1 1961 1962 1963
2972 2 2 1 1 2895 2381 3687
2973 2 2 1 1 902 3077 3078
2974 2 2 1 1 2268 3597 4007
2975 2 2 1 1 1438 1485 2409
2976 2 2 1 1 3251 2355 3648
2977 2 2 1 1 2245 2247 2248
2978 2 2 1 1 644 645 3113
2979 2 2 1 1 2333 2781 3375
2980 2 2 1 1 1577 1576 1584
2981 2 2 1 1 860 2574 3605
2982 2 2 1 1 1871 2550 3318
2983 2 2 1 1 1328 2996 2998
2984 2 2 1 1 2040 1481 3760
2985 2 2 1 1 1190 1370 1371
2986 2 2 1 1 1452 1533 2959
2987 2 2 1 1 2338 2218 3731
2988 2 2 1 1 2554 2553 3275
2989 2 2 1 1 1555 2061 3144
2990 2 2 1 1 1617 1787 1788
2991 2 2 1 1 2495 2496 2545
2992 2 2 1 1 2031 1875 2653
2993 2 2 1 1 3014 2833 3084
2994 2 2 1 1 1375 1772 2727
2995 2 2 1 1 1434 1288 2727
2996 2 2 1 1 2976 2443 3595
2997 2 2 1 1 911 1392 3385
2998 2 2 1 1 854 855 3615
2999 2 2 1 1 2923 2214 3762
3000 2 2 1 1 1280 2874 3683
3001 2 2 1 1 2481 2479 2749
3002 2 2 1 1 2140 2141 2142
3003 2 2 1 1 2698 2180 2699
3004 2 2 1 1 1451 1243 2501
3005 2 2 1 1 1462 1287 2676
3006 2 2 1 1 2382 2383 2384
3007 2 2 1 1 2695 2438 2861
3008 2 2 1 1 2698 2699 2700
3009 2 2 1 1 1751 1753 2060
3010 2 2 1 1 2495 2658 3804
3011 2 2 1 1 1022 1180 3556
3012 2 2 1 1 2535 1037 3675
3013 2 2 1 1 1851 2574 2681
3014 2 2 1 1 462 463 3003
3015 2 2 1 1 1672 1675 3550
3016 2 2 1 1 1042 1086 2635
3017 2 2 1 1 1590 2151 2963
3018 2 2 1 1 1194 1254 2663
3019 2 2 1 1 2573 2723 2725
3020 2 2 1 1 2125 2503 3730
3021 2 2 1 1 1156 1158 2619
3022 2 2 1 1 1960 2454 2455
3023 2 2 1 1 2140 2138 2141
3024 2 2 1 1 2558 1092 4065
3025 2 2 1 1 2029 2179 2180
3026 2 2 1 1 109 846 1104
3027 2 2 1 1 2420 3103 4022
3028 2 2 1 1 2015 2341 2581
3029 2 2 1 1 1882 2082 2083
3030 2 2 1 1 2351 2354 3764
3031 2 2 1 1 275 3209 3726
3032 2 2 1 1 1277 1412 1438
3033 2 2 1 1 2760 2719 3221
3034 2 2 1 1 1555 1604 2061
3035 2 2 1 1 101 1270 2555
3036 2 2 1 1 2605 1416 3771
3037 2 2 1 1 2246 2243 2647
3038 2 2 1 1 1276 2224 4019
3039 2 2 1 1 29 357 945
3040 2 2 1 1 1983 3422 3473
3041 2 2 1 1 3658 3590 3956
3042 2 2 1 1 1689 1828 1829
3043 2 2 1 1 2366 2368 3966
3044 2 2 1 1 868 30 3031
3045 2 2 1 1 3061 2640 3286
3046 2 2 1 1 2041 3549 3706
3047 2 2 1 1 981 2721 3970
3048 2 2 1 1 1787 1989 3920
3049 2 2 1 1 1774 3154 3155
3050 2 2 1 1 2786 2521 4030
3051 2 2 1 1 1100 2659 3883
3052 2 2 1 1 1836 1136 3415
3053 2 2 1 1 2567 62 2568
3054 2 2 1 1 990 3045 3046
3055 2 2 1 1 1447 3189 3554
3056 2 2 1 1 2037 2219 2324
3057 2 2 1 1 1728 1417 1976
3058 2 2 1 1 2589 1002 3345
3059 2 2 1 1 1377 2775 2825
3060 2 2 1 1 2010 2731 2758
3061 2 2 1 1 3591 2268 4007
3062 2 2 1 1 2028 2492 3298
3063 2 2 1 1 1428 3260 3748
3064 2 2 1 1 1859 3010 3872
3065 2 2 1 1 1312 2809 3816
3066 2 2 1 1 2112 2111 2659
3067 2 2 1 1 2311 2310 3431
3068 2 2 1 1 2883 2525 3223
3069 2 2 1 1 2077 3206 3603
3070 2 2 1 1 1841 1687 2392
3071 2 2 1 1 2136 2138 2139
3072 2 2 1 1 2328 2847 3366
3073 2 2 1 1 2368 2732 2733
3074 2 2 1 1 1115 1146 1330
3075 2 2 1 1 1219 1696 2913
3076 2 2 1 1 2911 1293 3488
3077 2 2 1 1 740 91 914
3078 2 2 1 1 61 570 899
3079 2 2 1 1 2700 2699 2701
3080 2 2 1 1 1261 2608 4048
3081 2 2 1 1 1533 2583 3222
3082 2 2 1 1 557 59 1105
3083 2 2 1 1 1612 1805 3676
3084 2 2 1 1 2537 3028 3150
3085 2 2 1 1 2430 2008 2966
3086 2 2 1 1 2361 2360 2671
3087 2 2 1 1 1679 1680 1683
3088 2 2 1 1 2280 2347 3757
3089 2 2 1 1 1684 1710 2178
3090 2 2 1 1 14 185 2557
3091 2 2 1 1 2011 1608 2022
3092 2 2 1 1 2051 3218 3311
3093 2 2 1 1 999 2724 4014
3094 2 2 1 1 2823 2873 2874
3095 2 2 1 1 1575 1544 1576
3096 2 2 1 1 1917 1958 1959
3097 2 2 1 1 1751 2060 3153
3098 2 2 1 1 1967 2174 2726
3099 2 2 1 1 1429 3151 3152
3100 2 2 1 1 2697 2698 3356
3101 2 2 1 1 2379 1433 3187
3102 2 2 1 1 1504 1306 1505
3103 2 2 1 1 1788 1789 1790
3104 2 2 1 1 1352 1248 1501
3105 2 2 1 1 2083 2111 2112
3106 2 2 1 1 2336 1787 3920
3107 2 2 1 1 2027 2035 2036
3108 2 2 1 1 2654 1181 4012
3109 2 2 1 1 1639 1638 1640
3110 2 2 1 1 2423 2183 2470
3111 2 2 1 1 33 381 927
3112 2 2 1 1 2160 2880 2881
3113 2 2 1 1 1917 1959 1960
3114 2 2 1 1 2481 2749 2750
3115 2 2 1 1 1823 943 3434
3116 2 2 1 1 2313 2734 3685
3117 2 2 1 1 2458 2457 4032
3118 2 2 1 1 3685 1633 3983
3119 2 2 1 1 1697 1698 2093
3120 2 2 1 1 1140 1230 3351
3121 2 2 1 1 3536 1330 3791
3122 2 2 1 1 2069 2072 3777
3123 2 2 1 1 2193 1601 4085
3124 2 2 1 1 53 522 2610
3125 2 2 1 1 1468 1713 2736
3126 2 2 1 1 2127 2474 3973
3127 2 2 1 1 3512 2289 3900
3128 2 2 1 1 2540 2675 3625
3129 2 2 1 1 2351 2566 4024
3130 2 2 1 1 111 2814 3724
3131 2 2 1 1 1236 1124 1237
3132 2 2 1 1 2623 2233 3810
3133 2 2 1 1 2720 1434 2727
3134 2 2 1 1 934 951 2731
3135 2 2 1 1 2244 2243 2245
3136 2 2 1 1 2011 2570 3750
3137 2 2 1 1 93 754 3099
3138 2 2 1 1 3127 2003 3563
3139 2 2 1 1 2228 1104 2667
3140 2 2 1 1 2848 2105 3292
3141 2 2 1 1 423 37 1405
3142 2 2 1 1 2971 2483 3736
3143 2 2 1 1 1704 1705 1719
3144 2 2 1 1 2136 1956 2137
3145 2 2 1 1 2699 2180 3136
3146 2 2 1 1 1546 1412 3733
3147 2 2 1 1 717 2001 2706
3148 2 2 1 1 180 13 2680
3149 2 2 1 1 1892 2269 3028
3150 2 2 1 1 3113 645 3452
3151 2 2 1 1 1657 1656 1658
3152 2 2 1 1 2098 2752 2753
3153 2 2 1 1 2382 2384 3562
3154 2 2 1 1 1379 1239 3108
3155 2 2 1 1 2249 2263 2264
3156 2 2 1 1 1443 1582 1846
3157 2 2 1 1 2232 2231 3408
3158 2 2 1 1 2673 702 3395
3159 2 2 1 1 2243 2241 2647
3160 2 2 1 1 2264 2263 2265
3161 2 2 1 1 2913 2914 2915
3162 2 2 1 1 1971 1970 2840
3163 2 2 1 1 359 1114 2733
3164 2 2 1 1 2676 1240 2825
3165 2 2 1 1 1108 2222 3575
3166 2 2 1 1 99 1579 2432
3167 2 2 1 1 3564 2167 3565
3168 2 2 1 1 2423 2470 3180
3169 2 2 1 1 2984 2461 4053
3170 2 2 1 1 2644 2645 2646
3171 2 2 1 1 2415 2344 4087
3172 2 2 1 1 2775 2676 2825
3173 2 2 1 1 2265 2822 4061
3174 2 2 1 1 1474 1693 1926
3175 2 2 1 1 362 30 858
3176 2 2 1 1 1977 1561 3447
3177 2 2 1 1 1846 1582 2656
3178 2 2 1 1 1019 2730 3343
3179 2 2 1 1 510 51 2683
3180 2 2 1 1 1146 1150 3303
3181 2 2 1 1 1175 1172 2747
3182 2 2 1 1 1031 3023 3024
3183 2 2 1 1 1713 2524 2736
3184 2 2 1 1 1790 2075 2076
3185 2 2 1 1 1683 1685 3955
3186 2 2 1 1 2135 1956 2136
3187 2 2 1 1 1414 904 3444
3188 2 2 1 1 1691 2711 3865
3189 2 2 1 1 1770 1391 4015
3190 2 2 1 1 1174 2690 2692
3191 2 2 1 1 3174 1857 3692
3192 2 2 1 1 833 107 910
3193 2 2 1 1 2634 2676 2775
3194 2 2 1 1 358 359 2733
3195 2 2 1 1 1428 3533 4025
3196 2 2 1 1 1466 1468 2736
3197 2 2 1 1 2381 2382 3687
3198 2 2 1 1 1246 1423 2738
3199 2 2 1 1 770 771 2745
3200 2 2 1 1 2694 1297 2747
3201 2 2 1 1 243 18 2989
3202 2 2 1 1 2020 2237 2355
3203 2 2 1 1 2772 928 3442
3204 2 2 1 1 2343 2092 3812
3205 2 2 1 1 2245 2248 2669
3206 2 2 1 1 2140 2142 2143
3207 2 2 1 1 2144 2242 2465
3208 2 2 1 1 1186 1110 2661
3209 2 2 1 1 1851 2682 3855
3210 2 2 1 1 2355 2131 3648
3211 2 2 1 1 1169 1167 2771
3212 2 2 1 1 2168 2545 3805
3213 2 2 1 1 1926 2603 2604
3214 2 2 1 1 2506 2504 3222
3215 2 2 1 1 106 828 1286
3216 2 2 1 1 1401 1399 3902
3217 2 2 1 1 50 1285 2497
3218 2 2 1 1 2098 1245 2752
3219 2 2 1 1 3418 2541 3668
3220 2 2 1 1 1297 1175 2747
3221 2 2 1 1 1172 1174 2747
3222 2 2 1 1 2746 2688 3244
3223 2 2 1 1 2461 2462 3718
3224 2 2 1 1 1471 1334 2842
3225 2 2 1 1 101 798 1061
3226 2 2 1 1 1174 2692 2747
3227 2 2 1 1 1215 1176 2744
3228 2 2 1 1 1171 1162 1268
3229 2 2 1 1 1045 1937 2981
3230 2 2 1 1 1167 2729 2771
3231 2 2 1 1 855 856 3755
3232 2 2 1 1 1666 1640 1667
3233 2 2 1 1 1067 1377 2825
3234 2 2 1 1 1761 1983 3913
3235 2 2 1 1 1245 1247 2752
3236 2 2 1 1 50 505 1285
3237 2 2 1 1 2478 1934 3756
3238 2 2 1 1 2447 2446 2448
3239 2 2 1 1 2690 1174 2771
3240 2 2 1 1 1167 1165 2729
3241 2 2 1 1 1157 1155 2754
3242 2 2 1 1 3174 3167 3623
3243 2 2 1 1 850 110 1493
3244 2 2 1 1 1633 1571 3983
3245 2 2 1 1 2244 2669 3811
3246 2 2 1 1 2519 3332 3882
3247 2 2 1 1 1420 1418 2444
3248 2 2 1 1 1174 1169 2771
3249 2 2 1 1 2172 2552 3837
3250 2 2 1 1 1851 2681 2682
3251 2 2 1 1 1658 1656 3953
3252 2 2 1 1 664 78 1030
3253 2 2 1 1 2729 1165 2755
3254 2 2 1 1 1147 1179 2688
3255 2 2 1 1 2700 2702 2704
3256 2 2 1 1 3416 1385 3864
3257 2 2 1 1 421 1549 2741
3258 2 2 1 1 1155 1238 2754
3259 2 2 1 1 1915 1916 1917
3260 2 2 1 1 1163 1171 2755
3261 2 2 1 1 1160 1157 2754
3262 2 2 1 1 1775 1752 1804
3263 2 2 1 1 1423 1244 2735
3264 2 2 1 1 1912 1914 1915
3265 2 2 1 1 1263 849 2748
3266 2 2 1 1 1268 1162 2705
3267 2 2 1 1 1171 1268 1269
3268 2 2 1 1 2692 2694 2747
3269 2 2 1 1 1165 1163 2755
3270 2 2 1 1 1138 1187 1279
3271 2 2 1 1 2739 420 2741
3272 2 2 1 1 1975 419 2739
3273 2 2 1 1 1244 1216 2735
3274 2 2 1 1 2606 2605 2607
3275 2 2 1 1 420 421 2741
3276 2 2 1 1 418 419 1975
3277 2 2 1 1 421 422 1549
3278 2 2 1 1 950 949 2708
3279 2 2 1 1 8 148 1057
3280 2 2 1 1 1503 1035 2756
3281 2 2 1 1 1171 1290 2755
3282 2 2 1 1 90 734 2678
3283 2 2 1 1 419 420 2739
3284 2 2 1 1 1238 1153 2746
3285 2 2 1 1 2743 2277 2756
3286 2 2 1 1 1015 1002 2589
3287 2 2 1 1 2277 1503 2756
3288 2 2 1 1 1035 998 2756
3289 2 2 1 1 959 2710 2751
3290 2 2 1 1 1153 1151 2746
3291 2 2 1 1 2317 2129 2318
3292 2 2 1 1 2756 998 2769
3293 2 2 1 1 998 2751 2769
3294 2 2 1 1 2710 2713 2751
3295 2 2 1 1 958 959 2751
3296 2 2 1 1 1366 1627 2758
3297 2 2 1 1 1627 2010 2758
3298 2 2 1 1 997 1366 2758
3299 2 2 1 1 1858 2729 2755
3300 2 2 1 1 2705 1160 2754
3301 2 2 1 1 1425 1198 2757
3302 2 2 1 1 1198 1196 2757
3303 2 2 1 1 1889 1393 2761
3304 2 2 1 1 2540 1889 2761
3305 2 2 1 1 1393 1374 2761
3306 2 2 1 1 1201 1204 2759
3307 2 2 1 1 1199 1201 2759
3308 2 2 1 1 1343 1202 2760
3309 2 2 1 1 1202 1200 2760
3310 2 2 1 1 1394 2096 2762
3311 2 2 1 1 1888 2538 2763
3312 2 2 1 1 1209 1359 2764
3313 2 2 1 1 1896 1593 2766
3314 2 2 1 1 1593 1450 2766
3315 2 2 1 1 1168 1170 2765
3316 2 2 1 1 1927 2406 2407
3317 2 2 1 1 1865 1803 1866
3318 2 2 1 1 2165 1866 2768
3319 2 2 1 1 1170 1169 1172
3320 2 2 1 1 1172 1169 1174
3321 2 2 1 1 1173 1176 1215
3322 2 2 1 1 1239 1175 1297
3323 2 2 1 1 1803 1593 1896
3324 2 2 1 1 1803 1896 2768
3325 2 2 1 1 1927 1868 2406
3326 2 2 1 1 1173 1172 1175
3327 2 2 1 1 1802 1593 1803
3328 2 2 1 1 1802 1803 1865
3329 2 2 1 1 1802 2429 2767
3330 2 2 1 1 1170 1172 1173
3331 2 2 1 1 1173 1175 1176
3332 2 2 1 1 1176 1239 1260
3333 2 2 1 1 1866 1803 2768
3334 2 2 1 1 1865 1866 1867
3335 2 2 1 1 1867 1868 1927
3336 2 2 1 1 1867 1927 2091
3337 2 2 1 1 1168 1169 1170
3338 2 2 1 1 1226 1168 2765
3339 2 2 1 1 1450 1691 2766
3340 2 2 1 1 1592 1593 1802
3341 2 2 1 1 1592 1802 2767
3342 2 2 1 1 1868 1866 2165
3343 2 2 1 1 1176 1175 1239
3344 2 2 1 1 1592 1450 1593
3345 2 2 1 1 1867 1866 1868
3346 2 2 1 1 1802 1865 2429
3347 2 2 1 1 1168 1167 1169
3348 2 2 1 1 1445 1450 1592
3349 2 2 1 1 1450 1389 1691
3350 2 2 1 1 1166 1168 1226
3351 2 2 1 1 1445 1389 1450
3352 2 2 1 1 1166 1167 1168
3353 2 2 1 1 1359 1389 1445
3354 2 2 1 1 1166 1165 1167
3355 2 2 1 1 1359 1343 1389
3356 2 2 1 1 1164 1165 1166
3357 2 2 1 1 2539 1889 2540
3358 2 2 1 1 1209 1343 1359
3359 2 2 1 1 1242 1209 2764
3360 2 2 1 1 1164 1163 1165
3361 2 2 1 1 848 849 1263
3362 2 2 1 1 1209 1202 1343
3363 2 2 1 1 1203 1209 1242
3364 2 2 1 1 2538 1889 2539
3365 2 2 1 1 1161 1163 1164
3366 2 2 1 1 1163 1162 1171
3367 2 2 1 1 2283 1982 2284
3368 2 2 1 1 2715 2717 2743
3369 2 2 1 1 2717 2716 2718
3370 2 2 1 1 2096 1888 2763
3371 2 2 1 1 1203 1202 1209
3372 2 2 1 1 1201 1203 1204
3373 2 2 1 1 1888 1889 2538
3374 2 2 1 1 1161 1162 1163
3375 2 2 1 1 2010 1982 2283
3376 2 2 1 1 2715 2716 2717
3377 2 2 1 1 1201 1202 1203
3378 2 2 1 1 1394 1888 2096
3379 2 2 1 1 1888 1393 1889
3380 2 2 1 1 1772 1394 2762
3381 2 2 1 1 1161 1160 1162
3382 2 2 1 1 1981 2090 2268
3383 2 2 1 1 1627 1982 2010
3384 2 2 1 1 2715 2714 2716
3385 2 2 1 1 1200 1425 2760
3386 2 2 1 1 1375 1394 1772
3387 2 2 1 1 1201 1200 1202
3388 2 2 1 1 1394 1393 1888
3389 2 2 1 1 1159 1160 1161
3390 2 2 1 1 2692 2693 2694
3391 2 2 1 1 1981 1626 2090
3392 2 2 1 1 1627 1981 1982
3393 2 2 1 1 2276 1503 2277
3394 2 2 1 1 2713 2714 2715
3395 2 2 1 1 1814 2276 2278
3396 2 2 1 1 1200 1198 1425
3397 2 2 1 1 1229 1199 2759
3398 2 2 1 1 1199 1200 1201
3399 2 2 1 1 1375 1393 1394
3400 2 2 1 1 1159 1157 1160
3401 2 2 1 1 2692 2691 2693
3402 2 2 1 1 1814 1503 2276
3403 2 2 1 1 1627 1626 1981
3404 2 2 1 1 2713 2712 2714
3405 2 2 1 1 2674 2596 2675
3406 2 2 1 1 1197 1199 1229
3407 2 2 1 1 1199 1198 1200
3408 2 2 1 1 1374 1462 2761
3409 2 2 1 1 1375 1374 1393
3410 2 2 1 1 1158 1157 1159
3411 2 2 1 1 2690 2691 2692
3412 2 2 1 1 2710 2712 2713
3413 2 2 1 1 2712 2711 2719
3414 2 2 1 1 1366 1626 1627
3415 2 2 1 1 1367 1503 1814
3416 2 2 1 1 1197 1198 1199
3417 2 2 1 1 1288 1374 1375
3418 2 2 1 1 1374 1287 1462
3419 2 2 1 1 2634 2596 2674
3420 2 2 1 1 1156 1157 1158
3421 2 2 1 1 1247 1276 1277
3422 2 2 1 1 2690 2031 2691
3423 2 2 1 1 1367 1035 1503
3424 2 2 1 1 1366 1367 1626
3425 2 2 1 1 2710 2711 2712
3426 2 2 1 1 2598 2597 2599
3427 2 2 1 1 1241 1288 1434
3428 2 2 1 1 1196 1338 2757
3429 2 2 1 1 2593 2596 2634
3430 2 2 1 1 1197 1196 1198
3431 2 2 1 1 1288 1287 1374
3432 2 2 1 1 1156 1155 1157
3433 2 2 1 1 1247 1248 1276
3434 2 2 1 1 2030 2031 2690
3435 2 2 1 1 1366 1035 1367
3436 2 2 1 1 2710 2709 2711
3437 2 2 1 1 1713 2523 2524
3438 2 2 1 1 1196 1188 1338
3439 2 2 1 1 2593 2595 2596
3440 2 2 1 1 1189 1196 1197
3441 2 2 1 1 2594 2597 2598
3442 2 2 1 1 1241 1287 1288
3443 2 2 1 1 1155 1153 1238
3444 2 2 1 1 1154 1155 1156
3445 2 2 1 1 1247 1246 1248
3446 2 2 1 1 2030 1875 2031
3447 2 2 1 1 1858 2030 2729
3448 2 2 1 1 997 1035 1366
3449 2 2 1 1 959 2709 2710
3450 2 2 1 1 1713 2414 2523
3451 2 2 1 1 2594 2591 2597
3452 2 2 1 1 1143 1189 1235
3453 2 2 1 1 1189 1188 1196
3454 2 2 1 1 1241 1240 1287
3455 2 2 1 1 2593 2592 2595
3456 2 2 1 1 1154 1153 1155
3457 2 2 1 1 1246 1244 1423
3458 2 2 1 1 1245 1246 1247
3459 2 2 1 1 1858 1875 2030
3460 2 2 1 1 997 998 1035
3461 2 2 1 1 959 2708 2709
3462 2 2 1 1 998 958 2751
3463 2 2 1 1 2076 2161 2162
3464 2 2 1 1 1713 1480 2414
3465 2 2 1 1 2590 2592 2593
3466 2 2 1 1 2592 2591 2594
3467 2 2 1 1 1143 1188 1189
3468 2 2 1 1 1210 1240 1241
3469 2 2 1 1 1152 1153 1154
3470 2 2 1 1 1217 1245 2098
3471 2 2 1 1 1245 1244 1246
3472 2 2 1 1 1290 1858 2755
3473 2 2 1 1 1858 1292 1875
3474 2 2 1 1 2627 1842 2649
3475 2 2 1 1 959 950 2708
3476 2 2 1 1 951 997 2758
3477 2 2 1 1 997 958 998
3478 2 2 1 1 2751 2713 2769
3479 2 2 1 1 1468 1480 1713
3480 2 2 1 1 1480 1479 1745
3481 2 2 1 1 1143 1142 1188
3482 2 2 1 1 2590 2591 2592
3483 2 2 1 1 1210 1113 1240
3484 2 2 1 1 1151 2688 2746
3485 2 2 1 1 1152 1151 1153
3486 2 2 1 1 1217 1244 1245
3487 2 2 1 1 2713 2715 2769
3488 2 2 1 1 1290 1292 1858
3489 2 2 1 1 958 950 959
3490 2 2 1 1 951 958 997
3491 2 2 1 1 2743 2756 2769
3492 2 2 1 1 2242 2241 2243
3493 2 2 1 1 2715 2743 2769
3494 2 2 1 1 1468 1479 1480
3495 2 2 1 1 1479 1467 2306
3496 2 2 1 1 1086 1142 1143
3497 2 2 1 1 1142 1113 1210
3498 2 2 1 1 2590 2589 2591
3499 2 2 1 1 1151 1147 2688
3500 2 2 1 1 1150 1151 1152
3501 2 2 1 1 1217 1216 1244
3502 2 2 1 1 1216 1259 2735
3503 2 2 1 1 1290 1291 1292
3504 2 2 1 1 951 950 958
3505 2 2 1 1 1543 1542 1544
3506 2 2 1 1 1468 1467 1479
3507 2 2 1 1 58 552 1213
3508 2 2 1 1 1086 1113 1142
3509 2 2 1 1 1377 2589 2590
3510 2 2 1 1 2030 2690 2771
3511 2 2 1 1 1150 1147 1151
3512 2 2 1 1 1216 1186 1259
3513 2 2 1 1 1187 1216 1217
3514 2 2 1 1 603 67 1746
3515 2 2 1 1 1290 1269 1291
3516 2 2 1 1 1553 927 2266
3517 2 2 1 1 1377 2590 2775
3518 2 2 1 1 2593 2634 2775
3519 2 2 1 1 934 950 951
3520 2 2 1 1 2729 2030 2771
3521 2 2 1 1 834 1322 2801
3522 2 2 1 1 1727 2772 3442
3523 2 2 1 1 1952 2640 2641
3524 2 2 1 1 849 850 2748
3525 2 2 1 1 463 464 3003
3526 2 2 1 1 1321 2967 2968
3527 2 2 1 1 3080 2264 3179
3528 2 2 1 1 2191 1104 2226
3529 2 2 1 1 2590 2593 2775
3530 2 2 1 1 1466 1467 1468
3531 2 2 1 1 1818 1466 2736
3532 2 2 1 1 2050 3922 4066
3533 2 2 1 1 35 400 1255
3534 2 2 1 1 2341 1701 2728
3535 2 2 1 1 1377 1015 2589
3536 2 2 1 1 1086 1067 1113
3537 2 2 1 1 1162 1160 2705
3538 2 2 1 1 1660 2125 2126
3539 2 2 1 1 1147 1116 1179
3540 2 2 1 1 1146 1147 1150
3541 2 2 1 1 2138 2137 2622
3542 2 2 1 1 1247 1277 2752
3543 2 2 1 1 2555 1902 2621
3544 2 2 1 1 1187 1186 1216
3545 2 2 1 1 2584 2586 3425
3546 2 2 1 1 2732 358 2733
3547 2 2 1 1 443 39 1413
3548 2 2 1 1 602 603 2777
3549 2 2 1 1 600 601 2776
3550 2 2 1 1 601 602 1060
3551 2 2 1 1 598 599 1016
3552 2 2 1 1 599 600 2778
3553 2 2 1 1 2431 1487 3579
3554 2 2 1 1 573 574 931
3555 2 2 1 1 572 573 2780
3556 2 2 1 1 571 572 1298
3557 2 2 1 1 2025 2026 2027
3558 2 2 1 1 651 76 1724
3559 2 2 1 1 1446 2038 3421
3560 2 2 1 1 1171 1269 1290
3561 2 2 1 1 1004 2695 3897
3562 2 2 1 1 555 556 2781
3563 2 2 1 1 554 555 1208
3564 2 2 1 1 932 933 2625
3565 2 2 1 1 2136 2137 2138
3566 2 2 1 1 933 2329 3802
3567 2 2 1 1 319 320 2785
3568 2 2 1 1 320 321 1273
3569 2 2 1 1 325 326 1891
3570 2 2 1 1 318 319 1299
3571 2 2 1 1 322 323 1628
3572 2 2 1 1 323 324 2784
3573 2 2 1 1 321 322 2782
3574 2 2 1 1 307 308 1041
3575 2 2 1 1 308 309 2786
3576 2 2 1 1 310 311 1049
3577 2 2 1 1 313 314 1103
3578 2 2 1 1 316 317 1117
3579 2 2 1 1 312 313 2787
3580 2 2 1 1 315 316 2788
3581 2 2 1 1 1581 1765 1766
3582 2 2 1 1 2392 1815 3085
3583 2 2 1 1 832 833 2789
3584 2 2 1 1 831 832 1300
3585 2 2 1 1 359 360 1114
3586 2 2 1 1 361 362 2774
3587 2 2 1 1 360 361 2791
3588 2 2 1 1 830 831 2795
3589 2 2 1 1 829 830 906
3590 2 2 1 1 828 829 2793
3591 2 2 1 1 2130 2045 3282
3592 2 2 1 1 1963 2028 2029
3593 2 2 1 1 2521 2440 4030
3594 2 2 1 1 2139 2488 2907
3595 2 2 1 1 949 932 2625
3596 2 2 1 1 934 949 950
3597 2 2 1 1 1240 1113 2825
3598 2 2 1 1 2527 1782 2528
3599 2 2 1 1 83 697 1093
3600 2 2 1 1 2752 1707 2753
3601 2 2 1 1 610 68 1084
3602 2 2 1 1 2683 51 2813
3603 2 2 1 1 1176 1260 2744
3604 2 2 1 1 1367 1814 2839
3605 2 2 1 1 2090 1626 2839
3606 2 2 1 1 2463 2173 3817
3607 2 2 1 1 1060 602 2777
3608 2 2 1 1 601 1060 2776
3609 2 2 1 1 600 2776 2778
3610 2 2 1 1 1016 599 2778
3611 2 2 1 1 931 574 2567
3612 2 2 1 1 573 931 2780
3613 2 2 1 1 1298 572 2780
3614 2 2 1 1 2441 2099 3581
3615 2 2 1 1 525 526 1148
3616 2 2 1 1 523 524 2797
3617 2 2 1 1 522 523 1149
3618 2 2 1 1 1211 1219 2913
3619 2 2 1 1 1423 3138 3851
3620 2 2 1 1 738 739 1301
3621 2 2 1 1 737 738 2798
3622 2 2 1 1 736 737 956
3623 2 2 1 1 734 735 1302
3624 2 2 1 1 735 736 2800
3625 2 2 1 1 716 87 1050
3626 2 2 1 1 2482 1804 2483
3627 2 2 1 1 2190 2654 3674
3628 2 2 1 1 1208 555 2781
3629 2 2 1 1 2224 1556 3252
3630 2 2 1 1 3235 3141 3465
3631 2 2 1 1 1273 321 2782
3632 2 2 1 1 1628 323 2784
3633 2 2 1 1 320 1273 2785
3634 2 2 1 1 322 1628 2782
3635 2 2 1 1 1299 319 2785
3636 2 2 1 1 1041 308 2786
3637 2 2 1 1 313 1103 2787
3638 2 2 1 1 316 1117 2788
3639 2 2 1 1 2001 2615 3019
3640 2 2 1 1 1248 1246 2738
3641 2 2 1 1 387 388 2803
3642 2 2 1 1 388 389 1692
3643 2 2 1 1 385 386 1416
3644 2 2 1 1 383 384 1087
3645 2 2 1 1 382 383 2804
3646 2 2 1 1 1372 1466 1818
3647 2 2 1 1 1466 1465 1467
3648 2 2 1 1 1300 832 2789
3649 2 2 1 1 361 2774 2791
3650 2 2 1 1 831 1300 2795
3651 2 2 1 1 1114 360 2791
3652 2 2 1 1 906 830 2795
3653 2 2 1 1 829 906 2793
3654 2 2 1 1 1731 1667 1732
3655 2 2 1 1 1190 1243 1370
3656 2 2 1 1 509 510 1047
3657 2 2 1 1 508 509 2805
3658 2 2 1 1 505 506 2806
3659 2 2 1 1 506 507 1097
3660 2 2 1 1 507 508 2807
3661 2 2 1 1 1067 1015 1377
3662 2 2 1 1 1042 1067 1086
3663 2 2 1 1 2094 2093 3589
3664 2 2 1 1 2315 1824 2581
3665 2 2 1 1 1598 1660 2034
3666 2 2 1 1 1660 1597 2125
3667 2 2 1 1 917 2731 3001
3668 2 2 1 1 603 1746 2777
3669 2 2 1 1 515 52 954
3670 2 2 1 1 850 1493 2748
3671 2 2 1 1 1146 1116 1147
3672 2 2 1 1 1339 1440 1441
3673 2 2 1 1 1631 1970 1971
3674 2 2 1 1 1138 1186 1187
3675 2 2 1 1 1113 1067 2825
3676 2 2 1 1 1626 1367 2839
3677 2 2 1 1 2494 2495 3804
3678 2 2 1 1 2549 3038 3873
3679 2 2 1 1 2643 2642 3715
3680 2 2 1 1 604 605 2815
3681 2 2 1 1 607 608 2817
3682 2 2 1 1 606 607 1144
3683 2 2 1 1 608 609 1304
3684 2 2 1 1 67 604 1106
3685 2 2 1 1 1815 2422 3085
3686 2 2 1 1 1149 523 2797
3687 2 2 1 1 1445 1592 2917
3688 2 2 1 1 492 493 2808
3689 2 2 1 1 2085 2084 2525
3690 2 2 1 1 2652 1021 3604
3691 2 2 1 1 2509 2506 2672
3692 2 2 1 1 2915 1315 3669
3693 2 2 1 1 2038 1844 3846
3694 2 2 1 1 1966 1965 2084
3695 2 2 1 1 738 1301 2798
3696 2 2 1 1 956 737 2798
3697 2 2 1 1 736 956 2800
3698 2 2 1 1 1302 735 2800
3699 2 2 1 1 1425 2757 3313
3700 2 2 1 1 3421 2038 3701
3701 2 2 1 1 357 358 2732
3702 2 2 1 1 1442 1583 3100
3703 2 2 1 1 2440 2543 4030
3704 2 2 1 1 2124 2327 3664
3705 2 2 1 1 2054 1610 2124
3706 2 2 1 1 2566 2351 3764
3707 2 2 1 1 493 494 2808
3708 2 2 1 1 2708 949 3007
3709 2 2 1 1 649 650 2526
3710 2 2 1 1 650 651 2818
3711 2 2 1 1 550 551 1406
3712 2 2 1 1 546 547 1644
3713 2 2 1 1 549 550 2819
3714 2 2 1 1 547 548 2824
3715 2 2 1 1 548 549 1232
3716 2 2 1 1 802 102 1506
3717 2 2 1 1 596 66 920
3718 2 2 1 1 594 595 1305
3719 2 2 1 1 595 596 2829
3720 2 2 1 1 593 594 2830
3721 2 2 1 1 592 593 894
3722 2 2 1 1 388 1692 2803
3723 2 2 1 1 383 1087 2804
3724 2 2 1 1 2079 1799 2796
3725 2 2 1 1 2926 1977 3447
3726 2 2 1 1 2560 1279 2687
3727 2 2 1 1 437 438 1859
3728 2 2 1 1 440 441 1373
3729 2 2 1 1 442 443 2826
3730 2 2 1 1 439 440 2832
3731 2 2 1 1 441 442 2836
3732 2 2 1 1 438 439 2835
3733 2 2 1 1 2248 2247 2249
3734 2 2 1 1 1047 510 2683
3735 2 2 1 1 509 1047 2805
3736 2 2 1 1 508 2805 2807
3737 2 2 1 1 506 1097 2806
3738 2 2 1 1 1097 507 2807
3739 2 2 1 1 852 853 2837
3740 2 2 1 1 851 852 1895
3741 2 2 1 1 3389 2992 3809
3742 2 2 1 1 2604 2605 2606
3743 2 2 1 1 1254 2048 2663
3744 2 2 1 1 917 934 2731
3745 2 2 1 1 934 932 949
3746 2 2 1 1 40 449 2685
3747 2 2 1 1 1707 1438 2033
3748 2 2 1 1 1339 1237 1440
3749 2 2 1 1 1250 971 3027
3750 2 2 1 1 5 133 2657
3751 2 2 1 1 2144 2241 2242
3752 2 2 1 1 2814 111 3723
3753 2 2 1 1 3606 1754 3639
3754 2 2 1 1 2370 2369 3908
3755 2 2 1 1 2933 1893 3680
3756 2 2 1 1 700 701 2387
3757 2 2 1 1 698 699 1476
3758 2 2 1 1 697 698 2843
3759 2 2 1 1 2039 1993 2920
3760 2 2 1 1 1023 987 3141
3761 2 2 1 1 1257 1400 3264
3762 2 2 1 1 1697 2094 2935
3763 2 2 1 1 3496 2318 3705
3764 2 2 1 1 1277 1707 2752
3765 2 2 1 1 2117 3552 3923
3766 2 2 1 1 920 66 1648
3767 2 2 1 1 3657 2176 4002
3768 2 2 1 1 661 662 1033
3769 2 2 1 1 659 660 2845
3770 2 2 1 1 658 659 1046
3771 2 2 1 1 660 661 2844
3772 2 2 1 1 1685 1680 1686
3773 2 2 1 1 434 435 3466
3774 2 2 1 1 1782 1732 1783
3775 2 2 1 1 3728 2308 3876
3776 2 2 1 1 1558 1502 3309
3777 2 2 1 1 2677 2110 2964
3778 2 2 1 1 1756 1993 2039
3779 2 2 1 1 2392 3085 3855
3780 2 2 1 1 215 216 1615
3781 2 2 1 1 207 208 2848
3782 2 2 1 1 198 199 1309
3783 2 2 1 1 206 207 1043
3784 2 2 1 1 189 190 1307
3785 2 2 1 1 196 197 929
3786 2 2 1 1 205 206 2849
3787 2 2 1 1 209 210 1132
3788 2 2 1 1 214 215 2853
3789 2 2 1 1 211 212 1308
3790 2 2 1 1 213 214 1477
3791 2 2 1 1 212 213 2851
3792 2 2 1 1 203 204 1004
3793 2 2 1 1 197 198 2856
3794 2 2 1 1 208 209 2850
3795 2 2 1 1 204 205 2855
3796 2 2 1 1 210 211 2852
3797 2 2 1 1 187 188 893
3798 2 2 1 1 188 189 2858
3799 2 2 1 1 190 191 2847
3800 2 2 1 1 186 187 2860
3801 2 2 1 1 201 202 2861
3802 2 2 1 1 185 186 1470
3803 2 2 1 1 195 196 2863
3804 2 2 1 1 192 193 907
3805 2 2 1 1 199 200 2862
3806 2 2 1 1 193 194 2864
3807 2 2 1 1 200 201 957
3808 2 2 1 1 194 195 1310
3809 2 2 1 1 2424 2348 4060
3810 2 2 1 1 1092 2907 3288
3811 2 2 1 1 2481 2750 3190
3812 2 2 1 1 1082 1563 1564
3813 2 2 1 1 1405 37 2258
3814 2 2 1 1 403 404 2871
3815 2 2 1 1 400 401 2868
3816 2 2 1 1 408 409 2870
3817 2 2 1 1 407 408 2305
3818 2 2 1 1 401 402 1591
3819 2 2 1 1 404 405 1813
3820 2 2 1 1 1687 1686 1815
3821 2 2 1 1 148 149 2867
3822 2 2 1 1 2753 1707 3121
3823 2 2 1 1 910 107 2801
3824 2 2 1 1 2078 1401 3902
3825 2 2 1 1 2700 2701 2702
3826 2 2 1 1 2509 2672 3968
3827 2 2 1 1 1084 68 1435
3828 2 2 1 1 152 153 1773
3829 2 2 1 1 151 152 2876
3830 2 2 1 1 149 150 2878
3831 2 2 1 1 150 151 1252
3832 2 2 1 1 608 1304 2817
3833 2 2 1 1 1144 607 2817
3834 2 2 1 1 1106 604 2815
3835 2 2 1 1 801 802 2879
3836 2 2 1 1 800 801 1066
3837 2 2 1 1 799 800 2882
3838 2 2 1 1 798 799 2846
3839 2 2 1 1 2803 2605 3771
3840 2 2 1 1 3195 2272 3444
3841 2 2 1 1 847 848 3008
3842 2 2 1 1 734 1302 2678
3843 2 2 1 1 1549 422 3277
3844 2 2 1 1 1996 1995 2131
3845 2 2 1 1 1975 2739 2740
3846 2 2 1 1 1286 828 2793
3847 2 2 1 1 1792 1500 1793
3848 2 2 1 1 1431 3245 4020
3849 2 2 1 1 1019 3658 3956
3850 2 2 1 1 1783 2024 2025
3851 2 2 1 1 1592 2767 2917
3852 2 2 1 1 3353 2022 3950
3853 2 2 1 1 2871 2742 2872
3854 2 2 1 1 1952 1951 2639
3855 2 2 1 1 1777 1851 3855
3856 2 2 1 1 2407 2406 3281
3857 2 2 1 1 1771 1770 2210
3858 2 2 1 1 1719 1720 1721
3859 2 2 1 1 2095 2336 3974
3860 2 2 1 1 1867 2091 3039
3861 2 2 1 1 2429 1865 3039
3862 2 2 1 1 2449 2885 3372
3863 2 2 1 1 1260 1380 1861
3864 2 2 1 1 89 728 1293
3865 2 2 1 1 270 271 2886
3866 2 2 1 1 265 266 2890
3867 2 2 1 1 267 268 2885
3868 2 2 1 1 272 273 2889
3869 2 2 1 1 263 264 2884
3870 2 2 1 1 271 272 1439
3871 2 2 1 1 266 267 1311
3872 2 2 1 1 269 270 1258
3873 2 2 1 1 253 254 2891
3874 2 2 1 1 260 261 2897
3875 2 2 1 1 256 257 2895
3876 2 2 1 1 251 252 2898
3877 2 2 1 1 252 253 953
3878 2 2 1 1 273 274 2053
3879 2 2 1 1 255 256 1005
3880 2 2 1 1 264 265 1145
3881 2 2 1 1 259 260 2900
3882 2 2 1 1 250 251 1460
3883 2 2 1 1 261 262 1077
3884 2 2 1 1 262 263 2899
3885 2 2 1 1 258 259 1034
3886 2 2 1 1 257 258 2902
3887 2 2 1 1 254 255 2896
3888 2 2 1 1 2630 1969 2631
3889 2 2 1 1 858 30 868
3890 2 2 1 1 110 851 2982
3891 2 2 1 1 1119 2963 3441
3892 2 2 1 1 786 99 1083
3893 2 2 1 1 46 481 2666
3894 2 2 1 1 451 452 916
3895 2 2 1 1 714 715 2000
3896 2 2 1 1 450 451 2905
3897 2 2 1 1 713 714 2903
3898 2 2 1 1 449 450 1469
3899 2 2 1 1 1726 2005 2006
3900 2 2 1 1 2914 1696 3784
3901 2 2 1 1 1341 1177 1342
3902 2 2 1 1 833 910 2789
3903 2 2 1 1 1582 2195 2656
3904 2 2 1 1 1251 1109 3351
3905 2 2 1 1 2442 2170 3853
3906 2 2 1 1 1243 1249 2501
3907 2 2 1 1 2115 2424 4060
3908 2 2 1 1 2309 2938 3506
3909 2 2 1 1 2029 2180 2697
3910 2 2 1 1 2327 3243 3681
3911 2 2 1 1 2689 1179 3877
3912 2 2 1 1 3084 2828 3895
3913 2 2 1 1 2653 2933 3801
3914 2 2 1 1 3212 1021 3672
3915 2 2 1 1 1721 1722 1821
3916 2 2 1 1 3186 2515 3642
3917 2 2 1 1 2705 2754 3174
3918 2 2 1 1 2526 650 2818
3919 2 2 1 1 550 1406 2819
3920 2 2 1 1 1232 549 2819
3921 2 2 1 1 1644 547 2824
3922 2 2 1 1 548 1232 2824
3923 2 2 1 1 2223 3122 3690
3924 2 2 1 1 2517 2518 3785
3925 2 2 1 1 609 610 3239
3926 2 2 1 1 701 702 2673
3927 2 2 1 1 2688 1179 2689
3928 2 2 1 1 1048 1877 3459
3929 2 2 1 1 513 514 2002
3930 2 2 1 1 511 512 1008
3931 2 2 1 1 512 513 2906
3932 2 2 1 1 3471 1792 3588
3933 2 2 1 1 1821 1967 2236
3934 2 2 1 1 1817 2050 4066
3935 2 2 1 1 596 920 2829
3936 2 2 1 1 1305 595 2829
3937 2 2 1 1 594 1305 2830
3938 2 2 1 1 894 593 2830
3939 2 2 1 1 3519 2565 3689
3940 2 2 1 1 2653 1893 2933
3941 2 2 1 1 2794 2494 4021
3942 2 2 1 1 1372 1465 1466
3943 2 2 1 1 2445 2162 2446
3944 2 2 1 1 1876 76 2229
3945 2 2 1 1 1110 1111 2661
3946 2 2 1 1 1142 1210 3086
3947 2 2 1 1 2125 1597 2959
3948 2 2 1 1 1338 1188 3086
3949 2 2 1 1 442 2826 2836
3950 2 2 1 1 1373 441 2836
3951 2 2 1 1 440 1373 2832
3952 2 2 1 1 439 2832 2835
3953 2 2 1 1 1859 438 2835
3954 2 2 1 1 2426 2427 3354
3955 2 2 1 1 1304 609 3239
3956 2 2 1 1 1260 1861 2744
3957 2 2 1 1 362 858 2774
3958 2 2 1 1 2286 3000 3296
3959 2 2 1 1 1493 110 2982
3960 2 2 1 1 1895 852 2837
3961 2 2 1 1 2139 2138 2140
3962 2 2 1 1 1724 76 1876
3963 2 2 1 1 2526 1890 3719
3964 2 2 1 1 1042 1015 1067
3965 2 2 1 1 2496 2127 3676
3966 2 2 1 1 3155 3154 3870
3967 2 2 1 1 3184 1357 3543
3968 2 2 1 1 2188 3285 3914
3969 2 2 1 1 1807 3004 3551
3970 2 2 1 1 2483 1804 3641
3971 2 2 1 1 2788 2436 3583
3972 2 2 1 1 2723 1985 2725
3973 2 2 1 1 2128 597 3981
3974 2 2 1 1 2324 3024 3471
3975 2 2 1 1 1285 505 2806
3976 2 2 1 1 2270 2054 3002
3977 2 2 1 1 216 217 2925
3978 2 2 1 1 1854 1855 1856
3979 2 2 1 1 732 733 999
3980 2 2 1 1 729 730 1068
3981 2 2 1 1 1445 2917 3196
3982 2 2 1 1 966 19 991
3983 2 2 1 1 1598 1597 1660
3984 2 2 1 1 995 24 2451
3985 2 2 1 1 641 74 1071
3986 2 2 1 1 1701 899 2728
3987 2 2 1 1 1242 2764 3197
3988 2 2 1 1 2404 2452 3848
3989 2 2 1 1 2373 1822 3822
3990 2 2 1 1 698 1476 2843
3991 2 2 1 1 126 4 1497
3992 2 2 1 1 1542 1411 3936
3993 2 2 1 1 1798 2052 4089
3994 2 2 1 1 1115 1116 1146
3995 2 2 1 1 154 155 3097
3996 2 2 1 1 1740 1561 1977
3997 2 2 1 1 1799 1623 2796
3998 2 2 1 1 2623 2463 3826
3999 2 2 1 1 661 1033 2844
4000 2 2 1 1 1046 659 2845
4001 2 2 1 1 660 2844 2845
4002 2 2 1 1 2742 1813 3532
4003 2 2 1 1 2595 2592 3138
4004 2 2 1 1 1872 1743 2344
4005 2 2 1 1 162 2686 3317
4006 2 2 1 1 3028 1404 3150
4007 2 2 1 1 1534 1410 1610
4008 2 2 1 1 3560 1403 3795
4009 2 2 1 1 614 615 2464
4010 2 2 1 1 613 614 2922
4011 2 2 1 1 612 613 1625
4012 2 2 1 1 1428 2958 3979
4013 2 2 1 1 2249 2264 3080
4014 2 2 1 1 1750 1748 1965
4015 2 2 1 1 1973 1974 2656
4016 2 2 1 1 215 1615 2853
4017 2 2 1 1 1043 207 2848
4018 2 2 1 1 206 1043 2849
4019 2 2 1 1 205 2849 2855
4020 2 2 1 1 1308 212 2851
4021 2 2 1 1 2848 208 2850
4022 2 2 1 1 211 1308 2852
4023 2 2 1 1 1477 214 2853
4024 2 2 1 1 213 1477 2851
4025 2 2 1 1 1004 204 2855
4026 2 2 1 1 209 1132 2850
4027 2 2 1 1 1132 210 2852
4028 2 2 1 1 893 188 2858
4029 2 2 1 1 198 1309 2856
4030 2 2 1 1 929 197 2856
4031 2 2 1 1 189 1307 2858
4032 2 2 1 1 1307 190 2847
4033 2 2 1 1 187 893 2860
4034 2 2 1 1 1309 199 2862
4035 2 2 1 1 196 929 2863
4036 2 2 1 1 1470 186 2860
4037 2 2 1 1 957 201 2861
4038 2 2 1 1 200 957 2862
4039 2 2 1 1 907 193 2864
4040 2 2 1 1 1310 195 2863
4041 2 2 1 1 194 1310 2864
4042 2 2 1 1 42 459 1376
4043 2 2 1 1 1138 1110 1186
4044 2 2 1 1 707 85 1834
4045 2 2 1 1 452 41 3814
4046 2 2 1 1 1185 1184 1212
4047 2 2 1 1 640 641 2924
4048 2 2 1 1 639 640 1785
4049 2 2 1 1 784 785 1609
4050 2 2 1 1 2015 1701 2341
4051 2 2 1 1 610 1084 3239
4052 2 2 1 1 2387 701 2673
4053 2 2 1 1 2986 2413 2987
4054 2 2 1 1 2305 408 2870
4055 2 2 1 1 401 1591 2868
4056 2 2 1 1 404 1813 2871
4057 2 2 1 1 2846 799 2882
4058 2 2 1 1 648 3113 3452
4059 2 2 1 1 2369 2366 3966
4060 2 2 1 1 275 276 3209
4061 2 2 1 1 2436 2024 3935
4062 2 2 1 1 1675 1807 3550
4063 2 2 1 1 3235 2646 3965
4064 2 2 1 1 1418 1728 2444
4065 2 2 1 1 1180 1907 3556
4066 2 2 1 1 960 3052 3420
4067 2 2 1 1 1766 1767 1778
4068 2 2 1 1 2169 2442 3665
4069 2 2 1 1 135 136 942
4070 2 2 1 1 134 135 2930
4071 2 2 1 1 133 134 1317
4072 2 2 1 1 925 24 995
4073 2 2 1 1 2550 2965 3318
4074 2 2 1 1 26 339 1587
4075 2 2 1 1 1230 1185 3264
4076 2 2 1 1 2320 2321 2322
4077 2 2 1 1 1049 311 3324
4078 2 2 1 1 312 2787 3324
4079 2 2 1 1 1845 1659 2632
4080 2 2 1 1 2867 149 2878
4081 2 2 1 1 2581 1572 3291
4082 2 2 1 1 2143 2142 2144
4083 2 2 1 1 1140 1185 1230
4084 2 2 1 1 2516 3164 3165
4085 2 2 1 1 2164 3018 3638
4086 2 2 1 1 152 1773 2876
4087 2 2 1 1 1252 151 2876
4088 2 2 1 1 150 1252 2878
4089 2 2 1 1 651 1724 2818
4090 2 2 1 1 1066 801 2879
4091 2 2 1 1 800 1066 2882
4092 2 2 1 1 1229 2579 4082
4093 2 2 1 1 18 244 1312
4094 2 2 1 1 1980 2624 4081
4095 2 2 1 1 2913 1696 2914
4096 2 2 1 1 1411 1410 1534
4097 2 2 1 1 647 648 3452
4098 2 2 1 1 2444 2160 3446
4099 2 2 1 1 2764 1903 3197
4100 2 2 1 1 1615 216 2925
4101 2 2 1 1 914 91 1669
4102 2 2 1 1 2917 2108 3196
4103 2 2 1 1 1909 1908 1910
4104 2 2 1 1 1623 1827 2796
4105 2 2 1 1 522 1149 2610
4106 2 2 1 1 2764 1359 3196
4107 2 2 1 1 848 1263 3008
4108 2 2 1 1 949 2625 3007
4109 2 2 1 1 2913 2915 3094
4110 2 2 1 1 35 1256 1261
4111 2 2 1 1 484 485 1214
4112 2 2 1 1 824 825 2937
4113 2 2 1 1 823 824 1318
4114 2 2 1 1 825 826 892
4115 2 2 1 1 483 484 2936
4116 2 2 1 1 482 483 2939
4117 2 2 1 1 481 482 1085
4118 2 2 1 1 822 823 2938
4119 2 2 1 1 3004 2799 3551
4120 2 2 1 1 1501 1248 2738
4121 2 2 1 1 809 103 1314
4122 2 2 1 1 2134 1009 2295
4123 2 2 1 1 964 2988 3430
4124 2 2 1 1 1390 2918 3735
4125 2 2 1 1 1541 1411 1542
4126 2 2 1 1 443 1413 2826
4127 2 2 1 1 2515 1606 3388
4128 2 2 1 1 423 1405 3277
4129 2 2 1 1 2662 1664 4068
4130 2 2 1 1 35 1255 1256
4131 2 2 1 1 1911 1910 1912
4132 2 2 1 1 1400 1401 1409
4133 2 2 1 1 422 423 3277
4134 2 2 1 1 1030 78 1733
4135 2 2 1 1 1311 267 2885
4136 2 2 1 1 271 1439 2886
4137 2 2 1 1 1258 270 2886
4138 2 2 1 1 1439 272 2889
4139 2 2 1 1 266 1311 2890
4140 2 2 1 1 273 2053 2889
4141 2 2 1 1 1145 265 2890
4142 2 2 1 1 264 1145 2884
4143 2 2 1 1 953 253 2891
4144 2 2 1 1 252 953 2898
4145 2 2 1 1 263 2884 2899
4146 2 2 1 1 1460 251 2898
4147 2 2 1 1 2891 254 2896
4148 2 2 1 1 260 2897 2900
4149 2 2 1 1 1005 256 2895
4150 2 2 1 1 2895 257 2902
4151 2 2 1 1 261 1077 2897
4152 2 2 1 1 1034 259 2900
4153 2 2 1 1 255 1005 2896
4154 2 2 1 1 258 1034 2902
4155 2 2 1 1 1077 262 2899
4156 2 2 1 1 2495 2474 2496
4157 2 2 1 1 2217 2013 3407
4158 2 2 1 1 2460 2326 4004
4159 2 2 1 1 248 249 2944
4160 2 2 1 1 249 19 900
4161 2 2 1 1 247 248 1378
4162 2 2 1 1 246 247 2945
4163 2 2 1 1 245 246 909
4164 2 2 1 1 244 245 2946
4165 2 2 1 1 1219 1221 1696
4166 2 2 1 1 3179 1406 3741
4167 2 2 1 1 630 3122 3445
4168 2 2 1 1 3437 1996 3747
4169 2 2 1 1 2045 3096 4059
4170 2 2 1 1 1343 2760 3221
4171 2 2 1 1 1691 1389 3221
4172 2 2 1 1 1943 2489 3504
4173 2 2 1 1 1865 1867 3039
4174 2 2 1 1 1710 1986 2178
4175 2 2 1 1 851 1895 2982
4176 2 2 1 1 2931 891 3457
4177 2 2 1 1 451 916 2905
4178 2 2 1 1 714 2000 2903
4179 2 2 1 1 1469 450 2905
4180 2 2 1 1 2599 3309 3903
4181 2 2 1 1 2200 1838 2201
4182 2 2 1 1 3141 987 3398
4183 2 2 1 1 2996 2265 3320
4184 2 2 1 1 1053 969 3509
4185 2 2 1 1 1407 1003 2617
4186 2 2 1 1 2823 2874 2875
4187 2 2 1 1 1550 87 2706
4188 2 2 1 1 1012 3107 3894
4189 2 2 1 1 1991 1990 3702
4190 2 2 1 1 89 1293 1294
4191 2 2 1 1 1093 697 2843
4192 2 2 1 1 806 807 2950
4193 2 2 1 1 807 808 941
4194 2 2 1 1 804 805 2952
4195 2 2 1 1 805 806 1319
4196 2 2 1 1 803 804 985
4197 2 2 1 1 1301 739 3325
4198 2 2 1 1 1974 3231 3232
4199 2 2 1 1 527 54 3116
4200 2 2 1 1 1074 52 1947
4201 2 2 1 1 2933 1518 3801
4202 2 2 1 1 1877 1091 2571
4203 2 2 1 1 1907 1386 1908
4204 2 2 1 1 3209 2177 3726
4205 2 2 1 1 49 498 2940
4206 2 2 1 1 385 1416 3339
4207 2 2 1 1 1087 384 3339
4208 2 2 1 1 344 27 1205
4209 2 2 1 1 802 1506 2879
4210 2 2 1 1 1966 2085 2086
4211 2 2 1 1 932 913 933
4212 2 2 1 1 8 1057 1058
4213 2 2 1 1 955 52 1074
4214 2 2 1 1 1629 1455 3177
4215 2 2 1 1 1277 1438 1707
4216 2 2 1 1 2781 556 3375
4217 2 2 1 1 341 342 2954
4218 2 2 1 1 342 343 1398
4219 2 2 1 1 343 344 2956
4220 2 2 1 1 340 341 1402
4221 2 2 1 1 339 340 2957
4222 2 2 1 1 1003 1015 1042
4223 2 2 1 1 57 546 3742
4224 2 2 1 1 1779 2185 2186
4225 2 2 1 1 1179 1116 3270
4226 2 2 1 1 2617 1042 2635
4227 2 2 1 1 2770 1954 3993
4228 2 2 1 1 124 125 1044
4229 2 2 1 1 125 126 2960
4230 2 2 1 1 122 123 1422
4231 2 2 1 1 1238 3167 3174
4232 2 2 1 1 3010 1859 3620
4233 2 2 1 1 32 885 2419
4234 2 2 1 1 504 50 2497
4235 2 2 1 1 500 501 1320
4236 2 2 1 1 503 504 2961
4237 2 2 1 1 502 503 1130
4238 2 2 1 1 501 502 2962
4239 2 2 1 1 498 499 1289
4240 2 2 1 1 1050 87 1550
4241 2 2 1 1 1313 1391 1472
4242 2 2 1 1 1594 2114 3521
4243 2 2 1 1 2538 1763 3773
4244 2 2 1 1 513 2002 2906
4245 2 2 1 1 1008 512 2906
4246 2 2 1 1 1953 1950 3449
4247 2 2 1 1 1071 74 1347
4248 2 2 1 1 1120 3282 3397
4249 2 2 1 1 2703 2699 3136
4250 2 2 1 1 1092 2558 3655
4251 2 2 1 1 3934 1770 4015
4252 2 2 1 1 10 973 1120
4253 2 2 1 1 818 819 2969
4254 2 2 1 1 820 821 2967
4255 2 2 1 1 816 817 2972
4256 2 2 1 1 836 837 922
4257 2 2 1 1 654 655 2970
4258 2 2 1 1 655 656 1065
4259 2 2 1 1 838 839 1323
4260 2 2 1 1 653 654 2975
4261 2 2 1 1 656 657 2974
4262 2 2 1 1 837 838 2973
4263 2 2 1 1 348 349 1072
4264 2 2 1 1 657 77 1754
4265 2 2 1 1 835 836 2976
4266 2 2 1 1 347 348 2977
4267 2 2 1 1 821 105 886
4268 2 2 1 1 819 820 1321
4269 2 2 1 1 345 346 2978
4270 2 2 1 1 346 347 1324
4271 2 2 1 1 652 653 1089
4272 2 2 1 1 834 835 1322
4273 2 2 1 1 817 818 996
4274 2 2 1 1 1641 2490 3964
4275 2 2 1 1 23 300 2943
4276 2 2 1 1 620 70 2057
4277 2 2 1 1 2698 2700 3224
4278 2 2 1 1 1007 2908 3929
4279 2 2 1 1 1951 1955 2639
4280 2 2 1 1 3030 1944 3245
4281 2 2 1 1 884 3147 3148
4282 2 2 1 1 460 461 1690
4283 2 2 1 1 459 460 2979
4284 2 2 1 1 2231 1089 2459
4285 2 2 1 1 1032 2408 3516
4286 2 2 1 1 391 392 3570
4287 2 2 1 1 954 52 955
4288 2 2 1 1 136 6 3671
4289 2 2 1 1 900 19 966
4290 2 2 1 1 2943 982 3503
4291 2 2 1 1 3260 1428 3979
4292 2 2 1 1 101 1061 1270
4293 2 2 1 1 1342 1177 2811
4294 2 2 1 1 2363 2364 2365
4295 2 2 1 1 2261 3301 3635
4296 2 2 1 1 1747 1106 1748
4297 2 2 1 1 2604 2606 2608
4298 2 2 1 1 1562 2811 2812
4299 2 2 1 1 1942 1650 2923
4300 2 2 1 1 2042 2041 2250
4301 2 2 1 1 2611 2141 4027
4302 2 2 1 1 1188 1142 3086
4303 2 2 1 1 3192 2463 3817
4304 2 2 1 1 2456 1915 4084
4305 2 2 1 1 1745 1479 3280
4306 2 2 1 1 305 24 924
4307 2 2 1 1 304 305 2983
4308 2 2 1 1 302 303 1325
4309 2 2 1 1 300 301 982
4310 2 2 1 1 301 302 2985
4311 2 2 1 1 3656 486 3717
4312 2 2 1 1 3131 1702 3715
4313 2 2 1 1 2947 1000 3765
4314 2 2 1 1 2679 1027 3537
4315 2 2 1 1 2397 3049 3314
4316 2 2 1 1 1514 1512 2117
4317 2 2 1 1 1527 1532 1580
4318 2 2 1 1 915 243 2989
4319 2 2 1 1 917 932 934
4320 2 2 1 1 10 161 972
4321 2 2 1 1 1779 2186 2612
4322 2 2 1 1 2709 2708 3499
4323 2 2 1 1 1440 1635 2362
4324 2 2 1 1 1552 927 1553
4325 2 2 1 1 2058 70 2132
4326 2 2 1 1 1177 1055 2811
4327 2 2 1 1 449 1469 2685
4328 2 2 1 1 2331 1863 3984
4329 2 2 1 1 2641 2642 2643
4330 2 2 1 1 1255 400 2868
4331 2 2 1 1 39 444 889
4332 2 2 1 1 446 447 2990
4333 2 2 1 1 445 446 1714
4334 2 2 1 1 444 445 2991
4335 2 2 1 1 447 448 1102
4336 2 2 1 1 2331 2849 3293
4337 2 2 1 1 496 497 1496
4338 2 2 1 1 495 496 2993
4339 2 2 1 1 535 55 1280
4340 2 2 1 1 1064 1110 1138
4341 2 2 1 1 2514 1696 3268
4342 2 2 1 1 1791 1500 1792
4343 2 2 1 1 290 291 1088
4344 2 2 1 1 287 288 1181
4345 2 2 1 1 286 287 2994
4346 2 2 1 1 285 286 1387
4347 2 2 1 1 533 534 2995
4348 2 2 1 1 532 533 1328
4349 2 2 1 1 529 530 2997
4350 2 2 1 1 530 531 1192
4351 2 2 1 1 74 642 3000
4352 2 2 1 1 531 532 2998
4353 2 2 1 1 528 529 2999
4354 2 2 1 1 54 528 1133
4355 2 2 1 1 642 643 1890
4356 2 2 1 1 2915 2916 3712
4357 2 2 1 1 793 794 3025
4358 2 2 1 1 2803 1692 3896
4359 2 2 1 1 808 809 3274
4360 2 2 1 1 1981 2268 3290
4361 2 2 1 1 2284 1982 3290
4362 2 2 1 1 2915 2914 2916
4363 2 2 1 1 143 144 3140
4364 2 2 1 1 3670 2250 3706
4365 2 2 1 1 1083 99 2432
4366 2 2 1 1 2425 2196 3933
4367 2 2 1 1 2524 2523 2637
4368 2 2 1 1 276 277 3414
4369 2 2 1 1 1840 2167 2912
4370 2 2 1 1 2006 2007 2188
4371 2 2 1 1 3070 2401 3475
4372 2 2 1 1 538 539 2386
4373 2 2 1 1 536 537 1599
4374 2 2 1 1 537 538 3005
4375 2 2 1 1 2460 2799 3004
4376 2 2 1 1 1955 1954 1956
4377 2 2 1 1 3197 2049 3304
4378 2 2 1 1 1110 1063 1111
4379 2 2 1 1 2196 1878 2498
4380 2 2 1 1 430 431 2296
4381 2 2 1 1 428 429 3011
4382 2 2 1 1 427 428 1568
4383 2 2 1 1 429 430 3010
4384 2 2 1 1 424 425 3012
4385 2 2 1 1 37 424 1193
4386 2 2 1 1 426 427 3015
4387 2 2 1 1 425 426 1464
4388 2 2 1 1 283 284 3016
4389 2 2 1 1 281 282 3017
4390 2 2 1 1 280 281 2177
4391 2 2 1 1 284 21 1586
4392 2 2 1 1 282 283 1694
4393 2 2 1 1 2492 2493 3783
4394 2 2 1 1 693 694 3018
4395 2 2 1 1 696 83 1741
4396 2 2 1 1 725 726 3019
4397 2 2 1 1 727 89 3020
4398 2 2 1 1 695 696 3021
4399 2 2 1 1 694 695 1059
4400 2 2 1 1 726 727 1850
4401 2 2 1 1 724 725 2615
4402 2 2 1 1 692 693 3023
4403 2 2 1 1 691 692 1031
4404 2 2 1 1 167 168 2627
4405 2 2 1 1 165 166 1369
4406 2 2 1 1 163 164 1101
4407 2 2 1 1 164 165 3026
4408 2 2 1 1 2448 2449 3884
4409 2 2 1 1 1568 2834 3763
4410 2 2 1 1 1225 1303 1306
4411 2 2 1 1 1259 2661 3349
4412 2 2 1 1 2215 2354 3762
4413 2 2 1 1 65 591 3940
4414 2 2 1 1 2080 3103 3987
4415 2 2 1 1 2141 2622 3393
4416 2 2 1 1 611 612 3263
4417 2 2 1 1 366 367 3029
4418 2 2 1 1 363 364 1329
4419 2 2 1 1 364 365 3032
4420 2 2 1 1 365 366 863
4421 2 2 1 1 30 363 3031
4422 2 2 1 1 553 554 3368
4423 2 2 1 1 2410 2482 3606
4424 2 2 1 1 2705 3174 3692
4425 2 2 1 1 2480 3227 3738
4426 2 2 1 1 2786 309 3462
4427 2 2 1 1 310 1049 3462
4428 2 2 1 1 1699 1700 1702
4429 2 2 1 1 1492 1342 1562
4430 2 2 1 1 2039 2920 3761
4431 2 2 1 1 2712 2719 3313
4432 2 2 1 1 2543 1870 3540
4433 2 2 1 1 2132 70 3040
4434 2 2 1 1 2091 2765 3315
4435 2 2 1 1 2765 1170 3315
4436 2 2 1 1 1173 1215 3315
4437 2 2 1 1 1741 1742 1744
4438 2 2 1 1 325 1891 3451
4439 2 2 1 1 2784 324 3451
4440 2 2 1 1 2917 2767 3919
4441 2 2 1 1 1314 103 1642
4442 2 2 1 1 3000 1890 3296
4443 2 2 1 1 1057 148 2867
4444 2 2 1 1 373 32 2419
4445 2 2 1 1 1976 1417 3205
4446 2 2 1 1 1869 1435 2059
4447 2 2 1 1 2266 2804 3721
4448 2 2 1 1 2073 2071 2074
4449 2 2 1 1 614 2464 2922
4450 2 2 1 1 1625 613 2922
4451 2 2 1 1 1655 1656 1657
4452 2 2 1 1 2018 2020 3472
4453 2 2 1 1 2535 3168 3386
4454 2 2 1 1 3413 2569 3796
4455 2 2 1 1 1095 1023 3141
4456 2 2 1 1 2470 2182 3752
4457 2 2 1 1 3002 2124 3663
4458 2 2 1 1 1912 1910 1913
4459 2 2 1 1 3254 2854 3613
4460 2 2 1 1 241 242 3033
4461 2 2 1 1 239 240 3034
4462 2 2 1 1 242 243 915
4463 2 2 1 1 236 237 1390
4464 2 2 1 1 238 239 940
4465 2 2 1 1 240 241 1331
4466 2 2 1 1 237 238 3035
4467 2 2 1 1 649 2526 3113
4468 2 2 1 1 1569 1442 3100
4469 2 2 1 1 1668 1646 1704
4470 2 2 1 1 1665 1558 1939
4471 2 2 1 1 663 664 3295
4472 2 2 1 1 2446 2162 2450
4473 2 2 1 1 2233 2193 3810
4474 2 2 1 1 1665 1939 3976
4475 2 2 1 1 2565 2562 3689
4476 2 2 1 1 1596 1595 1661
4477 2 2 1 1 2087 2677 3236
4478 2 2 1 1 1728 2160 2444
4479 2 2 1 1 2365 2366 2367
4480 2 2 1 1 2007 2809 2810
4481 2 2 1 1 945 357 2732
4482 2 2 1 1 1278 3460 3677
4483 2 2 1 1 2121 3255 3819
4484 2 2 1 1 12 175 867
4485 2 2 1 1 3434 3863 3918
4486 2 2 1 1 64 586 902
4487 2 2 1 1 924 24 925
4488 2 2 1 1 2855 2331 3240
4489 2 2 1 1 18 1312 2989
4490 2 2 1 1 2927 111 3899
4491 2 2 1 1 3207 2617 4052
4492 2 2 1 1 2367 2369 2370
4493 2 2 1 1 2592 2594 3138
4494 2 2 1 1 1370 1451 3962
4495 2 2 1 1 2000 715 3297
4496 2 2 1 1 1243 1183 1249
4497 2 2 1 1 1108 1251 2222
4498 2 2 1 1 1742 1093 1743
4499 2 2 1 1 2206 2205 2207
4500 2 2 1 1 2464 615 3328
4501 2 2 1 1 632 72 1862
4502 2 2 1 1 785 786 3289
4503 2 2 1 1 311 312 3324
4504 2 2 1 1 2192 3106 3418
4505 2 2 1 1 926 2802 4058
4506 2 2 1 1 2414 1480 3346
4507 2 2 1 1 2098 2542 3898
4508 2 2 1 1 1785 640 2924
4509 2 2 1 1 2919 940 3246
4510 2 2 1 1 2272 3195 4029
4511 2 2 1 1 2596 2595 3349
4512 2 2 1 1 815 104 881
4513 2 2 1 1 814 815 3043
4514 2 2 1 1 810 811 872
4515 2 2 1 1 812 813 3041
4516 2 2 1 1 813 814 1332
4517 2 2 1 1 811 812 3042
4518 2 2 1 1 299 23 3045
4519 2 2 1 1 295 296 1007
4520 2 2 1 1 298 299 990
4521 2 2 1 1 296 297 3048
4522 2 2 1 1 297 298 3047
4523 2 2 1 1 293 294 3049
4524 2 2 1 1 292 293 1040
4525 2 2 1 1 3750 1923 3869
4526 2 2 1 1 1707 2033 3121
4527 2 2 1 1 715 716 3297
4528 2 2 1 1 39 889 935
4529 2 2 1 1 1056 1178 3678
4530 2 2 1 1 142 143 3140
4531 2 2 1 1 397 2609 4016
4532 2 2 1 1 3295 2425 3618
4533 2 2 1 1 389 390 3331
4534 2 2 1 1 702 703 3395
4535 2 2 1 1 2847 191 3366
4536 2 2 1 1 192 907 3366
4537 2 2 1 1 2480 2481 3947
4538 2 2 1 1 1793 2573 2725
4539 2 2 1 1 1700 899 1701
4540 2 2 1 1 2278 2762 3790
4541 2 2 1 1 2616 2349 3666
4542 2 2 1 1 1758 1560 4073
4543 2 2 1 1 2762 2278 3789
4544 2 2 1 1 2067 2066 2068
4545 2 2 1 1 179 180 1333
4546 2 2 1 1 371 372 960
4547 2 2 1 1 372 373 3052
4548 2 2 1 1 178 179 3055
4549 2 2 1 1 370 371 3053
4550 2 2 1 1 369 370 1716
4551 2 2 1 1 368 369 3056
4552 2 2 1 1 31 368 880
4553 2 2 1 1 177 178 1006
4554 2 2 1 1 1868 2165 3374
4555 2 2 1 1 1061 798 2846
4556 2 2 1 1 722 723 3377
4557 2 2 1 1 3361 2636 3746
4558 2 2 1 1 2002 514 3299
4559 2 2 1 1 135 942 2930
4560 2 2 1 1 1317 134 2930
4561 2 2 1 1 514 515 3299
4562 2 2 1 1 95 766 1281
4563 2 2 1 1 2462 2985 3718
4564 2 2 1 1 2666 2492 3783
4565 2 2 1 1 2250 2041 3706
4566 2 2 1 1 2318 2129 3592
4567 2 2 1 1 1857 3174 3623
4568 2 2 1 1 37 1193 1194
4569 2 2 1 1 1521 1520 1522
4570 2 2 1 1 3313 2757 3759
4571 2 2 1 1 2671 945 3781
4572 2 2 1 1 1523 1522 1524
4573 2 2 1 1 2277 2720 3443
4574 2 2 1 1 2694 3160 3491
4575 2 2 1 1 1525 1524 1526
4576 2 2 1 1 2369 2792 3908
4577 2 2 1 1 730 731 3217
4578 2 2 1 1 3227 1118 3738
4579 2 2 1 1 1076 3385 3438
4580 2 2 1 1 29 945 3137
4581 2 2 1 1 2303 2357 3634
4582 2 2 1 1 1400 1847 3264
4583 2 2 1 1 227 16 1191
4584 2 2 1 1 225 226 1337
4585 2 2 1 1 226 227 3064
4586 2 2 1 1 224 225 3063
4587 2 2 1 1 223 224 3066
4588 2 2 1 1 222 223 1968
4589 2 2 1 1 221 222 3065
4590 2 2 1 1 2465 2333 4034
4591 2 2 1 1 2525 1991 3391
4592 2 2 1 1 591 592 3484
4593 2 2 1 1 230 231 3067
4594 2 2 1 1 232 233 1013
4595 2 2 1 1 233 234 3070
4596 2 2 1 1 228 229 3071
4597 2 2 1 1 231 232 3068
4598 2 2 1 1 235 17 981
4599 2 2 1 1 229 230 1073
4600 2 2 1 1 2578 2577 3710
4601 2 2 1 1 1433 2645 3187
4602 2 2 1 1 2233 2623 3498
4603 2 2 1 1 2555 2621 3166
4604 2 2 1 1 1242 3197 3304
4605 2 2 1 1 3017 1694 3545
4606 2 2 1 1 2010 2283 3001
4607 2 2 1 1 641 1071 2924
4608 2 2 1 1 234 235 3284
4609 2 2 1 1 1473 2619 3862
4610 2 2 1 1 1607 1608 2011
4611 2 2 1 1 589 590 3073
4612 2 2 1 1 590 65 877
4613 2 2 1 1 588 589 3074
4614 2 2 1 1 587 588 1316
4615 2 2 1 1 586 587 3075
4616 2 2 1 1 1988 1799 2079
4617 2 2 1 1 700 2387 3410
4618 2 2 1 1 1476 699 3410
4619 2 2 1 1 2186 2187 2297
4620 2 2 1 1 2459 1089 2975
4621 2 2 1 1 2597 2591 3345
4622 2 2 1 1 1877 3285 3459
4623 2 2 1 1 2772 1727 4067
4624 2 2 1 1 1499 1500 1791
4625 2 2 1 1 2065 2064 2066
4626 2 2 1 1 2345 2498 4010
4627 2 2 1 1 185 1470 2557
4628 2 2 1 1 1951 1949 1954
4629 2 2 1 1 1880 1733 2553
4630 2 2 1 1 612 1625 3263
4631 2 2 1 1 2419 885 2660
4632 2 2 1 1 1671 1669 2516
4633 2 2 1 1 1265 1267 1944
4634 2 2 1 1 1519 1516 1520
4635 2 2 1 1 1954 1949 3379
4636 2 2 1 1 1068 730 3217
4637 2 2 1 1 2202 2201 2203
4638 2 2 1 1 384 385 3339
4639 2 2 1 1 8 3094 3669
4640 2 2 1 1 77 658 3639
4641 2 2 1 1 2099 2441 3582
4642 2 2 1 1 739 740 3325
4643 2 2 1 1 2885 268 3372
4644 2 2 1 1 269 1258 3372
4645 2 2 1 1 1111 2679 3625
4646 2 2 1 1 2679 2539 3625
4647 2 2 1 1 1932 1931 3857
4648 2 2 1 1 2389 1913 2390
4649 2 2 1 1 1730 1936 2613
4650 2 2 1 1 406 407 3392
4651 2 2 1 1 825 892 2937
4652 2 2 1 1 484 1214 2936
4653 2 2 1 1 1318 824 2937
4654 2 2 1 1 823 1318 2938
4655 2 2 1 1 483 2936 2939
4656 2 2 1 1 1085 482 2939
4657 2 2 1 1 1693 2632 3691
4658 2 2 1 1 2935 2094 3357
4659 2 2 1 1 859 2516 3645
4660 2 2 1 1 2069 2068 2070
4661 2 2 1 1 1003 1042 2617
4662 2 2 1 1 664 1030 3295
4663 2 2 1 1 2633 2322 2953
4664 2 2 1 1 1778 1779 2612
4665 2 2 1 1 10 972 973
4666 2 2 1 1 432 433 3466
4667 2 2 1 1 2941 2942 3269
4668 2 2 1 1 2907 2488 3288
4669 2 2 1 1 1025 1446 3142
4670 2 2 1 1 769 770 2417
4671 2 2 1 1 399 35 3088
4672 2 2 1 1 394 395 3087
4673 2 2 1 1 398 399 1415
4674 2 2 1 1 395 396 2088
4675 2 2 1 1 767 768 1494
4676 2 2 1 1 768 769 3090
4677 2 2 1 1 766 767 3089
4678 2 2 1 1 92 857 3058
4679 2 2 1 1 1103 314 3583
4680 2 2 1 1 315 2788 3583
4681 2 2 1 1 141 142 3140
4682 2 2 1 1 557 1105 3375
4683 2 2 1 1 897 93 3099
4684 2 2 1 1 1359 1445 3196
4685 2 2 1 1 159 160 3095
4686 2 2 1 1 155 156 3097
4687 2 2 1 1 158 159 1463
4688 2 2 1 1 157 158 3098
4689 2 2 1 1 156 157 2484
4690 2 2 1 1 1609 785 3289
4691 2 2 1 1 2477 2480 3738
4692 2 2 1 1 403 2871 3427
4693 2 2 1 1 1591 402 3427
4694 2 2 1 1 754 1275 3099
4695 2 2 1 1 2057 70 2058
4696 2 2 1 1 1937 2565 2981
4697 2 2 1 1 740 914 3325
4698 2 2 1 1 249 900 2944
4699 2 2 1 1 1378 248 2944
4700 2 2 1 1 247 1378 2945
4701 2 2 1 1 909 246 2945
4702 2 2 1 1 245 909 2946
4703 2 2 1 1 3515 2448 3780
4704 2 2 1 1 1705 2428 3836
4705 2 2 1 1 105 822 3156
4706 2 2 1 1 2753 3121 3523
4707 2 2 1 1 494 495 2808
4708 2 2 1 1 2221 3130 3729
4709 2 2 1 1 2730 1019 3956
4710 2 2 1 1 3374 2165 3802
4711 2 2 1 1 2965 2118 3390
4712 2 2 1 1 31 880 1265
4713 2 2 1 1 92 748 857
4714 2 2 1 1 2649 1842 2650
4715 2 2 1 1 1806 1642 2420
4716 2 2 1 1 99 787 1579
4717 2 2 1 1 788 789 2511
4718 2 2 1 1 787 788 3102
4719 2 2 1 1 2230 2232 2614
4720 2 2 1 1 2826 2828 2836
4721 2 2 1 1 1443 1846 3885
4722 2 2 1 1 1996 2131 3747
4723 2 2 1 1 144 1801 3140
4724 2 2 1 1 1226 2765 3559
4725 2 2 1 1 23 2943 3045
4726 2 2 1 1 27 345 3306
4727 2 2 1 1 2272 2112 3036
4728 2 2 1 1 1951 1954 1955
4729 2 2 1 1 3086 1210 3831
4730 2 2 1 1 2491 1973 3842
4731 2 2 1 1 3222 2504 3932
4732 2 2 1 1 1834 85 1835
4733 2 2 1 1 2469 2468 3367
4734 2 2 1 1 2358 2302 3101
4735 2 2 1 1 3538 2428 3539
4736 2 2 1 1 2300 2943 3503
4737 2 2 1 1 2587 1476 3410
4738 2 2 1 1 753 93 862
4739 2 2 1 1 2382 1885 2383
4740 2 2 1 1 2060 1753 2345
4741 2 2 1 1 2176 2527 3749
4742 2 2 1 1 1185 1257 3264
4743 2 2 1 1 668 669 891
4744 2 2 1 1 665 666 1012
4745 2 2 1 1 670 671 1340
4746 2 2 1 1 669 670 3105
4747 2 2 1 1 666 667 3107
4748 2 2 1 1 667 668 3104
4749 2 2 1 1 2566 961 4024
4750 2 2 1 1 2938 2309 3156
4751 2 2 1 1 2285 2284 3526
4752 2 2 1 1 2152 2074 2153
4753 2 2 1 1 3136 1214 3656
4754 2 2 1 1 3411 2827 3501
4755 2 2 1 1 807 941 2950
4756 2 2 1 1 1319 806 2950
4757 2 2 1 1 805 1319 2952
4758 2 2 1 1 985 804 2952
4759 2 2 1 1 2720 2727 3443
4760 2 2 1 1 827 106 3433
4761 2 2 1 1 1446 1844 2038
4762 2 2 1 1 748 749 3109
4763 2 2 1 1 218 219 3464
4764 2 2 1 1 752 753 3110
4765 2 2 1 1 750 751 1100
4766 2 2 1 1 749 750 3111
4767 2 2 1 1 1853 1658 1854
4768 2 2 1 1 2118 2119 3390
4769 2 2 1 1 1178 1177 1341
4770 2 2 1 1 716 1050 3297
4771 2 2 1 1 2579 1235 4082
4772 2 2 1 1 1392 2470 3752
4773 2 2 1 1 1134 1136 1836
4774 2 2 1 1 2378 1793 2725
4775 2 2 1 1 294 295 3314
4776 2 2 1 1 544 545 3112
4777 2 2 1 1 543 544 1825
4778 2 2 1 1 545 57 1437
4779 2 2 1 1 717 718 2001
4780 2 2 1 1 2765 2091 3559
4781 2 2 1 1 2091 1927 3559
4782 2 2 1 1 1969 1564 3649
4783 2 2 1 1 102 803 3344
4784 2 2 1 1 1405 2260 3277
4785 2 2 1 1 877 65 1512
4786 2 2 1 1 1312 244 2946
4787 2 2 1 1 3419 2116 3521
4788 2 2 1 1 123 124 3332
4789 2 2 1 1 1508 1379 3108
4790 2 2 1 1 2783 2427 3871
4791 2 2 1 1 556 557 3375
4792 2 2 1 1 1926 2604 2608
4793 2 2 1 1 1270 1284 1902
4794 2 2 1 1 3033 915 3875
4795 2 2 1 1 525 1148 3630
4796 2 2 1 1 2797 524 3630
4797 2 2 1 1 318 1299 3650
4798 2 2 1 1 1117 317 3650
4799 2 2 1 1 1021 3212 3604
4800 2 2 1 1 3076 2292 3077
4801 2 2 1 1 1848 1613 1904
4802 2 2 1 1 2061 1604 2062
4803 2 2 1 1 1389 1343 3221
4804 2 2 1 1 161 162 3317
4805 2 2 1 1 2833 3014 3763
4806 2 2 1 1 1398 343 2956
4807 2 2 1 1 342 1398 2954
4808 2 2 1 1 1402 341 2954
4809 2 2 1 1 340 1402 2957
4810 2 2 1 1 2261 1976 3050
4811 2 2 1 1 1058 1122 1211
4812 2 2 1 1 2306 1467 3597
4813 2 2 1 1 3010 2296 3872
4814 2 2 1 1 870 868 1871
4815 2 2 1 1 2194 2499 3517
4816 2 2 1 1 191 192 3366
4817 2 2 1 1 174 12 1119
4818 2 2 1 1 172 173 1403
4819 2 2 1 1 170 171 1842
4820 2 2 1 1 1862 72 1923
4821 2 2 1 1 918 911 3385
4822 2 2 1 1 344 1205 2956
4823 2 2 1 1 1044 125 2960
4824 2 2 1 1 1545 1481 2040
4825 2 2 1 1 3065 218 3464
4826 2 2 1 1 904 912 3444
4827 2 2 1 1 2587 1835 4087
4828 2 2 1 1 518 519 1344
4829 2 2 1 1 520 521 1123
4830 2 2 1 1 516 517 1131
4831 2 2 1 1 517 518 3115
4832 2 2 1 1 519 520 3114
4833 2 2 1 1 2562 1478 3689
4834 2 2 1 1 1819 2841 3688
4835 2 2 1 1 1891 2601 3451
4836 2 2 1 1 1907 2398 4050
4837 2 2 1 1 2662 2258 2663
4838 2 2 1 1 941 808 3274
4839 2 2 1 1 504 2497 2961
4840 2 2 1 1 1130 503 2961
4841 2 2 1 1 502 1130 2962
4842 2 2 1 1 1320 501 2962
4843 2 2 1 1 1795 1972 2664
4844 2 2 1 1 81 684 896
4845 2 2 1 1 2050 2951 3922
4846 2 2 1 1 1166 1226 3596
4847 2 2 1 1 1294 1296 1943
4848 2 2 1 1 3199 2483 3641
4849 2 2 1 1 1232 2821 2824
4850 2 2 1 1 515 954 3299
4851 2 2 1 1 2472 1844 3791
4852 2 2 1 1 3167 3244 4038
4853 2 2 1 1 1349 1347 2286
4854 2 2 1 1 920 1924 2829
4855 2 2 1 1 335 336 3118
4856 2 2 1 1 338 26 2600
4857 2 2 1 1 336 337 2147
4858 2 2 1 1 635 636 1444
4859 2 2 1 1 634 635 3119
4860 2 2 1 1 633 634 1195
4861 2 2 1 1 621 622 2223
4862 2 2 1 1 622 623 3122
4863 2 2 1 1 3300 2082 4037
4864 2 2 1 1 2633 2953 3470
4865 2 2 1 1 1412 1276 4019
4866 2 2 1 1 146 147 1315
4867 2 2 1 1 145 146 3123
4868 2 2 1 1 144 145 1801
4869 2 2 1 1 1136 1228 3415
4870 2 2 1 1 2832 2834 2835
4871 2 2 1 1 2386 539 3247
4872 2 2 1 1 2170 2660 3853
4873 2 2 1 1 1103 3583 3935
4874 2 2 1 1 2059 2533 3950
4875 2 2 1 1 943 988 3434
4876 2 2 1 1 648 649 3113
4877 2 2 1 1 1945 1892 3028
4878 2 2 1 1 498 1289 2940
4879 2 2 1 1 1084 1938 3239
4880 2 2 1 1 935 943 1823
4881 2 2 1 1 1588 1326 1786
4882 2 2 1 1 2697 3356 3720
4883 2 2 1 1 687 688 921
4884 2 2 1 1 688 689 3126
4885 2 2 1 1 690 82 3127
4886 2 2 1 1 689 690 1345
4887 2 2 1 1 685 686 1346
4888 2 2 1 1 686 687 3129
4889 2 2 1 1 684 685 3128
4890 2 2 1 1 2564 3327 3593
4891 2 2 1 1 2958 2578 3979
4892 2 2 1 1 2189 2865 2866
4893 2 2 1 1 2398 3561 3930
4894 2 2 1 1 751 752 3294
4895 2 2 1 1 568 569 3131
4896 2 2 1 1 564 565 1112
4897 2 2 1 1 565 566 3132
4898 2 2 1 1 562 563 1092
4899 2 2 1 1 567 568 1024
4900 2 2 1 1 569 61 1699
4901 2 2 1 1 559 560 1075
4902 2 2 1 1 558 559 3134
4903 2 2 1 1 60 564 3133
4904 2 2 1 1 3058 2337 3059
4905 2 2 1 1 1272 1430 1431
4906 2 2 1 1 874 866 1098
4907 2 2 1 1 2576 1229 3812
4908 2 2 1 1 619 620 3176
4909 2 2 1 1 655 1065 2970
4910 2 2 1 1 1065 656 2974
4911 2 2 1 1 838 1323 2973
4912 2 2 1 1 922 837 2973
4913 2 2 1 1 654 2970 2975
4914 2 2 1 1 657 1754 2974
4915 2 2 1 1 1321 820 2967
4916 2 2 1 1 821 886 2967
4917 2 2 1 1 836 922 2976
4918 2 2 1 1 819 1321 2969
4919 2 2 1 1 348 1072 2977
4920 2 2 1 1 1089 653 2975
4921 2 2 1 1 996 818 2969
4922 2 2 1 1 1324 347 2977
4923 2 2 1 1 1322 835 2976
4924 2 2 1 1 346 1324 2978
4925 2 2 1 1 817 996 2972
4926 2 2 1 1 2160 2881 3446
4927 2 2 1 1 268 269 3372
4928 2 2 1 1 26 1587 2600
4929 2 2 1 1 133 1317 2657
4930 2 2 1 1 1681 1673 1682
4931 2 2 1 1 3553 1609 3734
4932 2 2 1 1 2537 1945 3028
4933 2 2 1 1 1891 326 3619
4934 2 2 1 1 2816 2815 3997
4935 2 2 1 1 1144 2816 3997
4936 2 2 1 1 1940 1558 3309
4937 2 2 1 1 460 1690 2979
4938 2 2 1 1 1372 1234 1465
4939 2 2 1 1 786 1083 3289
4940 2 2 1 1 1483 1364 1664
4941 2 2 1 1 1993 2918 2919
4942 2 2 1 1 1957 2511 3778
4943 2 2 1 1 1024 3061 3850
4944 2 2 1 1 1620 1498 2629
4945 2 2 1 1 2691 2031 3178
4946 2 2 1 1 3231 1974 4078
4947 2 2 1 1 2043 3170 3793
4948 2 2 1 1 3606 1046 3651
4949 2 2 1 1 3406 1990 3696
4950 2 2 1 1 809 1314 3274
4951 2 2 1 1 888 878 1099
4952 2 2 1 1 1161 1164 3670
4953 2 2 1 1 2686 2537 3150
4954 2 2 1 1 1792 1793 2378
4955 2 2 1 1 481 1085 2666
4956 2 2 1 1 758 759 3139
4957 2 2 1 1 757 758 926
4958 2 2 1 1 754 755 1275
4959 2 2 1 1 897 3099 3312
4960 2 2 1 1 2380 3273 4074
4961 2 2 1 1 3589 3590 3658
4962 2 2 1 1 2034 3346 3949
4963 2 2 1 1 2266 927 4072
4964 2 2 1 1 1070 1023 1095
4965 2 2 1 1 54 1133 3116
4966 2 2 1 1 3054 960 3420
4967 2 2 1 1 2236 3079 3350
4968 2 2 1 1 2534 2989 3816
4969 2 2 1 1 975 977 1436
4970 2 2 1 1 2270 3027 3082
4971 2 2 1 1 822 2938 3156
4972 2 2 1 1 2106 3697 3838
4973 2 2 1 1 993 971 1250
4974 2 2 1 1 1590 1892 1945
4975 2 2 1 1 911 903 1392
4976 2 2 1 1 1052 969 1053
4977 2 2 1 1 988 1025 3142
4978 2 2 1 1 979 1010 1045
4979 2 2 1 1 1025 1078 1446
4980 2 2 1 1 1254 1729 2048
4981 2 2 1 1 1830 1829 1831
4982 2 2 1 1 719 720 3276
4983 2 2 1 1 930 918 1076
4984 2 2 1 1 1512 65 3940
4985 2 2 1 1 1213 3179 3741
4986 2 2 1 1 1207 1383 1697
4987 2 2 1 1 305 924 2983
4988 2 2 1 1 302 1325 2985
4989 2 2 1 1 982 301 2985
4990 2 2 1 1 2413 2389 3958
4991 2 2 1 1 2248 2249 3080
4992 2 2 1 1 1228 1418 1419
4993 2 2 1 1 1872 2415 3154
4994 2 2 1 1 853 854 3610
4995 2 2 1 1 3600 2411 3651
4996 2 2 1 1 380 33 1551
4997 2 2 1 1 377 378 3145
4998 2 2 1 1 378 379 882
4999 2 2 1 1 379 380 3143
5000 2 2 1 1 32 374 885
5001 2 2 1 1 376 377 1353
5002 2 2 1 1 905 887 947
5003 2 2 1 1 2042 2250 3226
5004 2 2 1 1 431 432 3380
5005 2 2 1 1 1895 2837 2838
5006 2 2 1 1 3154 2415 3870
5007 2 2 1 1 16 228 3358
5008 2 2 1 1 1099 878 3318
5009 2 2 1 1 2628 1801 3124
5010 2 2 1 1 2451 2556 3540
5011 2 2 1 1 2899 2095 3974
5012 2 2 1 1 2430 3033 3875
5013 2 2 1 1 1849 2812 3667
5014 2 2 1 1 2722 999 3693
5015 2 2 1 1 2279 2280 3627
5016 2 2 1 1 2872 2260 3915
5017 2 2 1 1 2871 2872 3427
5018 2 2 1 1 2750 1493 2982
5019 2 2 1 1 2271 3207 3450
5020 2 2 1 1 1115 1081 1116
5021 2 2 1 1 464 2350 3003
5022 2 2 1 1 1587 339 2957
5023 2 2 1 1 1011 980 1282
5024 2 2 1 1 2730 1997 3125
5025 2 2 1 1 729 1068 3488
5026 2 2 1 1 2804 2266 4072
5027 2 2 1 1 2888 1439 2889
5028 2 2 1 1 953 2893 2898
5029 2 2 1 1 889 444 2991
5030 2 2 1 1 445 1714 2991
5031 2 2 1 1 447 1102 2990
5032 2 2 1 1 1714 446 2990
5033 2 2 1 1 1033 662 3618
5034 2 2 1 1 2191 2226 2227
5035 2 2 1 1 496 1496 2993
5036 2 2 1 1 488 489 1421
5037 2 2 1 1 490 491 1894
5038 2 2 1 1 489 490 3149
5039 2 2 1 1 47 487 1182
5040 2 2 1 1 300 982 2943
5041 2 2 1 1 2993 3348 3362
5042 2 2 1 1 1660 2126 3971
5043 2 2 1 1 3710 1127 3743
5044 2 2 1 1 3327 2564 3957
5045 2 2 1 1 914 1998 3325
5046 2 2 1 1 862 93 897
5047 2 2 1 1 287 1181 2994
5048 2 2 1 1 1387 286 2994
5049 2 2 1 1 1510 1511 1884
5050 2 2 1 1 41 1794 3814
5051 2 2 1 1 1950 1952 3449
5052 2 2 1 1 1328 533 2995
5053 2 2 1 1 532 1328 2998
5054 2 2 1 1 529 2997 2999
5055 2 2 1 1 1192 531 2998
5056 2 2 1 1 530 1192 2997
5057 2 2 1 1 642 1890 3000
5058 2 2 1 1 1133 528 2999
5059 2 2 1 1 2874 2995 3683
5060 2 2 1 1 1829 1828 3985
5061 2 2 1 1 2718 3086 3831
5062 2 2 1 1 1861 1380 3440
5063 2 2 1 1 1119 12 1326
5064 2 2 1 1 2234 2044 3566
5065 2 2 1 1 783 784 3553
5066 2 2 1 1 1472 1770 1771
5067 2 2 1 1 465 466 3157
5068 2 2 1 1 466 467 1461
5069 2 2 1 1 464 465 2350
5070 2 2 1 1 681 682 3158
5071 2 2 1 1 680 681 1354
5072 2 2 1 1 678 679 1009
5073 2 2 1 1 682 683 860
5074 2 2 1 1 679 680 3159
5075 2 2 1 1 499 500 3381
5076 2 2 1 1 2733 1114 3062
5077 2 2 1 1 793 3025 3369
5078 2 2 1 1 2112 2659 3036
5079 2 2 1 1 95 1281 2408
5080 2 2 1 1 720 721 3377
5081 2 2 1 1 21 285 3490
5082 2 2 1 1 3102 1957 3758
5083 2 2 1 1 2356 3251 3648
5084 2 2 1 1 1272 1431 4020
5085 2 2 1 1 2457 2813 4032
5086 2 2 1 1 744 745 3161
5087 2 2 1 1 747 92 3058
5088 2 2 1 1 745 746 983
5089 2 2 1 1 743 744 1355
5090 2 2 1 1 742 743 3163
5091 2 2 1 1 741 742 859
5092 2 2 1 1 1279 1187 3898
5093 2 2 1 1 1545 2041 2042
5094 2 2 1 1 473 45 2986
5095 2 2 1 1 797 101 2555
5096 2 2 1 1 795 796 1957
5097 2 2 1 1 796 797 3166
5098 2 2 1 1 471 472 964
5099 2 2 1 1 44 468 928
5100 2 2 1 1 469 470 1727
5101 2 2 1 1 2021 2842 3424
5102 2 2 1 1 2813 1008 4032
5103 2 2 1 1 2158 1922 2473
5104 2 2 1 1 124 1044 3332
5105 2 2 1 1 1422 123 3332
5106 2 2 1 1 1453 1597 1598
5107 2 2 1 1 699 700 3410
5108 2 2 1 1 1473 3862 3967
5109 2 2 1 1 645 646 3452
5110 2 2 1 1 1082 1564 1969
5111 2 2 1 1 538 2386 3005
5112 2 2 1 1 1599 537 3005
5113 2 2 1 1 1814 2278 3925
5114 2 2 1 1 1140 1184 1185
5115 2 2 1 1 1418 1417 1728
5116 2 2 1 1 477 478 3168
5117 2 2 1 1 479 480 1037
5118 2 2 1 1 474 475 3169
5119 2 2 1 1 476 477 1017
5120 2 2 1 1 45 474 994
5121 2 2 1 1 475 476 3171
5122 2 2 1 1 1238 2746 3167
5123 2 2 1 1 3569 2094 3589
5124 2 2 1 1 2493 3675 3783
5125 2 2 1 1 3130 2167 3564
5126 2 2 1 1 1506 102 3344
5127 2 2 1 1 1033 3618 3933
5128 2 2 1 1 35 1261 3088
5129 2 2 1 1 1432 1482 1510
5130 2 2 1 1 430 2296 3010
5131 2 2 1 1 429 3010 3011
5132 2 2 1 1 1568 428 3011
5133 2 2 1 1 427 1568 3015
5134 2 2 1 1 1193 424 3012
5135 2 2 1 1 425 1464 3012
5136 2 2 1 1 1464 426 3015
5137 2 2 1 1 387 2803 3771
5138 2 2 1 1 1416 386 3771
5139 2 2 1 1 284 1586 3016
5140 2 2 1 1 1694 283 3016
5141 2 2 1 1 2177 281 3017
5142 2 2 1 1 282 1694 3017
5143 2 2 1 1 577 578 1356
5144 2 2 1 1 579 580 946
5145 2 2 1 1 575 576 952
5146 2 2 1 1 576 577 3173
5147 2 2 1 1 578 579 3172
5148 2 2 1 1 3346 3558 3949
5149 2 2 1 1 1920 1808 2077
5150 2 2 1 1 1241 1434 3831
5151 2 2 1 1 696 1741 3021
5152 2 2 1 1 694 1059 3018
5153 2 2 1 1 1850 727 3020
5154 2 2 1 1 726 1850 3019
5155 2 2 1 1 1059 695 3021
5156 2 2 1 1 2615 725 3019
5157 2 2 1 1 693 3018 3023
5158 2 2 1 1 1031 692 3023
5159 2 2 1 1 160 10 3397
5160 2 2 1 1 1479 2306 3280
5161 2 2 1 1 1823 3434 3918
5162 2 2 1 1 1116 1081 3270
5163 2 2 1 1 1235 1189 4082
5164 2 2 1 1 1197 1229 4082
5165 2 2 1 1 165 1369 3026
5166 2 2 1 1 1101 164 3026
5167 2 2 1 1 1821 2236 3350
5168 2 2 1 1 3697 3595 3838
5169 2 2 1 1 615 616 3328
5170 2 2 1 1 2529 2528 3500
5171 2 2 1 1 418 1975 3911
5172 2 2 1 1 2312 3796 3983
5173 2 2 1 1 126 1497 2960
5174 2 2 1 1 1030 1735 3295
5175 2 2 1 1 2271 2112 2272
5176 2 2 1 1 3474 2303 3821
5177 2 2 1 1 2686 3150 3317
5178 2 2 1 1 863 366 3029
5179 2 2 1 1 1329 364 3032
5180 2 2 1 1 365 863 3032
5181 2 2 1 1 363 1329 3031
5182 2 2 1 1 2741 1549 2742
5183 2 2 1 1 2048 3200 3534
5184 2 2 1 1 1217 2098 3898
5185 2 2 1 1 2696 3235 3965
5186 2 2 1 1 1942 2923 3762
5187 2 2 1 1 3279 1644 3478
5188 2 2 1 1 2577 2208 3454
5189 2 2 1 1 1906 3810 4085
5190 2 2 1 1 1688 1682 1689
5191 2 2 1 1 3264 1847 3792
5192 2 2 1 1 1407 2617 3207
5193 2 2 1 1 1753 1752 1775
5194 2 2 1 1 485 486 3656
5195 2 2 1 1 2731 2010 3001
5196 2 2 1 1 81 896 1897
5197 2 2 1 1 279 280 3209
5198 2 2 1 1 2639 2342 3991
5199 2 2 1 1 1800 2335 3682
5200 2 2 1 1 776 777 1873
5201 2 2 1 1 774 775 2745
5202 2 2 1 1 845 109 2191
5203 2 2 1 1 842 843 3181
5204 2 2 1 1 140 141 2628
5205 2 2 1 1 139 140 3183
5206 2 2 1 1 843 844 1014
5207 2 2 1 1 108 840 961
5208 2 2 1 1 844 845 3182
5209 2 2 1 1 137 138 3185
5210 2 2 1 1 138 139 1488
5211 2 2 1 1 841 842 1357
5212 2 2 1 1 840 841 3184
5213 2 2 1 1 6 137 1107
5214 2 2 1 1 3210 2369 3966
5215 2 2 1 1 1337 2588 3613
5216 2 2 1 1 2544 1567 3384
5217 2 2 1 1 561 562 3288
5218 2 2 1 1 2748 1493 2749
5219 2 2 1 1 1293 728 3488
5220 2 2 1 1 552 553 3931
5221 2 2 1 1 2610 1149 2611
5222 2 2 1 1 2789 910 2790
5223 2 2 1 1 1274 3389 3809
5224 2 2 1 1 597 598 3981
5225 2 2 1 1 402 403 3427
5226 2 2 1 1 1562 1342 2811
5227 2 2 1 1 1492 1562 3363
5228 2 2 1 1 2727 1772 3443
5229 2 2 1 1 1406 551 3741
5230 2 2 1 1 2777 1746 3153
5231 2 2 1 1 3046 3631 4062
5232 2 2 1 1 2778 2776 2779
5233 2 2 1 1 3121 1849 3523
5234 2 2 1 1 1652 1906 4085
5235 2 2 1 1 1583 1283 3868
5236 2 2 1 1 2544 2209 2958
5237 2 2 1 1 3273 2901 4074
5238 2 2 1 1 6 1730 3671
5239 2 2 1 1 3796 2313 3983
5240 2 2 1 1 309 310 3462
5241 2 2 1 1 2887 2888 3091
5242 2 2 1 1 2782 1628 2783
5243 2 2 1 1 2787 1103 2921
5244 2 2 1 1 2788 1117 3146
5245 2 2 1 1 2226 1104 2228
5246 2 2 1 1 2795 1300 3060
5247 2 2 1 1 2791 2774 2792
5248 2 2 1 1 2793 906 2794
5249 2 2 1 1 1597 1452 2959
5250 2 2 1 1 2695 1004 3982
5251 2 2 1 1 242 915 3033
5252 2 2 1 1 1331 241 3033
5253 2 2 1 1 240 1331 3034
5254 2 2 1 1 940 239 3034
5255 2 2 1 1 238 940 3035
5256 2 2 1 1 1390 237 3035
5257 2 2 1 1 278 279 3414
5258 2 2 1 1 500 1320 3381
5259 2 2 1 1 1289 499 3381
5260 2 2 1 1 584 585 1360
5261 2 2 1 1 583 584 3188
5262 2 2 1 1 582 583 923
5263 2 2 1 1 581 582 3189
5264 2 2 1 1 63 581 1447
5265 2 2 1 1 2401 3070 3284
5266 2 2 1 1 3446 2881 4040
5267 2 2 1 1 1982 1981 3290
5268 2 2 1 1 2932 2101 3275
5269 2 2 1 1 1376 459 2979
5270 2 2 1 1 2332 638 4049
5271 2 2 1 1 130 131 3191
5272 2 2 1 1 131 132 937
5273 2 2 1 1 127 128 984
5274 2 2 1 1 128 129 3192
5275 2 2 1 1 129 130 1361
5276 2 2 1 1 3384 2560 3995
5277 2 2 1 1 1150 1396 3303
5278 2 2 1 1 1856 2018 2021
5279 2 2 1 1 324 325 3451
5280 2 2 1 1 1664 1364 3382
5281 2 2 1 1 356 29 1000
5282 2 2 1 1 351 352 3193
5283 2 2 1 1 353 354 1018
5284 2 2 1 1 352 353 3194
5285 2 2 1 1 28 351 1029
5286 2 2 1 1 1236 1237 1339
5287 2 2 1 1 1242 3304 3845
5288 2 2 1 1 3115 2770 3993
5289 2 2 1 1 2798 1301 2799
5290 2 2 1 1 2424 2115 3744
5291 2 2 1 1 1801 2628 3140
5292 2 2 1 1 2677 2964 3813
5293 2 2 1 1 1050 1622 3297
5294 2 2 1 1 1409 1498 1620
5295 2 2 1 1 917 913 932
5296 2 2 1 1 2504 2503 3932
5297 2 2 1 1 1794 1887 2934
5298 2 2 1 1 3262 1847 3598
5299 2 2 1 1 1754 77 3639
5300 2 2 1 1 2147 3072 3619
5301 2 2 1 1 931 2567 3413
5302 2 2 1 1 710 711 1397
5303 2 2 1 1 708 709 1137
5304 2 2 1 1 709 710 3198
5305 2 2 1 1 1340 2541 3418
5306 2 2 1 1 1003 1002 1015
5307 2 2 1 1 1047 2683 2684
5308 2 2 1 1 1502 1501 3309
5309 2 2 1 1 763 764 3202
5310 2 2 1 1 764 765 1032
5311 2 2 1 1 762 763 1363
5312 2 2 1 1 94 760 1028
5313 2 2 1 1 761 762 3203
5314 2 2 1 1 760 761 3204
5315 2 2 1 1 2823 2822 2873
5316 2 2 1 1 890 1036 3225
5317 2 2 1 1 1012 2553 3659
5318 2 2 1 1 2020 3251 3472
5319 2 2 1 1 975 1436 3326
5320 2 2 1 1 920 1648 1649
5321 2 2 1 1 759 94 3567
5322 2 2 1 1 436 437 3872
5323 2 2 1 1 1566 1646 1668
5324 2 2 1 1 895 1027 1062
5325 2 2 1 1 328 3118 3874
5326 2 2 1 1 2524 2638 4076
5327 2 2 1 1 3304 2422 3845
5328 2 2 1 1 790 791 3369
5329 2 2 1 1 1024 3131 3715
5330 2 2 1 1 1727 3430 4067
5331 2 2 1 1 458 42 1019
5332 2 2 1 1 455 456 884
5333 2 2 1 1 456 457 3208
5334 2 2 1 1 41 453 1020
5335 2 2 1 1 919 962 1001
5336 2 2 1 1 1091 1190 2571
5337 2 2 1 1 1114 2791 3210
5338 2 2 1 1 1079 1026 1080
5339 2 2 1 1 2371 2257 3985
5340 2 2 1 1 435 436 3380
5341 2 2 1 1 1205 27 3306
5342 2 2 1 1 1437 57 3742
5343 2 2 1 1 103 810 3555
5344 2 2 1 1 3337 901 3647
5345 2 2 1 1 382 2804 4072
5346 2 2 1 1 2291 2294 3494
5347 2 2 1 1 1533 3222 3932
5348 2 2 1 1 2650 3560 3795
5349 2 2 1 1 954 1454 3299
5350 2 2 1 1 890 908 1036
5351 2 2 1 1 539 540 3247
5352 2 2 1 1 815 881 3043
5353 2 2 1 1 1332 814 3043
5354 2 2 1 1 813 1332 3041
5355 2 2 1 1 812 3041 3042
5356 2 2 1 1 872 811 3042
5357 2 2 1 1 990 299 3045
5358 2 2 1 1 298 990 3047
5359 2 2 1 1 297 3047 3048
5360 2 2 1 1 1007 296 3048
5361 2 2 1 1 1040 293 3049
5362 2 2 1 1 881 104 3492
5363 2 2 1 1 933 913 3337
5364 2 2 1 1 1223 1224 1225
5365 2 2 1 1 457 458 3343
5366 2 2 1 1 2694 2693 3160
5367 2 2 1 1 2817 1304 2883
5368 2 2 1 1 886 105 3156
5369 2 2 1 1 2260 2259 2575
5370 2 2 1 1 2780 931 3365
5371 2 2 1 1 2295 1009 3159
5372 2 2 1 1 2207 2209 2544
5373 2 2 1 1 289 290 3307
5374 2 2 1 1 1004 2855 3240
5375 2 2 1 1 554 1208 3368
5376 2 2 1 1 1738 2316 3714
5377 2 2 1 1 2602 1587 2957
5378 2 2 1 1 3603 1341 4033
5379 2 2 1 1 3512 2288 3797
5380 2 2 1 1 677 80 864
5381 2 2 1 1 676 677 3211
5382 2 2 1 1 674 675 1021
5383 2 2 1 1 79 672 861
5384 2 2 1 1 673 674 3213
5385 2 2 1 1 672 673 3214
5386 2 2 1 1 2749 2479 3468
5387 2 2 1 1 1448 1420 1449
5388 2 2 1 1 44 928 1126
5389 2 2 1 1 2826 1413 2827
5390 2 2 1 1 902 3078 3394
5391 2 2 1 1 1448 1449 1561
5392 2 2 1 1 82 691 3402
5393 2 2 1 1 3079 1251 3350
5394 2 2 1 1 1282 980 3481
5395 2 2 1 1 2314 3365 3413
5396 2 2 1 1 1232 2819 2820
5397 2 2 1 1 2582 2517 3996
5398 2 2 1 1 3190 2750 3584
5399 2 2 1 1 2631 1969 3649
5400 2 2 1 1 1064 1063 1110
5401 2 2 1 1 2754 1238 3174
5402 2 2 1 1 3626 2894 3627
5403 2 2 1 1 894 2830 2831
5404 2 2 1 1 3092 3515 3780
5405 2 2 1 1 2808 495 2993
5406 2 2 1 1 2714 2712 3313
5407 2 2 1 1 2697 3720 3774
5408 2 2 1 1 1850 2707 3829
5409 2 2 1 1 2152 2153 3677
5410 2 2 1 1 2832 1373 2833
5411 2 2 1 1 1333 180 2680
5412 2 2 1 1 960 372 3052
5413 2 2 1 1 179 1333 3055
5414 2 2 1 1 371 960 3053
5415 2 2 1 1 1716 370 3053
5416 2 2 1 1 1006 178 3055
5417 2 2 1 1 369 1716 3056
5418 2 2 1 1 880 368 3056
5419 2 2 1 1 2709 3499 3865
5420 2 2 1 1 1170 1173 3315
5421 2 2 1 1 2999 2262 3951
5422 2 2 1 1 1419 1420 1448
5423 2 2 1 1 3125 884 3208
5424 2 2 1 1 2703 3136 3656
5425 2 2 1 1 2805 1047 3219
5426 2 2 1 1 1039 2637 3854
5427 2 2 1 1 2815 605 3997
5428 2 2 1 1 606 1144 3997
5429 2 2 1 1 2624 1852 4081
5430 2 2 1 1 3215 2184 3668
5431 2 2 1 1 2523 2126 3646
5432 2 2 1 1 3341 2968 3679
5433 2 2 1 1 1966 2086 3199
5434 2 2 1 1 2880 1506 2881
5435 2 2 1 1 2922 2464 3176
5436 2 2 1 1 1993 2919 2920
5437 2 2 1 1 1580 1581 3770
5438 2 2 1 1 2978 2500 3306
5439 2 2 1 1 663 3295 3618
5440 2 2 1 1 704 705 3395
5441 2 2 1 1 992 1038 1048
5442 2 2 1 1 1485 1706 2409
5443 2 2 1 1 991 3082 3601
5444 2 2 1 1 864 2348 2424
5445 2 2 1 1 2844 1033 3175
5446 2 2 1 1 367 31 3698
5447 2 2 1 1 1811 1020 1812
5448 2 2 1 1 789 790 3025
5449 2 2 1 1 2191 2227 3182
5450 2 2 1 1 1871 3031 3038
5451 2 2 1 1 1084 1435 1632
5452 2 2 1 1 1935 1107 2155
5453 2 2 1 1 1797 2515 3388
5454 2 2 1 1 2414 3346 3971
5455 2 2 1 1 879 890 3225
5456 2 2 1 1 3025 790 3369
5457 2 2 1 1 1692 3331 3403
5458 2 2 1 1 3167 1853 3623
5459 2 2 1 1 115 116 1919
5460 2 2 1 1 114 115 3220
5461 2 2 1 1 1308 2851 3101
5462 2 2 1 1 893 2858 2859
5463 2 2 1 1 2853 1615 2854
5464 2 2 1 1 2850 1132 3265
5465 2 2 1 1 2856 1309 2857
5466 2 2 1 1 1109 1096 1139
5467 2 2 1 1 68 611 3787
5468 2 2 1 1 1083 2434 3289
5469 2 2 1 1 108 961 2566
5470 2 2 1 1 6 1107 1730
5471 2 2 1 1 2368 2733 3062
5472 2 2 1 1 17 236 3283
5473 2 2 1 1 2607 2803 3896
5474 2 2 1 1 3091 1586 3092
5475 2 2 1 1 1045 1055 1056
5476 2 2 1 1 1460 3083 3776
5477 2 2 1 1 1255 2869 3382
5478 2 2 1 1 303 304 3436
5479 2 2 1 1 2879 1506 2880
5480 2 2 1 1 295 1007 3314
5481 2 2 1 1 3049 294 3314
5482 2 2 1 1 2779 2346 3496
5483 2 2 1 1 3207 2271 4029
5484 2 2 1 1 2447 2448 3515
5485 2 2 1 1 1771 2210 2542
5486 2 2 1 1 924 938 1624
5487 2 2 1 1 2210 1770 3653
5488 2 2 1 1 2876 1773 2877
5489 2 2 1 1 948 947 1452
5490 2 2 1 1 2559 2319 3800
5491 2 2 1 1 1337 226 3064
5492 2 2 1 1 225 1337 3063
5493 2 2 1 1 224 3063 3066
5494 2 2 1 1 1968 223 3066
5495 2 2 1 1 222 1968 3065
5496 2 2 1 1 1599 3135 3769
5497 2 2 1 1 2749 1493 2750
5498 2 2 1 1 227 1191 3064
5499 2 2 1 1 2320 1901 2321
5500 2 2 1 1 1314 1643 2012
5501 2 2 1 1 1144 2817 3223
5502 2 2 1 1 3067 231 3068
5503 2 2 1 1 1013 233 3070
5504 2 2 1 1 232 1013 3068
5505 2 2 1 1 1073 230 3067
5506 2 2 1 1 229 1073 3071
5507 2 2 1 1 1263 2748 3468
5508 2 2 1 1 1190 1183 1243
5509 2 2 1 1 1083 2433 2434
5510 2 2 1 1 2908 2396 3929
5511 2 2 1 1 1966 2084 2085
5512 2 2 1 1 3070 234 3284
5513 2 2 1 1 235 981 3284
5514 2 2 1 1 1226 3226 3596
5515 2 2 1 1 920 1649 1924
5516 2 2 1 1 728 729 3488
5517 2 2 1 1 280 2177 3209
5518 2 2 1 1 954 986 1454
5519 2 2 1 1 1050 1621 1622
5520 2 2 1 1 478 479 3386
5521 2 2 1 1 2550 2548 2965
5522 2 2 1 1 1084 1632 1938
5523 2 2 1 1 2601 1587 2602
5524 2 2 1 1 1030 1734 1735
5525 2 2 1 1 116 2 3355
5526 2 2 1 1 2105 1768 3992
5527 2 2 1 1 304 2983 3436
5528 2 2 1 1 1325 303 3436
5529 2 2 1 1 290 1088 3307
5530 2 2 1 1 2498 2411 4054
5531 2 2 1 1 2150 2148 3486
5532 2 2 1 1 1232 2820 2821
5533 2 2 1 1 1405 2259 2260
5534 2 2 1 1 2832 2833 2834
5535 2 2 1 1 2886 1439 2887
5536 2 2 1 1 953 2891 2892
5537 2 2 1 1 2101 1764 3577
5538 2 2 1 1 1034 2900 2901
5539 2 2 1 1 914 1670 1998
5540 2 2 1 1 1525 1526 1527
5541 2 2 1 1 250 1460 3776
5542 2 2 1 1 3380 432 3466
5543 2 2 1 1 2965 1099 3318
5544 2 2 1 1 2222 1251 3079
5545 2 2 1 1 2260 2872 3753
5546 2 2 1 1 2887 1439 2888
5547 2 2 1 1 953 2892 2893
5548 2 2 1 1 2629 1619 3578
5549 2 2 1 1 2053 274 3726
5550 2 2 1 1 1712 2037 3242
5551 2 2 1 1 590 877 3073
5552 2 2 1 1 589 3073 3074
5553 2 2 1 1 1316 588 3074
5554 2 2 1 1 587 1316 3075
5555 2 2 1 1 203 1004 3897
5556 2 2 1 1 2861 202 3897
5557 2 2 1 1 3608 410 3779
5558 2 2 1 1 1000 29 3137
5559 2 2 1 1 620 2057 3176
5560 2 2 1 1 2225 3421 3701
5561 2 2 1 1 3082 3027 3601
5562 2 2 1 1 2905 916 3009
5563 2 2 1 1 2903 2000 2904
5564 2 2 1 1 1487 2564 3593
5565 2 2 1 1 2826 2827 2828
5566 2 2 1 1 2274 2275 3754
5567 2 2 1 1 1750 1965 1966
5568 2 2 1 1 1054 1053 1124
5569 2 2 1 1 373 2419 3052
5570 2 2 1 1 2626 2316 3927
5571 2 2 1 1 1060 2777 3456
5572 2 2 1 1 771 772 3401
5573 2 2 1 1 781 782 1999
5574 2 2 1 1 121 3 1118
5575 2 2 1 1 119 120 3228
5576 2 2 1 1 120 121 3227
5577 2 2 1 1 118 119 1264
5578 2 2 1 1 780 781 3229
5579 2 2 1 1 97 778 1094
5580 2 2 1 1 779 780 1368
5581 2 2 1 1 778 779 3233
5582 2 2 1 1 117 118 3234
5583 2 2 1 1 2 117 1484
5584 2 2 1 1 3013 1464 3014
5585 2 2 1 1 1268 2705 3692
5586 2 2 1 1 2564 2563 3347
5587 2 2 1 1 1553 2266 2267
5588 2 2 1 1 711 712 3249
5589 2 2 1 1 2072 3420 3708
5590 2 2 1 1 3072 1891 3619
5591 2 2 1 1 2585 3674 3839
5592 2 2 1 1 1692 389 3331
5593 2 2 1 1 3069 3475 3913
5594 2 2 1 1 2695 2861 3897
5595 2 2 1 1 1303 1224 1547
5596 2 2 1 1 1703 2016 2017
5597 2 2 1 1 1480 1745 3346
5598 2 2 1 1 1499 2163 3329
5599 2 2 1 1 94 1028 1134
5600 2 2 1 1 2819 1406 3241
5601 2 2 1 1 2074 2071 3423
5602 2 2 1 1 965 1051 1128
5603 2 2 1 1 900 966 967
5604 2 2 1 1 2622 2137 3524
5605 2 2 1 1 2964 1231 3624
5606 2 2 1 1 1314 2012 3274
5607 2 2 1 1 2633 3470 3943
5608 2 2 1 1 2675 2596 3349
5609 2 2 1 1 1876 2229 2230
5610 2 2 1 1 1392 903 3312
5611 2 2 1 1 1043 2848 3292
5612 2 2 1 1 480 46 3266
5613 2 2 1 1 10 1120 3397
5614 2 2 1 1 3084 2833 3786
5615 2 2 1 1 3107 2932 3894
5616 2 2 1 1 2151 2536 3513
5617 2 2 1 1 1022 1069 1180
5618 2 2 1 1 41 1020 1794
5619 2 2 1 1 1786 1326 4009
5620 2 2 1 1 1225 1224 1303
5621 2 2 1 1 1509 1595 1596
5622 2 2 1 1 1672 1674 1675
5623 2 2 1 1 638 639 4049
5624 2 2 1 1 2110 1569 3100
5625 2 2 1 1 1574 1633 3428
5626 2 2 1 1 2326 2800 4004
5627 2 2 1 1 1368 3230 3231
5628 2 2 1 1 3069 1983 3473
5629 2 2 1 1 816 2972 3492
5630 2 2 1 1 995 2451 2452
5631 2 2 1 1 1663 1777 2049
5632 2 2 1 1 1435 68 3787
5633 2 2 1 1 1405 2258 2259
5634 2 2 1 1 1413 39 3917
5635 2 2 1 1 777 97 3660
5636 2 2 1 1 1031 3024 3461
5637 2 2 1 1 1726 2006 3497
5638 2 2 1 1 64 902 3394
5639 2 2 1 1 3388 2317 3772
5640 2 2 1 1 864 80 2133
5641 2 2 1 1 79 861 2541
5642 2 2 1 1 1620 2630 2631
5643 2 2 1 1 1545 2040 2041
5644 2 2 1 1 858 868 869
5645 2 2 1 1 924 1624 2983
5646 2 2 1 1 3330 3329 3629
5647 2 2 1 1 585 64 3394
5648 2 2 1 1 999 733 3693
5649 2 2 1 1 1068 3217 3338
5650 2 2 1 1 3348 1894 3362
5651 2 2 1 1 1556 2618 3252
5652 2 2 1 1 3160 1580 3770
5653 2 2 1 1 1140 1139 1184
5654 2 2 1 1 3323 2335 4089
5655 2 2 1 1 3549 2040 3612
5656 2 2 1 1 1552 1554 1555
5657 2 2 1 1 173 174 3441
5658 2 2 1 1 104 816 3492
5659 2 2 1 1 2149 2426 3510
5660 2 2 1 1 2518 2734 4006
5661 2 2 1 1 3269 1496 3905
5662 2 2 1 1 1869 2059 3950
5663 2 2 1 1 2600 1587 2601
5664 2 2 1 1 1071 1347 1348
5665 2 2 1 1 1062 1063 1064
5666 2 2 1 1 1415 399 3088
5667 2 2 1 1 769 2417 3090
5668 2 2 1 1 395 2088 3087
5669 2 2 1 1 1494 768 3090
5670 2 2 1 1 767 1494 3089
5671 2 2 1 1 1001 1002 1003
5672 2 2 1 1 1081 1080 1082
5673 2 2 1 1 2335 1800 4089
5674 2 2 1 1 2406 1868 3374
5675 2 2 1 1 3320 2263 3707
5676 2 2 1 1 1294 1293 1295
5677 2 2 1 1 924 925 938
5678 2 2 1 1 2776 1060 3495
5679 2 2 1 1 1282 3481 3582
5680 2 2 1 1 1076 918 3385
5681 2 2 1 1 873 875 1428
5682 2 2 1 1 1973 1796 1974
5683 2 2 1 1 78 665 3659
5684 2 2 1 1 1227 1135 1231
5685 2 2 1 1 1382 1206 1384
5686 2 2 1 1 935 889 936
5687 2 2 1 1 1327 1589 1590
5688 2 2 1 1 1080 1026 3529
5689 2 2 1 1 2086 2085 3408
5690 2 2 1 1 898 904 1414
5691 2 2 1 1 1657 1658 1853
5692 2 2 1 1 2503 2501 3730
5693 2 2 1 1 592 894 3484
5694 2 2 1 1 945 2732 3781
5695 2 2 1 1 2329 3374 3802
5696 2 2 1 1 1495 1253 1614
5697 2 2 1 1 39 935 3917
5698 2 2 1 1 1860 2439 3458
5699 2 2 1 1 2119 1884 2329
5700 2 2 1 1 1463 159 3095
5701 2 2 1 1 158 1463 3098
5702 2 2 1 1 2484 157 3098
5703 2 2 1 1 156 2484 3097
5704 2 2 1 1 1513 1515 1517
5705 2 2 1 1 1271 1266 1278
5706 2 2 1 1 944 936 1274
5707 2 2 1 1 976 974 1404
5708 2 2 1 1 355 356 3359
5709 2 2 1 1 967 970 1486
5710 2 2 1 1 2097 3489 3792
5711 2 2 1 1 3507 2325 4075
5712 2 2 1 1 1747 1749 1751
5713 2 2 1 1 1843 2472 2773
5714 2 2 1 1 1348 1350 1607
5715 2 2 1 1 1362 1295 1489
5716 2 2 1 1 470 471 3430
5717 2 2 1 1 1381 1121 1395
5718 2 2 1 1 1596 1903 2108
5719 2 2 1 1 929 2856 3255
5720 2 2 1 1 2860 893 3253
5721 2 2 1 1 1309 2862 3257
5722 2 2 1 1 1477 2853 3254
5723 2 2 1 1 869 871 1388
5724 2 2 1 1 1442 1283 1583
5725 2 2 1 1 2849 1043 3293
5726 2 2 1 1 2863 929 3256
5727 2 2 1 1 2858 1307 3470
5728 2 2 1 1 2998 2996 3320
5729 2 2 1 1 3253 2507 3487
5730 2 2 1 1 1194 1193 1253
5731 2 2 1 1 1056 1177 1178
5732 2 2 1 1 1642 103 3555
5733 2 2 1 1 1011 1282 1313
5734 2 2 1 1 1095 3141 3235
5735 2 2 1 1 902 586 3075
5736 2 2 1 1 2738 2598 3903
5737 2 2 1 1 2384 3518 3562
5738 2 2 1 1 1082 1969 3270
5739 2 2 1 1 1995 1630 2377
5740 2 2 1 1 1579 787 3102
5741 2 2 1 1 788 2511 3102
5742 2 2 1 1 3138 2594 3851
5743 2 2 1 1 2598 2738 3851
5744 2 2 1 1 1443 1569 1582
5745 2 2 1 1 1048 1090 1091
5746 2 2 1 1 1644 3279 3742
5747 2 2 1 1 147 8 3669
5748 2 2 1 1 236 1390 3283
5749 2 2 1 1 2489 1943 3977
5750 2 2 1 1 2346 2779 3495
5751 2 2 1 1 3606 2482 4035
5752 2 2 1 1 1314 1642 1643
5753 2 2 1 1 3014 1464 3015
5754 2 2 1 1 183 184 3258
5755 2 2 1 1 184 14 865
5756 2 2 1 1 182 183 3259
5757 2 2 1 1 181 182 1127
5758 2 2 1 1 415 3608 3779
5759 2 2 1 1 1848 1904 4046
5760 2 2 1 1 1745 3280 3790
5761 2 2 1 1 691 1031 3402
5762 2 2 1 1 2920 2919 3246
5763 2 2 1 1 468 469 3442
5764 2 2 1 1 3085 2422 3304
5765 2 2 1 1 1815 2009 2422
5766 2 2 1 1 1975 2740 3392
5767 2 2 1 1 1028 3204 3624
5768 2 2 1 1 1677 1679 3948
5769 2 2 1 1 1470 2860 3487
5770 2 2 1 1 2203 2205 2206
5771 2 2 1 1 1081 1082 3270
5772 2 2 1 1 1896 2766 3499
5773 2 2 1 1 1313 1472 1849
5774 2 2 1 1 497 49 3905
5775 2 2 1 1 1969 2630 3877
5776 2 2 1 1 1702 1700 3828
5777 2 2 1 1 1152 1154 3580
5778 2 2 1 1 1228 1419 3415
5779 2 2 1 1 22 292 3453
5780 2 2 1 1 1085 2939 3298
5781 2 2 1 1 2278 3280 3925
5782 2 2 1 1 2153 2198 3151
5783 2 2 1 1 2942 3149 3952
5784 2 2 1 1 1261 1256 1262
5785 2 2 1 1 1586 21 3490
5786 2 2 1 1 407 2305 3392
5787 2 2 1 1 1265 880 1266
5788 2 2 1 1 414 415 3779
5789 2 2 1 1 903 897 3312
5790 2 2 1 1 988 3142 3434
5791 2 2 1 1 670 1340 3105
5792 2 2 1 1 891 669 3105
5793 2 2 1 1 668 891 3104
5794 2 2 1 1 1012 666 3107
5795 2 2 1 1 667 3104 3107
5796 2 2 1 1 891 3105 3457
5797 2 2 1 1 112 113 3755
5798 2 2 1 1 375 376 3383
5799 2 2 1 1 2228 2667 3404
5800 2 2 1 1 435 3380 3466
5801 2 2 1 1 2792 3342 3908
5802 2 2 1 1 1128 1129 1141
5803 2 2 1 1 1474 1475 1693
5804 2 2 1 1 2953 2859 3470
5805 2 2 1 1 106 1286 3433
5806 2 2 1 1 2182 1977 3438
5807 2 2 1 1 1180 1385 1386
5808 2 2 1 1 3457 3106 3830
5809 2 2 1 1 1030 1733 1734
5810 2 2 1 1 1863 1758 4073
5811 2 2 1 1 345 2978 3306
5812 2 2 1 1 1675 1676 1677
5813 2 2 1 1 1453 1452 1597
5814 2 2 1 1 3350 1251 3351
5815 2 2 1 1 1083 2432 2433
5816 2 2 1 1 97 1094 1795
5817 2 2 1 1 1299 2785 3486
5818 2 2 1 1 91 741 3645
5819 2 2 1 1 3276 720 3377
5820 2 2 1 1 877 1512 1513
5821 2 2 1 1 3109 749 3111
5822 2 2 1 1 750 1100 3111
5823 2 2 1 1 1550 2706 2707
5824 2 2 1 1 1281 766 3089
5825 2 2 1 1 2902 1034 3273
5826 2 2 1 1 1258 2886 3272
5827 2 2 1 1 724 2615 3276
5828 2 2 1 1 1050 1550 1621
5829 2 2 1 1 2591 2589 3345
5830 2 2 1 1 948 1453 1763
5831 2 2 1 1 732 999 4014
5832 2 2 1 1 2574 2122 3605
5833 2 2 1 1 2567 2568 2569
5834 2 2 1 1 985 2952 3218
5835 2 2 1 1 2950 941 2951
5836 2 2 1 1 1211 1218 1219
5837 2 2 1 1 973 972 974
5838 2 2 1 1 2711 2709 3865
5839 2 2 1 1 1264 3190 3234
5840 2 2 1 1 545 1437 3112
5841 2 2 1 1 1825 544 3112
5842 2 2 1 1 1249 3370 3646
5843 2 2 1 1 1262 1365 1474
5844 2 2 1 1 3011 3010 3620
5845 2 2 1 1 1074 1947 1948
5846 2 2 1 1 1191 16 3358
5847 2 2 1 1 1948 1950 1953
5848 2 2 1 1 2569 2568 2734
5849 2 2 1 1 954 955 986
5850 2 2 1 1 3552 2737 3923
5851 2 2 1 1 314 315 3583
5852 2 2 1 1 1058 1057 1121
5853 2 2 1 1 885 3740 3853
5854 2 2 1 1 3443 1772 3789
5855 2 2 1 1 1233 1234 1372
5856 2 2 1 1 416 2870 3608
5857 2 2 1 1 2925 1968 3652
5858 2 2 1 1 1402 2954 2955
5859 2 2 1 1 3488 1068 4003
5860 2 2 1 1 59 558 3316
5861 2 2 1 1 2556 2543 3540
5862 2 2 1 1 752 3110 3294
5863 2 2 1 1 1100 751 3294
5864 2 2 1 1 2821 2822 2823
5865 2 2 1 1 292 1040 3453
5866 2 2 1 1 31 1265 3698
5867 2 2 1 1 940 3034 3246
5868 2 2 1 1 753 862 3110
5869 2 2 1 1 2452 3540 3848
5870 2 2 1 1 2940 1289 2941
5871 2 2 1 1 2200 2201 2202
5872 2 2 1 1 1837 1786 1838
5873 2 2 1 1 1091 1183 1190
5874 2 2 1 1 1548 1384 1602
5875 2 2 1 1 2217 3407 3976
5876 2 2 1 1 58 1213 3741
5877 2 2 1 1 1499 1489 1500
5878 2 2 1 1 2621 1579 3758
5879 2 2 1 1 1320 2962 3224
5880 2 2 1 1 1845 2632 2949
5881 2 2 1 1 1478 1395 1723
5882 2 2 1 1 2311 3775 3827
5883 2 2 1 1 3540 1870 3848
5884 2 2 1 1 629 630 3445
5885 2 2 1 1 1738 2129 2316
5886 2 2 1 1 2983 1624 2984
5887 2 2 1 1 1679 1678 1680
5888 2 2 1 1 2660 2072 3708
5889 2 2 1 1 2276 2277 3443
5890 2 2 1 1 409 410 3608
5891 2 2 1 1 792 793 3369
5892 2 2 1 1 1459 2290 2339
5893 2 2 1 1 617 618 3328
5894 2 2 1 1 1141 1410 1411
5895 2 2 1 1 1918 1778 2032
5896 2 2 1 1 1677 1678 1679
5897 2 2 1 1 2168 3805 4051
5898 2 2 1 1 2757 1338 3759
5899 2 2 1 1 2970 1065 2971
5900 2 2 1 1 922 2973 3081
5901 2 2 1 1 3349 2595 3980
5902 2 2 1 1 927 381 4072
5903 2 2 1 1 176 177 3479
5904 2 2 1 1 857 748 3109
5905 2 2 1 1 1221 1223 3268
5906 2 2 1 1 2057 2058 2532
5907 2 2 1 1 2979 1690 2980
5908 2 2 1 1 2317 2318 3772
5909 2 2 1 1 2657 2467 3336
5910 2 2 1 1 879 3225 3530
5911 2 2 1 1 1964 1602 2171
5912 2 2 1 1 1079 1081 1115
5913 2 2 1 1 520 1123 3114
5914 2 2 1 1 518 1344 3115
5915 2 2 1 1 1344 519 3114
5916 2 2 1 1 1131 517 3115
5917 2 2 1 1 2359 2947 3765
5918 2 2 1 1 3116 1133 3117
5919 2 2 1 1 914 1669 1670
5920 2 2 1 1 1877 2571 3914
5921 2 2 1 1 2420 1642 3555
5922 2 2 1 1 1583 3050 3100
5923 2 2 1 1 1622 1641 1774
5924 2 2 1 1 2821 2823 3478
5925 2 2 1 1 2703 3656 3717
5926 2 2 1 1 1735 1736 1737
5927 2 2 1 1 1119 1326 1327
5928 2 2 1 1 2012 2013 2216
5929 2 2 1 1 1833 1882 1883
5930 2 2 1 1 336 2147 3118
5931 2 2 1 1 1154 1473 3580
5932 2 2 1 1 1134 1836 3567
5933 2 2 1 1 635 1444 3119
5934 2 2 1 1 1195 634 3119
5935 2 2 1 1 1270 1061 1283
5936 2 2 1 1 803 985 3344
5937 2 2 1 1 1066 2879 3514
5938 2 2 1 1 2000 3297 3622
5939 2 2 1 1 2223 622 3122
5940 2 2 1 1 2613 942 3671
5941 2 2 1 1 2959 1533 3932
5942 2 2 1 1 1783 2025 3833
5943 2 2 1 1 2926 1940 3238
5944 2 2 1 1 146 1315 3123
5945 2 2 1 1 1801 145 3123
5946 2 2 1 1 2738 1423 3851
5947 2 2 1 1 177 1006 3479
5948 2 2 1 1 1135 1028 3624
5949 2 2 1 1 3235 3465 3921
5950 2 2 1 1 2991 1714 2992
5951 2 2 1 1 1685 2912 3955
5952 2 2 1 1 1088 291 3633
5953 2 2 1 1 1125 1124 1236
5954 2 2 1 1 2870 409 3608
5955 2 2 1 1 1469 2905 3507
5956 2 2 1 1 723 724 3276
5957 2 2 1 1 1598 2763 3773
5958 2 2 1 1 2951 3711 3922
5959 2 2 1 1 1422 3051 3737
5960 2 2 1 1 3058 857 4037
5961 2 2 1 1 1879 1797 3388
5962 2 2 1 1 1938 1990 1991
5963 2 2 1 1 3190 3584 4045
5964 2 2 1 1 862 897 898
5965 2 2 1 1 1649 1648 1738
5966 2 2 1 1 1224 1222 3327
5967 2 2 1 1 1755 1542 3936
5968 2 2 1 1 1797 1736 2515
5969 2 2 1 1 865 14 866
5970 2 2 1 1 689 1345 3126
5971 2 2 1 1 1345 690 3127
5972 2 2 1 1 921 688 3126
5973 2 2 1 1 687 921 3129
5974 2 2 1 1 1346 686 3129
5975 2 2 1 1 685 1346 3128
5976 2 2 1 1 2129 2128 3592
5977 2 2 1 1 1221 1222 1223
5978 2 2 1 1 1737 1797 1878
5979 2 2 1 1 2963 2151 3795
5980 2 2 1 1 2708 3007 3499
5981 2 2 1 1 1000 3137 3765
5982 2 2 1 1 2891 2896 3518
5983 2 2 1 1 569 1699 3131
5984 2 2 1 1 1024 568 3131
5985 2 2 1 1 1112 565 3132
5986 2 2 1 1 564 1112 3133
5987 2 2 1 1 559 1075 3134
5988 2 2 1 1 2511 789 3025
5989 2 2 1 1 1599 3005 3006
5990 2 2 1 1 1632 1435 1869
5991 2 2 1 1 1892 2099 2269
5992 2 2 1 1 2015 2581 3291
5993 2 2 1 1 2659 2111 3883
5994 2 2 1 1 1596 1661 1903
5995 2 2 1 1 2877 3098 3661
5996 2 2 1 1 1944 3029 3698
5997 2 2 1 1 1521 1522 1523
5998 2 2 1 1 1733 78 3659
5999 2 2 1 1 3012 1464 3013
6000 2 2 1 1 2983 2984 3436
6001 2 2 1 1 3016 1586 3091
6002 2 2 1 1 2774 858 3342
6003 2 2 1 1 1523 1524 1525
6004 2 2 1 1 1059 3021 3022
6005 2 2 1 1 967 966 968
6006 2 2 1 1 1876 2230 2561
6007 2 2 1 1 1519 1520 1521
6008 2 2 1 1 1348 1347 1349
6009 2 2 1 1 869 868 870
6010 2 2 1 1 1751 1752 1753
6011 2 2 1 1 938 925 939
6012 2 2 1 1 2995 534 3683
6013 2 2 1 1 935 936 943
6014 2 2 1 1 1294 1295 1296
6015 2 2 1 1 3099 1275 3180
6016 2 2 1 1 2259 2258 2662
6017 2 2 1 1 1643 1642 1806
6018 2 2 1 1 3007 1896 3499
6019 2 2 1 1 1265 1266 1267
6020 2 2 1 1 863 3029 3030
6021 2 2 1 1 3031 1329 3038
6022 2 2 1 1 1513 1512 1514
6023 2 2 1 1 1555 1603 1604
6024 2 2 1 1 1194 1253 1254
6025 2 2 1 1 1729 1495 2145
6026 2 2 1 1 1562 2812 3505
6027 2 2 1 1 1734 1733 1880
6028 2 2 1 1 535 1280 3683
6029 2 2 1 1 2433 2432 2928
6030 2 2 1 1 2324 2219 3461
6031 2 2 1 1 1948 1947 1949
6032 2 2 1 1 973 974 975
6033 2 2 1 1 986 955 987
6034 2 2 1 1 2684 2456 3939
6035 2 2 1 1 1262 1256 1364
6036 2 2 1 1 972 161 3317
6037 2 2 1 1 1689 1829 1830
6038 2 2 1 1 1058 1121 1122
6039 2 2 1 1 2532 2058 2533
6040 2 2 1 1 1120 973 3326
6041 2 2 1 1 1670 1669 1671
6042 2 2 1 1 1327 1326 1588
6043 2 2 1 1 896 684 3128
6044 2 2 1 1 1897 896 2304
6045 2 2 1 1 1270 1283 1284
6046 2 2 1 1 898 897 903
6047 2 2 1 1 1897 2304 2681
6048 2 2 1 1 1127 3710 3990
6049 2 2 1 1 111 3437 3723
6050 2 2 1 1 2628 141 3140
6051 2 2 1 1 2619 1158 3549
6052 2 2 1 1 1126 1206 1207
6053 2 2 1 1 1730 1935 1936
6054 2 2 1 1 2025 2194 3833
6055 2 2 1 1 1794 1811 1887
6056 2 2 1 1 1134 1135 1136
6057 2 2 1 1 2314 3413 3796
6058 2 2 1 1 2109 2079 3924
6059 2 2 1 1 1795 1796 1972
6060 2 2 1 1 524 525 3630
6061 2 2 1 1 2062 2063 2064
6062 2 2 1 1 1483 3200 3201
6063 2 2 1 1 1641 1621 2489
6064 2 2 1 1 2050 3311 4023
6065 2 2 1 1 1834 1835 2587
6066 2 2 1 1 1697 1383 1698
6067 2 2 1 1 1908 1386 3880
6068 2 2 1 1 873 866 874
6069 2 2 1 1 1105 59 3316
6070 2 2 1 1 2153 2197 2198
6071 2 2 1 1 52 516 3879
6072 2 2 1 1 72 633 3869
6073 2 2 1 1 1126 928 1206
6074 2 2 1 1 1812 1020 3467
6075 2 2 1 1 3226 2250 3596
6076 2 2 1 1 2645 1433 3965
6077 2 2 1 1 1537 1726 3497
6078 2 2 1 1 2417 2745 3520
6079 2 2 1 1 2357 2588 4056
6080 2 2 1 1 1097 2807 4013
6081 2 2 1 1 122 1422 3737
6082 2 2 1 1 926 758 3139
6083 2 2 1 1 3863 2145 3918
6084 2 2 1 1 333 334 3945
6085 2 2 1 1 2740 2739 3532
6086 2 2 1 1 1548 1964 2393
6087 2 2 1 1 662 663 3618
6088 2 2 1 1 873 1428 3748
6089 2 2 1 1 2938 1318 3506
6090 2 2 1 1 2173 3463 3817
6091 2 2 1 1 86 713 4000
6092 2 2 1 1 1332 3043 3044
6093 2 2 1 1 872 3042 3103
6094 2 2 1 1 1040 3049 3305
6095 2 2 1 1 491 492 3362
6096 2 2 1 1 94 1134 3567
6097 2 2 1 1 3209 276 3414
6098 2 2 1 1 1837 2199 2441
6099 2 2 1 1 2673 706 3547
6100 2 2 1 1 2408 1281 2491
6101 2 2 1 1 2982 1895 3584
6102 2 2 1 1 1730 1107 1935
6103 2 2 1 1 2083 2112 2271
6104 2 2 1 1 3366 907 3893
6105 2 2 1 1 562 1092 3288
6106 2 2 1 1 2173 2668 3463
6107 2 2 1 1 2900 2897 3557
6108 2 2 1 1 330 333 3945
6109 2 2 1 1 45 994 2986
6110 2 2 1 1 1321 2968 3341
6111 2 2 1 1 1408 1362 3329
6112 2 2 1 1 580 63 3371
6113 2 2 1 1 410 411 3779
6114 2 2 1 1 327 328 3874
6115 2 2 1 1 1220 1218 1487
6116 2 2 1 1 910 2801 3319
6117 2 2 1 1 1974 1796 4078
6118 2 2 1 1 3053 960 3054
6119 2 2 1 1 3056 1716 3057
6120 2 2 1 1 2714 3313 3759
6121 2 2 1 1 723 3276 3377
6122 2 2 1 1 2052 3323 4089
6123 2 2 1 1 521 53 3387
6124 2 2 1 1 3321 3230 3734
6125 2 2 1 1 2516 1669 3645
6126 2 2 1 1 2405 2403 3825
6127 2 2 1 1 2763 2538 3773
6128 2 2 1 1 1501 2738 3903
6129 2 2 1 1 1938 1991 3511
6130 2 2 1 1 755 756 3426
6131 2 2 1 1 3190 1264 3947
6132 2 2 1 1 2553 1733 3659
6133 2 2 1 1 541 542 3247
6134 2 2 1 1 1678 1676 2372
6135 2 2 1 1 2189 2866 3285
6136 2 2 1 1 1231 2964 3340
6137 2 2 1 1 1204 1203 3845
6138 2 2 1 1 1633 3685 3924
6139 2 2 1 1 380 1551 3143
6140 2 2 1 1 882 379 3143
6141 2 2 1 1 378 882 3145
6142 2 2 1 1 1353 377 3145
6143 2 2 1 1 317 318 3650
6144 2 2 1 1 2032 1778 2612
6145 2 2 1 1 2930 942 3431
6146 2 2 1 1 2187 2652 3604
6147 2 2 1 1 1613 1492 3363
6148 2 2 1 1 1134 1028 1135
6149 2 2 1 1 2866 2865 3766
6150 2 2 1 1 925 995 3508
6151 2 2 1 1 965 1128 3607
6152 2 2 1 1 3099 3180 3312
6153 2 2 1 1 2316 2129 2317
6154 2 2 1 1 3372 1258 3884
6155 2 2 1 1 1794 1020 1811
6156 2 2 1 1 1073 3067 3422
6157 2 2 1 1 3068 1013 3069
6158 2 2 1 1 2615 2001 3938
6159 2 2 1 1 3217 731 4014
6160 2 2 1 1 1400 1409 1847
6161 2 2 1 1 46 2666 3266
6162 2 2 1 1 683 81 3858
6163 2 2 1 1 2881 1506 3344
6164 2 2 1 1 1040 3425 3453
6165 2 2 1 1 1989 2901 3557
6166 2 2 1 1 864 2133 2348
6167 2 2 1 1 1350 1351 3406
6168 2 2 1 1 2207 2544 3384
6169 2 2 1 1 1795 2664 3660
6170 2 2 1 1 171 172 3560
6171 2 2 1 1 3074 3073 3093
6172 2 2 1 1 3075 1316 3076
6173 2 2 1 1 3549 1158 3706
6174 2 2 1 1 1880 2553 2554
6175 2 2 1 1 1088 3633 3839
6176 2 2 1 1 1669 91 3645
6177 2 2 1 1 3475 2400 3913
6178 2 2 1 1 1890 643 3719
6179 2 2 1 1 1323 2566 3764
6180 2 2 1 1 393 394 3570
6181 2 2 1 1 3087 391 3570
6182 2 2 1 1 2058 2132 3353
6183 2 2 1 1 1920 2077 3261
6184 2 2 1 1 1306 1303 3912
6185 2 2 1 1 1265 1944 3698
6186 2 2 1 1 2427 2150 3644
6187 2 2 1 1 2834 2833 3763
6188 2 2 1 1 1808 1547 3206
6189 2 2 1 1 4 127 3376
6190 2 2 1 1 1828 2371 3985
6191 2 2 1 1 2318 3496 3772
6192 2 2 1 1 1704 1719 2097
6193 2 2 1 1 707 1834 3547
6194 2 2 1 1 1131 3115 3993
6195 2 2 1 1 2926 3238 3840
6196 2 2 1 1 174 1119 3441
6197 2 2 1 1 1403 173 3441
6198 2 2 1 1 2956 1205 3510
6199 2 2 1 1 2134 2295 3271
6200 2 2 1 1 228 3071 3358
6201 2 2 1 1 906 2795 3609
6202 2 2 1 1 2682 2392 3855
6203 2 2 1 1 908 913 917
6204 2 2 1 1 1620 2629 2630
6205 2 2 1 1 1431 1430 1432
6206 2 2 1 1 1421 489 3149
6207 2 2 1 1 490 1894 3149
6208 2 2 1 1 1678 2372 3469
6209 2 2 1 1 1256 1255 3382
6210 2 2 1 1 1552 1553 1554
6211 2 2 1 1 1410 1129 3243
6212 2 2 1 1 1381 1478 2431
6213 2 2 1 1 981 17 3283
6214 2 2 1 1 1072 349 3944
6215 2 2 1 1 1681 1682 1688
6216 2 2 1 1 1892 1589 2099
6217 2 2 1 1 467 44 3399
6218 2 2 1 1 2887 3091 3780
6219 2 2 1 1 2598 2599 3903
6220 2 2 1 1 2628 3124 3183
6221 2 2 1 1 1045 1010 1055
6222 2 2 1 1 1446 1078 1844
6223 2 2 1 1 1603 1554 1659
6224 2 2 1 1 2649 1369 4039
6225 2 2 1 1 1680 1678 3469
6226 2 2 1 1 1070 1095 1096
6227 2 2 1 1 2236 2726 3916
6228 2 2 1 1 1806 2420 2421
6229 2 2 1 1 1219 1220 1221
6230 2 2 1 1 2678 2722 3693
6231 2 2 1 1 1145 2890 3541
6232 2 2 1 1 2145 1495 3411
6233 2 2 1 1 3151 2198 3152
6234 2 2 1 1 905 947 948
6235 2 2 1 1 2073 3054 3420
6236 2 2 1 1 1052 1053 1054
6237 2 2 1 1 1830 1831 2056
6238 2 2 1 1 49 2940 3905
6239 2 2 1 1 1927 2407 3559
6240 2 2 1 1 1419 1418 1420
6241 2 2 1 1 2296 431 3380
6242 2 2 1 1 1211 1122 1218
6243 2 2 1 1 3106 2192 3830
6244 2 2 1 1 2199 1838 2200
6245 2 2 1 1 1214 3136 3699
6246 2 2 1 1 466 1461 3157
6247 2 2 1 1 2350 465 3157
6248 2 2 1 1 682 860 3158
6249 2 2 1 1 1354 681 3158
6250 2 2 1 1 680 1354 3159
6251 2 2 1 1 1009 679 3159
6252 2 2 1 1 1054 1125 1233
6253 2 2 1 1 1463 3095 3096
6254 2 2 1 1 867 175 3611
6255 2 2 1 1 2655 1785 3636
6256 2 2 1 1 1628 2784 3417
6257 2 2 1 1 3571 2089 3887
6258 2 2 1 1 350 28 3585
6259 2 2 1 1 1178 3347 3678
6260 2 2 1 1 279 3209 3414
6261 2 2 1 1 3046 2299 3631
6262 2 2 1 1 1815 1686 2009
6263 2 2 1 1 3385 1392 3752
6264 2 2 1 1 2208 3448 3454
6265 2 2 1 1 1795 1094 1796
6266 2 2 1 1 1510 1482 1511
6267 2 2 1 1 2020 2355 3251
6268 2 2 1 1 1700 1701 1703
6269 2 2 1 1 1747 1748 1749
6270 2 2 1 1 3013 3014 3084
6271 2 2 1 1 3105 3106 3457
6272 2 2 1 1 2059 1435 3787
6273 2 2 1 1 2048 1729 2225
6274 2 2 1 1 898 1414 3572
6275 2 2 1 1 1968 3066 3652
6276 2 2 1 1 1249 1183 3370
6277 2 2 1 1 1588 1786 1837
6278 2 2 1 1 2845 2844 3600
6279 2 2 1 1 1495 1614 3411
6280 2 2 1 1 1742 1743 1826
6281 2 2 1 1 2124 1610 2327
6282 2 2 1 1 1922 1920 3261
6283 2 2 1 1 3167 2746 3244
6284 2 2 1 1 3206 1547 3327
6285 2 2 1 1 1192 2998 3320
6286 2 2 1 1 2231 2459 3408
6287 2 2 1 1 3083 991 3776
6288 2 2 1 1 2542 2098 3852
6289 2 2 1 1 536 1599 3769
6290 2 2 1 1 3094 2915 3669
6291 2 2 1 1 2641 2643 2644
6292 2 2 1 1 3130 2221 3803
6293 2 2 1 1 3346 2034 3971
6294 2 2 1 1 2576 2056 2579
6295 2 2 1 1 1843 2773 3594
6296 2 2 1 1 745 983 3161
6297 2 2 1 1 1355 744 3161
6298 2 2 1 1 743 1355 3163
6299 2 2 1 1 859 742 3163
6300 2 2 1 1 53 2610 3387
6301 2 2 1 1 454 3148 3467
6302 2 2 1 1 1721 1821 2235
6303 2 2 1 1 2206 2207 3384
6304 2 2 1 1 1950 1951 1952
6305 2 2 1 1 1878 1797 1879
6306 2 2 1 1 797 2555 3166
6307 2 2 1 1 1957 796 3166
6308 2 2 1 1 3022 1744 3629
6309 2 2 1 1 2807 2454 4013
6310 2 2 1 1 3105 1340 3106
6311 2 2 1 1 2736 2524 4076
6312 2 2 1 1 2071 2070 3423
6313 2 2 1 1 2660 2170 3777
6314 2 2 1 1 2896 1005 3562
6315 2 2 1 1 2376 3341 3679
6316 2 2 1 1 857 3109 3300
6317 2 2 1 1 2808 2993 3362
6318 2 2 1 1 1017 477 3168
6319 2 2 1 1 994 474 3169
6320 2 2 1 1 3169 475 3171
6321 2 2 1 1 476 1017 3171
6322 2 2 1 1 1513 1517 3485
6323 2 2 1 1 2443 2213 3838
6324 2 2 1 1 1939 1940 2926
6325 2 2 1 1 2503 2959 3932
6326 2 2 1 1 220 221 3464
6327 2 2 1 1 3211 2424 3212
6328 2 2 1 1 1278 1266 3460
6329 2 2 1 1 2878 1252 3566
6330 2 2 1 1 1730 2613 3671
6331 2 2 1 1 2816 1144 4018
6332 2 2 1 1 1766 1778 1918
6333 2 2 1 1 2195 2491 3842
6334 2 2 1 1 2912 2167 3803
6335 2 2 1 1 1056 1055 1177
6336 2 2 1 1 2558 2135 3655
6337 2 2 1 1 1099 2965 3390
6338 2 2 1 1 1380 1509 3440
6339 2 2 1 1 1854 1856 1857
6340 2 2 1 1 579 946 3172
6341 2 2 1 1 577 1356 3173
6342 2 2 1 1 952 576 3173
6343 2 2 1 1 1356 578 3172
6344 2 2 1 1 3206 3327 3957
6345 2 2 1 1 955 1074 3398
6346 2 2 1 1 865 866 873
6347 2 2 1 1 1614 1253 3409
6348 2 2 1 1 1395 1121 3482
6349 2 2 1 1 2972 2374 3492
6350 2 2 1 1 2944 900 3333
6351 2 2 1 1 1408 3329 3330
6352 2 2 1 1 1811 1812 2154
6353 2 2 1 1 2969 1321 3341
6354 2 2 1 1 1236 1339 1424
6355 2 2 1 1 3550 1807 3551
6356 2 2 1 1 1990 3406 3702
6357 2 2 1 1 1274 936 3389
6358 2 2 1 1 2267 2266 3721
6359 2 2 1 1 2100 2931 3457
6360 2 2 1 1 3430 2988 4067
6361 2 2 1 1 540 541 3247
6362 2 2 1 1 558 3134 3316
6363 2 2 1 1 2117 1512 3940
6364 2 2 1 1 3141 3398 3465
6365 2 2 1 1 1826 1743 1872
6366 2 2 1 1 1378 2944 3334
6367 2 2 1 1 3857 1931 3999
6368 2 2 1 1 291 22 3633
6369 2 2 1 1 1763 2679 3537
6370 2 2 1 1 3231 3230 3232
6371 2 2 1 1 1749 1748 1750
6372 2 2 1 1 1181 288 4012
6373 2 2 1 1 1954 3379 3993
6374 2 2 1 1 1915 1917 4084
6375 2 2 1 1 2235 1821 3350
6376 2 2 1 1 2431 2562 2563
6377 2 2 1 1 2884 1145 3439
6378 2 2 1 1 2880 2159 3514
6379 2 2 1 1 3286 2639 3991
6380 2 2 1 1 2049 3085 3304
6381 2 2 1 1 1703 1701 2015
6382 2 2 1 1 1062 1027 1063
6383 2 2 1 1 1404 974 4079
6384 2 2 1 1 1348 1607 3373
6385 2 2 1 1 1001 962 1002
6386 2 2 1 1 1079 1080 1081
6387 2 2 1 1 326 327 3619
6388 2 2 1 1 967 1486 3333
6389 2 2 1 1 2048 2225 3200
6390 2 2 1 1 1883 3450 4052
6391 2 2 1 1 1947 52 3879
6392 2 2 1 1 3450 3207 4052
6393 2 2 1 1 1109 1139 1140
6394 2 2 1 1 1195 3119 3120
6395 2 2 1 1 1547 1224 3327
6396 2 2 1 1 1164 1166 3596
6397 2 2 1 1 1698 1383 1820
6398 2 2 1 1 3112 1437 3278
6399 2 2 1 1 2897 1077 3544
6400 2 2 1 1 773 774 3401
6401 2 2 1 1 1801 3123 3124
6402 2 2 1 1 1843 1659 1845
6403 2 2 1 1 869 1388 3342
6404 2 2 1 1 2924 1071 3373
6405 2 2 1 1 2412 1693 3691
6406 2 2 1 1 1668 1704 3262
6407 2 2 1 1 175 176 3611
6408 2 2 1 1 3126 1345 3237
6409 2 2 1 1 3129 921 3130
6410 2 2 1 1 1467 1465 3597
6411 2 2 1 1 3 122 3737
6412 2 2 1 1 1123 521 3387
6413 2 2 1 1 3500 2528 3833
6414 2 2 1 1 1112 3132 3286
6415 2 2 1 1 3095 160 3397
6416 2 2 1 1 2056 3361 3746
6417 2 2 1 1 1806 2421 2471
6418 2 2 1 1 1841 2682 3954
6419 2 2 1 1 2276 3443 3789
6420 2 2 1 1 2095 2884 3439
6421 2 2 1 1 2006 2188 2437
6422 2 2 1 1 1362 1499 3329
6423 2 2 1 1 845 2191 3182
6424 2 2 1 1 140 2628 3183
6425 2 2 1 1 843 1014 3181
6426 2 2 1 1 1488 139 3183
6427 2 2 1 1 1014 844 3182
6428 2 2 1 1 1357 842 3181
6429 2 2 1 1 138 1488 3185
6430 2 2 1 1 961 840 3184
6431 2 2 1 1 1107 137 3185
6432 2 2 1 1 841 1357 3184
6433 2 2 1 1 2785 1273 3644
6434 2 2 1 1 2672 2506 3222
6435 2 2 1 1 948 1452 1453
6436 2 2 1 1 172 1403 3560
6437 2 2 1 1 1842 171 3560
6438 2 2 1 1 2012 1643 2013
6439 2 2 1 1 1830 2056 2576
6440 2 2 1 1 1622 1621 1641
6441 2 2 1 1 1564 1566 3649
6442 2 2 1 1 1486 3459 3820
6443 2 2 1 1 1048 1038 1090
6444 2 2 1 1 167 2627 4039
6445 2 2 1 1 1369 166 4039
6446 2 2 1 1 1376 2979 3569
6447 2 2 1 1 97 1795 3660
6448 2 2 1 1 1735 1734 1736
6449 2 2 1 1 1655 1657 1781
6450 2 2 1 1 1880 2554 3186
6451 2 2 1 1 1939 1558 1940
6452 2 2 1 1 2386 3247 3695
6453 2 2 1 1 376 1353 3383
6454 2 2 1 1 991 19 3776
6455 2 2 1 1 1070 1096 1108
6456 2 2 1 1 930 1076 3400
6457 2 2 1 1 2553 1012 3894
6458 2 2 1 1 2984 1624 3250
6459 2 2 1 1 2155 1107 3185
6460 2 2 1 1 993 1250 3396
6461 2 2 1 1 3311 1319 4023
6462 2 2 1 1 1610 1410 3243
6463 2 2 1 1 2501 1249 3730
6464 2 2 1 1 3327 1222 3593
6465 2 2 1 1 2 1484 3355
6466 2 2 1 1 1998 3550 3551
6467 2 2 1 1 2910 1904 3363
6468 2 2 1 1 706 707 3547
6469 2 2 1 1 1681 1688 1695
6470 2 2 1 1 867 3844 3878
6471 2 2 1 1 3168 478 3386
6472 2 2 1 1 479 1037 3386
6473 2 2 1 1 1938 1632 1990
6474 2 2 1 1 1421 2929 3807
6475 2 2 1 1 2929 1182 3807
6476 2 2 1 1 2355 2237 3747
6477 2 2 1 1 2893 2892 2894
6478 2 2 1 1 1432 1430 1481
6479 2 2 1 1 2954 1398 3354
6480 2 2 1 1 2070 2068 2340
6481 2 2 1 1 1606 1531 3927
6482 2 2 1 1 1672 1671 1673
6483 2 2 1 1 3062 1114 3210
6484 2 2 1 1 1950 1949 1951
6485 2 2 1 1 1924 1649 1925
6486 2 2 1 1 1284 1442 1443
6487 2 2 1 1 2791 2792 3210
6488 2 2 1 1 1298 2780 3662
6489 2 2 1 1 2821 2820 2822
6490 2 2 1 1 1700 1703 3828
6491 2 2 1 1 1365 1364 1483
6492 2 2 1 1 1022 987 1023
6493 2 2 1 1 3314 1007 3929
6494 2 2 1 1 871 870 878
6495 2 2 1 1 1644 2824 3478
6496 2 2 1 1 2748 2749 3468
6497 2 2 1 1 3319 2801 3697
6498 2 2 1 1 3597 1465 4007
6499 2 2 1 1 3444 2272 4080
6500 2 2 1 1 2444 3446 4069
6501 2 2 1 1 1296 1362 1408
6502 2 2 1 1 1350 1349 1351
6503 2 2 1 1 1515 1514 1516
6504 2 2 1 1 1936 2514 3267
6505 2 2 1 1 975 976 977
6506 2 2 1 1 904 903 911
6507 2 2 1 1 875 874 876
6508 2 2 1 1 2022 1608 3405
6509 2 2 1 1 1136 1227 1228
6510 2 2 1 1 1267 1271 1272
6511 2 2 1 1 1207 1382 1383
6512 2 2 1 1 2907 1092 3655
6513 2 2 1 1 1608 1350 3406
6514 2 2 1 1 712 86 4000
6515 2 2 1 1 3561 2398 4043
6516 2 2 1 1 943 944 988
6517 2 2 1 1 1330 2773 3791
6518 2 2 1 1 965 939 969
6519 2 2 1 1 970 968 971
6520 2 2 1 1 1923 72 3869
6521 2 2 1 1 1254 1495 1729
6522 2 2 1 1 2962 1130 3356
6523 2 2 1 1 1037 480 3266
6524 2 2 1 1 3143 1551 3144
6525 2 2 1 1 3145 882 3335
6526 2 2 1 1 2539 2540 3625
6527 2 2 1 1 1591 3427 3915
6528 2 2 1 1 2419 2660 3708
6529 2 2 1 1 2051 1816 4069
6530 2 2 1 1 2006 2437 3497
6531 2 2 1 1 3365 931 3413
6532 2 2 1 1 584 1360 3188
6533 2 2 1 1 923 583 3188
6534 2 2 1 1 582 923 3189
6535 2 2 1 1 1447 581 3189
6536 2 2 1 1 1128 1051 1129
6537 2 2 1 1 285 1387 3490
6538 2 2 1 1 2153 2074 2197
6539 2 2 1 1 2792 2774 3342
6540 2 2 1 1 1305 2829 3483
6541 2 2 1 1 2387 2673 3547
6542 2 2 1 1 3280 2278 3790
6543 2 2 1 1 415 416 3608
6544 2 2 1 1 2882 1066 3635
6545 2 2 1 1 2123 2655 3636
6546 2 2 1 1 1180 1069 1385
6547 2 2 1 1 3155 3198 4011
6548 2 2 1 1 2512 1916 3989
6549 2 2 1 1 2062 1604 2063
6550 2 2 1 1 1675 1674 1676
6551 2 2 1 1 2818 1724 3296
6552 2 2 1 1 2575 1591 3915
6553 2 2 1 1 1904 3694 4046
6554 2 2 1 1 1696 1221 3268
6555 2 2 1 1 1531 2626 3927
6556 2 2 1 1 131 937 3191
6557 2 2 1 1 1361 130 3191
6558 2 2 1 1 984 128 3192
6559 2 2 1 1 129 1361 3192
6560 2 2 1 1 1054 1124 1125
6561 2 2 1 1 2448 3272 3780
6562 2 2 1 1 2147 3619 3874
6563 2 2 1 1 2567 2569 3413
6564 2 2 1 1 453 454 3467
6565 2 2 1 1 2163 3022 3629
6566 2 2 1 1 2777 3153 3456
6567 2 2 1 1 3600 3175 4054
6568 2 2 1 1 632 1862 3690
6569 2 2 1 1 1047 2684 3219
6570 2 2 1 1 886 3156 3861
6571 2 2 1 1 3193 352 3194
6572 2 2 1 1 353 1018 3194
6573 2 2 1 1 1029 351 3193
6574 2 2 1 1 1804 1752 3641
6575 2 2 1 1 471 964 3430
6576 2 2 1 1 1727 470 3430
6577 2 2 1 1 1523 1525 1529
6578 2 2 1 1 3424 1268 3692
6579 2 2 1 1 913 901 3337
6580 2 2 1 1 2497 1285 3731
6581 2 2 1 1 1519 1521 1528
6582 2 2 1 1 1952 2641 3449
6583 2 2 1 1 2077 1808 3206
6584 2 2 1 1 1664 2662 3534
6585 2 2 1 1 1275 755 3426
6586 2 2 1 1 2197 2074 3423
6587 2 2 1 1 1065 2974 3364
6588 2 2 1 1 1235 2579 3746
6589 2 2 1 1 784 1609 3553
6590 2 2 1 1 1008 2906 3561
6591 2 2 1 1 873 874 875
6592 2 2 1 1 1555 1554 1603
6593 2 2 1 1 928 468 3442
6594 2 2 1 1 469 1727 3442
6595 2 2 1 1 1297 2694 3491
6596 2 2 1 1 2428 3538 3836
6597 2 2 1 1 1972 1796 1973
6598 2 2 1 1 85 708 3480
6599 2 2 1 1 2637 2523 3646
6600 2 2 1 1 996 2969 3360
6601 2 2 1 1 1751 1749 1752
6602 2 2 1 1 1136 1135 1227
6603 2 2 1 1 1006 3055 3448
6604 2 2 1 1 710 1397 3198
6605 2 2 1 1 1137 709 3198
6606 2 2 1 1 1674 1673 1681
6607 2 2 1 1 1905 2909 3631
6608 2 2 1 1 1937 1056 3678
6609 2 2 1 1 1936 1935 2514
6610 2 2 1 1 879 878 888
6611 2 2 1 1 2627 2649 4039
6612 2 2 1 1 1069 1023 1070
6613 2 2 1 1 1207 1206 1382
6614 2 2 1 1 2817 2883 3223
6615 2 2 1 1 2134 3271 3419
6616 2 2 1 1 2837 853 3610
6617 2 2 1 1 2012 2216 3711
6618 2 2 1 1 1518 1516 1519
6619 2 2 1 1 1123 3387 3393
6620 2 2 1 1 977 978 979
6621 2 2 1 1 1272 1429 1430
6622 2 2 1 1 992 971 993
6623 2 2 1 1 988 989 1025
6624 2 2 1 1 1051 969 1052
6625 2 2 1 1 1382 1384 1548
6626 2 2 1 1 859 3163 3164
6627 2 2 1 1 3161 983 3162
6628 2 2 1 1 1590 1589 1892
6629 2 2 1 1 912 911 918
6630 2 2 1 1 898 903 904
6631 2 2 1 1 1228 1417 1418
6632 2 2 1 1 2001 3019 3829
6633 2 2 1 1 1607 1350 1608
6634 2 2 1 1 1327 1588 1589
6635 2 2 1 1 1362 1489 1499
6636 2 2 1 1 883 876 887
6637 2 2 1 1 1108 1109 1251
6638 2 2 1 1 1381 1395 1478
6639 2 2 1 1 1695 2092 2343
6640 2 2 1 1 864 2424 3211
6641 2 2 1 1 1057 2867 3482
6642 2 2 1 1 764 1032 3202
6643 2 2 1 1 1363 763 3202
6644 2 2 1 1 762 1363 3203
6645 2 2 1 1 1028 760 3204
6646 2 2 1 1 761 3203 3204
6647 2 2 1 1 1513 1514 1515
6648 2 2 1 1 3621 2520 3882
6649 2 2 1 1 1091 1090 1183
6650 2 2 1 1 1482 1481 1545
6651 2 2 1 1 2117 3484 3552
6652 2 2 1 1 1267 1266 1271
6653 2 2 1 1 994 3169 3170
6654 2 2 1 1 3171 1017 3352
6655 2 2 1 1 975 974 976
6656 2 2 1 1 1284 1283 1442
6657 2 2 1 1 2779 2776 3495
6658 2 2 1 1 1670 1671 1672
6659 2 2 1 1 329 330 3945
6660 2 2 1 1 986 987 1022
6661 2 2 1 1 1304 3239 3511
6662 2 2 1 1 1948 1949 1950
6663 2 2 1 1 1122 1121 1381
6664 2 2 1 1 943 936 944
6665 2 2 1 1 1254 1253 1495
6666 2 2 1 1 534 535 3683
6667 2 2 1 1 938 939 965
6668 2 2 1 1 2811 1055 3535
6669 2 2 1 1 1688 1689 3542
6670 2 2 1 1 1348 1349 1350
6671 2 2 1 1 1230 3264 3792
6672 2 2 1 1 890 888 901
6673 2 2 1 1 1296 1295 1362
6674 2 2 1 1 967 968 970
6675 2 2 1 1 1262 1364 1365
6676 2 2 1 1 1038 993 1039
6677 2 2 1 1 3592 1016 3705
6678 2 2 1 1 979 980 1010
6679 2 2 1 1 1025 1026 1078
6680 2 2 1 1 354 355 3599
6681 2 2 1 1 919 918 930
6682 2 2 1 1 869 870 871
6683 2 2 1 1 2389 2390 3972
6684 2 2 1 1 1474 1365 1475
6685 2 2 1 1 884 456 3208
6686 2 2 1 1 895 887 905
6687 2 2 1 1 1141 1129 1410
6688 2 2 1 1 935 1823 3917
6689 2 2 1 1 1233 1372 3681
6690 2 2 1 1 1904 1613 3363
6691 2 2 1 1 2561 2286 3942
6692 2 2 1 1 2167 3130 3803
6693 2 2 1 1 1677 1676 1678
6694 2 2 1 1 2473 1922 3261
6695 2 2 1 1 2595 3138 3980
6696 2 2 1 1 2820 2819 3241
6697 2 2 1 1 3092 1586 3490
6698 2 2 1 1 458 1019 3343
6699 2 2 1 1 3208 457 3343
6700 2 2 1 1 908 901 913
6701 2 2 1 1 1219 1218 1220
6702 2 2 1 1 1949 1947 3379
6703 2 2 1 1 962 930 963
6704 2 2 1 1 3250 3607 3988
6705 2 2 1 1 3282 1120 3889
6706 2 2 1 1 2066 2064 3302
6707 2 2 1 1 3583 2436 3935
6708 2 2 1 1 1548 1602 1964
6709 2 2 1 1 1837 1838 2199
6710 2 2 1 1 2862 957 3673
6711 2 2 1 1 1344 3114 3524
6712 2 2 1 1 3557 3544 3920
6713 2 2 1 1 1233 1125 1234
6714 2 2 1 1 1894 491 3362
6715 2 2 1 1 1128 1141 3988
6716 2 2 1 1 3272 2448 3884
6717 2 2 1 1 2021 2018 3472
6718 2 2 1 1 1118 3051 3738
6719 2 2 1 1 874 1098 3435
6720 2 2 1 1 2475 1921 4001
6721 2 2 1 1 1159 1161 3670
6722 2 2 1 1 1360 585 3394
6723 2 2 1 1 1737 1736 1797
6724 2 2 1 1 2216 2013 2217
6725 2 2 1 1 2987 964 3824
6726 2 2 1 1 2986 2987 3824
6727 2 2 1 1 1223 1222 1224
6728 2 2 1 1 1750 1966 3199
6729 2 2 1 1 2008 1725 3761
6730 2 2 1 1 1785 2924 3636
6731 2 2 1 1 3122 623 3445
6732 2 2 1 1 677 864 3211
6733 2 2 1 1 674 1021 3213
6734 2 2 1 1 673 3213 3214
6735 2 2 1 1 861 672 3214
6736 2 2 1 1 1046 2845 3651
6737 2 2 1 1 551 58 3741
6738 2 2 1 1 1397 711 3249
6739 2 2 1 1 1016 2778 3705
6740 2 2 1 1 1641 2489 2490
6741 2 2 1 1 3254 2358 3960
6742 2 2 1 1 966 991 3601
6743 2 2 1 1 3188 1360 3310
6744 2 2 1 1 3189 923 3323
6745 2 2 1 1 889 2991 3389
6746 2 2 1 1 2222 2393 3864
6747 2 2 1 1 1052 1054 3477
6748 2 2 1 1 895 905 1027
6749 2 2 1 1 1324 2977 3517
6750 2 2 1 1 893 2859 3253
6751 2 2 1 1 2856 2857 3255
6752 2 2 1 1 2857 1309 3257
6753 2 2 1 1 2853 2854 3254
6754 2 2 1 1 2859 2858 3470
6755 2 2 1 1 2064 2063 2181
6756 2 2 1 1 919 930 962
6757 2 2 1 1 1078 1026 1079
6758 2 2 1 1 1010 980 1011
6759 2 2 1 1 486 47 3717
6760 2 2 1 1 81 1897 3858
6761 2 2 1 1 875 876 883
6762 2 2 1 1 1785 2655 4049
6763 2 2 1 1 1108 1096 1109
6764 2 2 1 1 3711 2216 3922
6765 2 2 1 1 1695 1688 2092
6766 2 2 1 1 890 901 908
6767 2 2 1 1 939 925 3508
6768 2 2 1 1 1228 1227 1417
6769 2 2 1 1 883 887 895
6770 2 2 1 1 3267 2514 3268
6771 2 2 1 1 2655 2332 4049
6772 2 2 1 1 904 911 912
6773 2 2 1 1 3244 1781 4038
6774 2 2 1 1 912 918 919
6775 2 2 1 1 977 976 978
6776 2 2 1 1 988 944 989
6777 2 2 1 1 965 969 1051
6778 2 2 1 1 1025 989 1026
6779 2 2 1 1 979 978 980
6780 2 2 1 1 992 993 1038
6781 2 2 1 1 1272 1271 1429
6782 2 2 1 1 1515 1516 1518
6783 2 2 1 1 970 971 992
6784 2 2 1 1 3135 1280 3769
6785 2 2 1 1 356 1000 3359
6786 2 2 1 1 2879 2880 3514
6787 2 2 1 1 1022 1023 1069
6788 2 2 1 1 1443 1442 1569
6789 2 2 1 1 879 888 890
6790 2 2 1 1 871 878 879
6791 2 2 1 1 1432 1481 1482
6792 2 2 1 1 221 3065 3464
6793 2 2 1 1 775 776 3520
6794 2 2 1 1 1672 1673 1674
6795 2 2 1 1 658 1046 3639
6796 2 2 1 1 2037 2324 3588
6797 2 2 1 1 2599 2597 3959
6798 2 2 1 1 1603 1659 1843
6799 2 2 1 1 623 624 3445
6800 2 2 1 1 2431 1478 2562
6801 2 2 1 1 1221 1220 1222
6802 2 2 1 1 1231 1135 3624
6803 2 2 1 1 1703 2015 2016
6804 2 2 1 1 1060 3456 3495
6805 2 2 1 1 2235 3350 3351
6806 2 2 1 1 1159 3670 3706
6807 2 2 1 1 973 975 3326
6808 2 2 1 1 2656 2195 3842
6809 2 2 1 1 941 3274 3711
6810 2 2 1 1 1843 1845 2472
6811 2 2 1 1 1478 1723 3689
6812 2 2 1 1 3202 1032 3236
6813 2 2 1 1 3484 894 3552
6814 2 2 1 1 1461 467 3399
6815 2 2 1 1 2773 2472 3791
6816 2 2 1 1 2100 3457 3830
6817 2 2 1 1 1214 485 3656
6818 2 2 1 1 13 181 3990
6819 2 2 1 1 1903 1661 4071
6820 2 2 1 1 1043 3292 3293
6821 2 2 1 1 335 3118 3614
6822 2 2 1 1 2412 3691 3721
6823 2 2 1 1 2227 3248 4057
6824 2 2 1 1 3513 2650 3795
6825 2 2 1 1 543 1825 3695
6826 2 2 1 1 2365 2367 3522
6827 2 2 1 1 2455 3219 3939
6828 2 2 1 1 3691 2267 3721
6829 2 2 1 1 2608 2606 4048
6830 2 2 1 1 44 1126 3399
6831 2 2 1 1 3058 3059 3843
6832 2 2 1 1 3059 983 3843
6833 2 2 1 1 2886 2887 3272
6834 2 2 1 1 1034 2901 3273
6835 2 2 1 1 1622 1774 3622
6836 2 2 1 1 894 2831 3552
6837 2 2 1 1 861 3214 3215
6838 2 2 1 1 2650 1842 3560
6839 2 2 1 1 2379 3187 3926
6840 2 2 1 1 2799 1301 3998
6841 2 2 1 1 1193 3012 3409
6842 2 2 1 1 946 580 3371
6843 2 2 1 1 1158 1159 3706
6844 2 2 1 1 3270 1969 3877
6845 2 2 1 1 3618 2425 3933
6846 2 2 1 1 3282 2045 4059
6847 2 2 1 1 3292 2330 3293
6848 2 2 1 1 2421 2618 3888
6849 2 2 1 1 386 387 3771
6850 2 2 1 1 929 3255 3256
6851 2 2 1 1 1368 3231 3233
6852 2 2 1 1 2801 1322 3697
6853 2 2 1 1 1791 1792 3471
6854 2 2 1 1 1497 4 3376
6855 2 2 1 1 19 250 3776
6856 2 2 1 1 2795 3060 3609
6857 2 2 1 1 2794 906 3609
6858 2 2 1 1 2533 2058 3353
6859 2 2 1 1 3032 863 3412
6860 2 2 1 1 176 3479 3611
6861 2 2 1 1 115 1919 3220
6862 2 2 1 1 394 3087 3570
6863 2 2 1 1 2515 1736 3642
6864 2 2 1 1 2860 3253 3487
6865 2 2 1 1 2783 1628 3417
6866 2 2 1 1 2409 1706 3694
6867 2 2 1 1 1310 2863 3703
6868 2 2 1 1 2611 1149 3890
6869 2 2 1 1 1053 3509 3825
6870 2 2 1 1 3134 2466 3316
6871 2 2 1 1 3323 2052 3554
6872 2 2 1 1 2905 3009 3507
6873 2 2 1 1 1460 2898 3546
6874 2 2 1 1 2889 2053 3545
6875 2 2 1 1 2196 2498 4054
6876 2 2 1 1 2892 2891 3518
6877 2 2 1 1 1259 3349 3980
6878 2 2 1 1 881 3492 3963
6879 2 2 1 1 2088 396 4016
6880 2 2 1 1 2154 1812 3571
6881 2 2 1 1 3051 1118 3737
6882 2 2 1 1 2724 3217 4014
6883 2 2 1 1 2260 2575 3915
6884 2 2 1 1 968 966 3601
6885 2 2 1 1 810 872 3555
6886 2 2 1 1 1772 2762 3789
6887 2 2 1 1 1525 1527 3432
6888 2 2 1 1 2742 1549 3753
6889 2 2 1 1 3411 3501 3918
6890 2 2 1 1 3124 3712 3806
6891 2 2 1 1 2532 1625 3745
6892 2 2 1 1 1005 2895 3687
6893 2 2 1 1 1484 2838 3355
6894 2 2 1 1 2552 2772 4067
6895 2 2 1 1 3496 3709 3772
6896 2 2 1 1 492 2808 3362
6897 2 2 1 1 2123 3120 3654
6898 2 2 1 1 1376 3569 3589
6899 2 2 1 1 2964 2110 3340
6900 2 2 1 1 1919 116 3355
6901 2 2 1 1 3218 2051 3446
6902 2 2 1 1 2867 2878 3713
6903 2 2 1 1 2901 2900 3557
6904 2 2 1 1 1364 1256 3382
6905 2 2 1 1 733 90 3693
6906 2 2 1 1 1075 560 3751
6907 2 2 1 1 1948 1953 4008
6908 2 2 1 1 2883 1304 3511
6909 2 2 1 1 2745 771 3401
6910 2 2 1 1 2056 1831 3361
6911 2 2 1 1 3113 2526 3719
6912 2 2 1 1 2844 3175 3600
6913 2 2 1 1 1831 1833 3361
6914 2 2 1 1 2655 2123 3654
6915 2 2 1 1 2979 2980 3569
6916 2 2 1 1 2890 1311 3704
6917 2 2 1 1 127 984 3376
6918 2 2 1 1 1368 3229 3230
6919 2 2 1 1 1601 1652 4085
6920 2 2 1 1 2614 2232 3391
6921 2 2 1 1 2663 2048 3534
6922 2 2 1 1 1203 1242 3845
6923 2 2 1 1 1178 1341 3603
6924 2 2 1 1 90 2678 3693
6925 2 2 1 1 3417 2784 4041
6926 2 2 1 1 3342 1388 3908
6927 2 2 1 1 675 676 3672
6928 2 2 1 1 289 3307 4012
6929 2 2 1 1 334 335 3614
6930 2 2 1 1 2780 3365 3662
6931 2 2 1 1 2838 1484 4045
6932 2 2 1 1 990 3046 4062
6933 2 2 1 1 2275 2695 3982
6934 2 2 1 1 628 629 3808
6935 2 2 1 1 3195 1407 4029
6936 2 2 1 1 2624 1980 4046
6937 2 2 1 1 2706 2001 3829
6938 2 2 1 1 2778 2779 3705
6939 2 2 1 1 987 955 3398
6940 2 2 1 1 1973 2656 3842
6941 2 2 1 1 2827 1413 3501
6942 2 2 1 1 2977 1072 3727
6943 2 2 1 1 3137 2360 3765
6944 2 2 1 1 1835 85 3480
6945 2 2 1 1 1548 2393 3602
6946 2 2 1 1 2732 2368 3781
6947 2 2 1 1 3740 2442 3853
6948 2 2 1 1 2489 1621 3504
6949 2 2 1 1 1704 2097 3262
6950 2 2 1 1 2471 2421 3888
6951 2 2 1 1 1120 3326 3889
6952 2 2 1 1 1079 1115 3536
6953 2 2 1 1 121 1118 3227
6954 2 2 1 1 120 3227 3228
6955 2 2 1 1 781 1999 3229
6956 2 2 1 1 1264 119 3228
6957 2 2 1 1 1368 780 3229
6958 2 2 1 1 118 1264 3234
6959 2 2 1 1 1094 778 3233
6960 2 2 1 1 779 1368 3233
6961 2 2 1 1 1484 117 3234
6962 2 2 1 1 3091 3092 3780
6963 2 2 1 1 1918 3160 3770
6964 2 2 1 1 3191 937 3498
6965 2 2 1 1 2932 3275 3894
6966 2 2 1 1 2790 910 3319
6967 2 2 1 1 2001 718 3938
6968 2 2 1 1 3157 1461 3357
6969 2 2 1 1 1964 2171 3416
6970 2 2 1 1 2337 3058 4037
6971 2 2 1 1 3547 1834 3986
6972 2 2 1 1 1322 2976 3595
6973 2 2 1 1 2329 1884 3909
6974 2 2 1 1 3331 2088 3403
6975 2 2 1 1 885 374 3740
6976 2 2 1 1 3326 1436 3519
6977 2 2 1 1 2311 2613 3775
6978 2 2 1 1 274 275 3726
6979 2 2 1 1 2716 2714 3759
6980 2 2 1 1 942 136 3671
6981 2 2 1 1 22 3453 3633
6982 2 2 1 1 2098 2753 3852
6983 2 2 1 1 1040 3305 3425
6984 2 2 1 1 2741 2742 3532
6985 2 2 1 1 591 3484 3940
6986 2 2 1 1 3132 566 3850
6987 2 2 1 1 567 1024 3850
6988 2 2 1 1 1716 3053 3455
6989 2 2 1 1 3225 1036 3476
6990 2 2 1 1 2174 2730 3956
6991 2 2 1 1 880 3056 3460
6992 2 2 1 1 3716 2398 3930
6993 2 2 1 1 3301 1583 3868
6994 2 2 1 1 1620 2631 3598
6995 2 2 1 1 948 1763 3537
6996 2 2 1 1 3631 2909 4062
6997 2 2 1 1 1183 1090 3370
6998 2 2 1 1 561 3288 3751
6999 2 2 1 1 2793 2794 4021
7000 2 2 1 1 3376 984 3463
7001 2 2 1 1 776 1873 3520
7002 2 2 1 1 2745 775 3520
7003 2 2 1 1 1686 1680 3469
7004 2 2 1 1 3055 1333 3454
7005 2 2 1 1 3259 3258 3260
7006 2 2 1 1 644 3113 3719
7007 2 2 1 1 2934 916 3814
7008 2 2 1 1 3008 1263 3732
7009 2 2 1 1 2560 2687 3995
7010 2 2 1 1 3402 1031 3461
7011 2 2 1 1 2612 2186 3640
7012 2 2 1 1 900 967 3333
7013 2 2 1 1 1723 2130 3689
7014 2 2 1 1 2518 2109 3685
7015 2 2 1 1 2372 1676 3576
7016 2 2 1 1 2872 2742 3753
7017 2 2 1 1 3663 2124 3664
7018 2 2 1 1 2452 2451 3540
7019 2 2 1 1 3050 1976 3205
7020 2 2 1 1 2202 3994 4017
7021 2 2 1 1 1939 2926 3447
7022 2 2 1 1 3499 2766 3865
7023 2 2 1 1 2049 3197 4071
7024 2 2 1 1 1794 2934 3814
7025 2 2 1 1 1596 2108 3440
7026 2 2 1 1 546 1644 3742
7027 2 2 1 1 3232 3230 3321
7028 2 2 1 1 2442 3383 3665
7029 2 2 1 1 1018 354 3599
7030 2 2 1 1 3166 2621 3758
7031 2 2 1 1 2680 13 3990
7032 2 2 1 1 916 452 3814
7033 2 2 1 1 2278 2276 3789
7034 2 2 1 1 1579 3102 3758
7035 2 2 1 1 1703 2017 3828
7036 2 2 1 1 708 1137 3480
7037 2 2 1 1 3150 1404 4079
7038 2 2 1 1 1763 1453 3773
7039 2 2 1 1 2294 3076 3847
7040 2 2 1 1 631 632 3690
7041 2 2 1 1 2327 1610 3243
7042 2 2 1 1 2410 3606 3651
7043 2 2 1 1 1263 3468 3732
7044 2 2 1 1 2131 1995 3502
7045 2 2 1 1 2739 2741 3532
7046 2 2 1 1 2391 2987 3958
7047 2 2 1 1 1983 3069 3913
7048 2 2 1 1 2046 3044 3822
7049 2 2 1 1 1252 2876 3739
7050 2 2 1 1 1020 453 3467
7051 2 2 1 1 3138 2735 3980
7052 2 2 1 1 3067 3068 3473
7053 2 2 1 1 3071 1073 3474
7054 2 2 1 1 1013 3070 3475
7055 2 2 1 1 3486 2785 3644
7056 2 2 1 1 1179 3270 3877
7057 2 2 1 1 858 869 3342
7058 2 2 1 1 1849 1472 3523
7059 2 2 1 1 2782 2783 3871
7060 2 2 1 1 3257 2862 3673
7061 2 2 1 1 3243 1129 3574
7062 2 2 1 1 3043 881 3637
7063 2 2 1 1 1054 1233 3477
7064 2 2 1 1 3073 877 3485
7065 2 2 1 1 1092 563 4065
7066 2 2 1 1 1612 3676 3856
7067 2 2 1 1 2833 1373 3786
7068 2 2 1 1 643 644 3719
7069 2 2 1 1 1876 2561 3942
7070 2 2 1 1 2955 2954 3354
7071 2 2 1 1 3518 2896 3562
7072 2 2 1 1 1861 3440 3919
7073 2 2 1 1 3139 759 3567
7074 2 2 1 1 1407 3207 4029
7075 2 2 1 1 1749 1750 3641
7076 2 2 1 1 2122 3378 3834
7077 2 2 1 1 1837 2441 3581
7078 2 2 1 1 488 1421 3807
7079 2 2 1 1 1182 487 3807
7080 2 2 1 1 42 1376 3658
7081 2 2 1 1 2993 1496 3348
7082 2 2 1 1 2846 3301 3868
7083 2 2 1 1 2750 2982 3584
7084 2 2 1 1 3224 2962 3356
7085 2 2 1 1 1319 2950 4023
7086 2 2 1 1 3223 2084 4018
7087 2 2 1 1 2876 2877 3739
7088 2 2 1 1 2957 1402 3568
7089 2 2 1 1 2682 2681 3954
7090 2 2 1 1 1373 2836 3786
7091 2 2 1 1 1853 1854 3623
7092 2 2 1 1 113 114 3615
7093 2 2 1 1 1895 2838 3584
7094 2 2 1 1 1071 1348 3373
7095 2 2 1 1 3528 2255 3529
7096 2 2 1 1 1381 2431 3579
7097 2 2 1 1 2202 2203 3994
7098 2 2 1 1 1441 3525 3526
7099 2 2 1 1 2975 2970 3573
7100 2 2 1 1 1487 1218 3579
7101 2 2 1 1 2863 3256 3703
7102 2 2 1 1 1882 2083 3450
7103 2 2 1 1 3158 860 3605
7104 2 2 1 1 3307 1088 3674
7105 2 2 1 1 2471 3888 4042
7106 2 2 1 1 2971 1065 3364
7107 2 2 1 1 542 543 3695
7108 2 2 1 1 2997 1192 3707
7109 2 2 1 1 3144 2061 3586
7110 2 2 1 1 2110 3100 3340
7111 2 2 1 1 3242 2037 3588
7112 2 2 1 1 3152 2198 3612
7113 2 2 1 1 3297 1622 3622
7114 2 2 1 1 3607 1128 3988
7115 2 2 1 1 1924 3458 3483
7116 2 2 1 1 3211 3212 3672
7117 2 2 1 1 2099 1589 3581
7118 2 2 1 1 1066 3514 3635
7119 2 2 1 1 2864 2559 3800
7120 2 2 1 1 1339 1441 3527
7121 2 2 1 1 1313 1849 3667
7122 2 2 1 1 1208 2781 3811
7123 2 2 1 1 3047 990 4062
7124 2 2 1 1 2827 3411 3895
7125 2 2 1 1 2372 3308 3469
7126 2 2 1 1 3378 2295 4083
7127 2 2 1 1 2854 1615 3652
7128 2 2 1 1 2936 1214 3699
7129 2 2 1 1 2928 1902 3885
7130 2 2 1 1 1509 1596 3440
7131 2 2 1 1 757 926 4058
7132 2 2 1 1 374 375 3740
7133 2 2 1 1 560 561 3751
7134 2 2 1 1 2641 2644 3449
7135 2 2 1 1 936 889 3389
7136 2 2 1 1 1210 1241 3831
7137 2 2 1 1 1130 2961 3720
7138 2 2 1 1 2897 3544 3557
7139 2 2 1 1 184 865 3258
7140 2 2 1 1 183 3258 3259
7141 2 2 1 1 1127 182 3259
7142 2 2 1 1 3041 1332 3643
7143 2 2 1 1 2572 2911 4003
7144 2 2 1 1 2831 2830 3886
7145 2 2 1 1 2338 3731 3978
7146 2 2 1 1 2347 3083 3757
7147 2 2 1 1 964 472 3824
7148 2 2 1 1 473 2986 3824
7149 2 2 1 1 1918 2032 3491
7150 2 2 1 1 63 1447 3371
7151 2 2 1 1 2354 1942 3762
7152 2 2 1 1 795 1957 3778
7153 2 2 1 1 1494 2664 3782
7154 2 2 1 1 3346 1745 3558
7155 2 2 1 1 2636 1235 3746
7156 2 2 1 1 355 3359 3599
7157 2 2 1 1 1527 1580 3432
7158 2 2 1 1 3425 2586 3453
7159 2 2 1 1 747 3058 3843
7160 2 2 1 1 983 746 3843
7161 2 2 1 1 2991 2992 3389
7162 2 2 1 1 2033 2910 3505
7163 2 2 1 1 2616 3415 3823
7164 2 2 1 1 1689 1830 3542
7165 2 2 1 1 3205 1231 3340
7166 2 2 1 1 1253 1193 3409
7167 2 2 1 1 3439 1145 3541
7168 2 2 1 1 1496 3269 3348
7169 2 2 1 1 2318 3592 3705
7170 2 2 1 1 3077 2292 3512
7171 2 2 1 1 2594 2598 3851
7172 2 2 1 1 2911 3488 4003
7173 2 2 1 1 2200 2202 3653
7174 2 2 1 1 3018 1059 3638
7175 2 2 1 1 3265 1132 3866
7176 2 2 1 1 774 2745 3401
7177 2 2 1 1 676 3211 3672
7178 2 2 1 1 1021 675 3672
7179 2 2 1 1 2290 2293 3680
7180 2 2 1 1 1529 1525 3432
7181 2 2 1 1 2016 2015 3291
7182 2 2 1 1 1351 2614 3702
7183 2 2 1 1 1719 1721 3489
7184 2 2 1 1 1944 1267 4020
7185 2 2 1 1 2146 3257 3673
7186 2 2 1 1 2544 2958 4025
7187 2 2 1 1 3733 1412 4019
7188 2 2 1 1 2766 1691 3865
7189 2 2 1 1 1934 1932 3756
7190 2 2 1 1 3012 3013 3409
7191 2 2 1 1 3558 1745 3790
7192 2 2 1 1 3101 2851 3960
7193 2 2 1 1 2944 3333 3334
7194 2 2 1 1 1902 1284 3885
7195 2 2 1 1 3482 2867 3713
7196 2 2 1 1 202 203 3897
7197 2 2 1 1 1039 993 3396
7198 2 2 1 1 2306 2839 3925
7199 2 2 1 1 2186 2297 3640
7200 2 2 1 1 1308 3101 3961
7201 2 2 1 1 3178 1528 3628
7202 2 2 1 1 969 939 3509
7203 2 2 1 1 2662 2663 3534
7204 2 2 1 1 876 874 3435
7205 2 2 1 1 863 3030 3412
7206 2 2 1 1 3029 367 3698
7207 2 2 1 1 3248 2395 3815
7208 2 2 1 1 2384 2383 3767
7209 2 2 1 1 2394 3248 3859
7210 2 2 1 1 2988 2552 4067
7211 2 2 1 1 944 1274 3528
7212 2 2 1 1 3743 3260 3979
7213 2 2 1 1 963 930 3400
7214 2 2 1 1 1549 3277 3753
7215 2 2 1 1 55 536 3769
7216 2 2 1 1 1472 1771 3523
7217 2 2 1 1 3106 1340 3418
7218 2 2 1 1 1854 1857 3623
7219 2 2 1 1 980 978 3481
7220 2 2 1 1 1517 1515 3531
7221 2 2 1 1 1388 871 3530
7222 2 2 1 1 1453 1598 3773
7223 2 2 1 1 3156 2309 3861
7224 2 2 1 1 3374 2329 3909
7225 2 2 1 1 1428 875 3533
7226 2 2 1 1 2096 2763 3949
7227 2 2 1 1 2068 2066 3686
7228 2 2 1 1 3063 1337 3613
7229 2 2 1 1 2079 3428 3924
7230 2 2 1 1 1402 2955 3568
7231 2 2 1 1 375 3383 3740
7232 2 2 1 1 1187 1217 3898
7233 2 2 1 1 1972 3632 3782
7234 2 2 1 1 5 2657 3818
7235 2 2 1 1 2924 3373 3636
7236 2 2 1 1 3142 1446 3421
7237 2 2 1 1 1619 1655 3578
7238 2 2 1 1 417 418 3911
7239 2 2 1 1 976 1404 3616
7240 2 2 1 1 3370 1090 3854
7241 2 2 1 1 3383 1353 3665
7242 2 2 1 1 2970 2971 3573
7243 2 2 1 1 2845 3600 3651
7244 2 2 1 1 2969 3341 3360
7245 2 2 1 1 926 3139 3666
7246 2 2 1 1 3375 1105 4034
7247 2 2 1 1 1852 2376 4081
7248 2 2 1 1 665 1012 3659
7249 2 2 1 1 1266 880 3460
7250 2 2 1 1 1659 1554 3684
7251 2 2 1 1 1621 1550 3504
7252 2 2 1 1 1752 1749 3641
7253 2 2 1 1 1550 2707 3504
7254 2 2 1 1 3009 2253 3507
7255 2 2 1 1 1396 3302 3303
7256 2 2 1 1 3546 3626 3757
7257 2 2 1 1 2363 2365 3525
7258 2 2 1 1 1433 2696 3965
7259 2 2 1 1 2985 1325 3718
7260 2 2 1 1 2839 1814 3925
7261 2 2 1 1 1229 2759 3812
7262 2 2 1 1 2064 2181 3302
7263 2 2 1 1 937 132 3818
7264 2 2 1 1 1883 1882 3450
7265 2 2 1 1 1273 2782 3871
7266 2 2 1 1 1864 1546 3733
7267 2 2 1 1 1833 1883 3361
7268 2 2 1 1 3302 2181 3303
7269 2 2 1 1 2545 2496 3805
7270 2 2 1 1 2836 2828 3786
7271 2 2 1 1 3470 1307 3943
7272 2 2 1 1 1213 552 3931
7273 2 2 1 1 2496 3676 3805
7274 2 2 1 1 1818 2736 4076
7275 2 2 1 1 3844 2551 3878
7276 2 2 1 1 1477 3254 3960
7277 2 2 1 1 3251 1471 3472
7278 2 2 1 1 713 2903 4000
7279 2 2 1 1 3053 3054 3455
7280 2 2 1 1 3057 1716 3455
7281 2 2 1 1 3056 3057 3460
7282 2 2 1 1 3110 3037 3294
7283 2 2 1 1 2459 2975 3573
7284 2 2 1 1 1315 147 3669
7285 2 2 1 1 3541 2890 3704
7286 2 2 1 1 3429 1971 3901
7287 2 2 1 1 3198 1397 4011
7288 2 2 1 1 1924 1925 3458
7289 2 2 1 1 877 1513 3485
7290 2 2 1 1 1839 2311 3827
7291 2 2 1 1 437 1859 3872
7292 2 2 1 1 114 3220 3615
7293 2 2 1 1 3044 3043 3637
7294 2 2 1 1 3562 1005 3687
7295 2 2 1 1 2002 3299 3716
7296 2 2 1 1 1059 3022 3638
7297 2 2 1 1 2092 1688 3542
7298 2 2 1 1 3248 2227 3859
7299 2 2 1 1 1859 2835 3620
7300 2 2 1 1 2904 2000 3622
7301 2 2 1 1 3481 978 3616
7302 2 2 1 1 3878 1786 4009
7303 2 2 1 1 616 617 3328
7304 2 2 1 1 2339 2290 3680
7305 2 2 1 1 3712 2916 3806
7306 2 2 1 1 3197 1903 4071
7307 2 2 1 1 1121 1057 3482
7308 2 2 1 1 1008 3561 4032
7309 2 2 1 1 2878 3566 3713
7310 2 2 1 1 3068 3069 3473
7311 2 2 1 1 3422 3067 3473
7312 2 2 1 1 1073 3422 3474
7313 2 2 1 1 3069 1013 3475
7314 2 2 1 1 1454 3556 4050
7315 2 2 1 1 624 625 3808
7316 2 2 1 1 1995 2377 3502
7317 2 2 1 1 1441 3526 3527
7318 2 2 1 1 1332 3044 3643
7319 2 2 1 1 3194 1018 3657
7320 2 2 1 1 1236 1424 3591
7321 2 2 1 1 1070 1108 3575
7322 2 2 1 1 2328 3366 3893
7323 2 2 1 1 2346 2345 3709
7324 2 2 1 1 1830 2576 3542
7325 2 2 1 1 2735 1259 3980
7326 2 2 1 1 3093 3073 3485
7327 2 2 1 1 3220 1919 3610
7328 2 2 1 1 1681 1695 3576
7329 2 2 1 1 1469 3507 4075
7330 2 2 1 1 605 606 3997
7331 2 2 1 1 1046 3606 3639
7332 2 2 1 1 3589 2093 3590
7333 2 2 1 1 487 488 3807
7334 2 2 1 1 598 1016 3981
7335 2 2 1 1 2034 1660 3971
7336 2 2 1 1 3176 2057 3745
7337 2 2 1 1 2824 2821 3478
7338 2 2 1 1 1376 3589 3658
7339 2 2 1 1 2449 3372 3884
7340 2 2 1 1 741 859 3645
7341 2 2 1 1 1792 2378 3588
7342 2 2 1 1 3370 2637 3646
7343 2 2 1 1 3081 2973 3794
7344 2 2 1 1 1325 3436 4053
7345 2 2 1 1 3326 3519 3889
7346 2 2 1 1 2829 1924 3483
7347 2 2 1 1 1429 3152 3760
7348 2 2 1 1 2397 3314 3929
7349 2 2 1 1 2707 2706 3829
7350 2 2 1 1 3110 862 3572
7351 2 2 1 1 3298 2939 3946
7352 2 2 1 1 1026 989 3529
7353 2 2 1 1 1906 2623 3810
7354 2 2 1 1 2478 3404 3732
7355 2 2 1 1 3566 1252 3739
7356 2 2 1 1 3061 3132 3850
7357 2 2 1 1 1807 1677 3948
7358 2 2 1 1 3731 1285 3978
7359 2 2 1 1 3245 1944 4020
7360 2 2 1 1 3218 3446 4040
7361 2 2 1 1 2893 2894 3626
7362 2 2 1 1 1006 3448 4044
7363 2 2 1 1 2165 2768 4077
7364 2 2 1 1 1189 1197 4082
7365 2 2 1 1 1149 2797 3890
7366 2 2 1 1 1192 3320 3707
7367 2 2 1 1 1191 3358 3634
7368 2 2 1 1 3633 2586 3839
7369 2 2 1 1 907 2864 3800
7370 2 2 1 1 3275 2101 3577
7371 2 2 1 1 2406 3374 3909
7372 2 2 1 1 3250 1624 3607
7373 2 2 1 1 1516 1514 3923
7374 2 2 1 1 2108 2917 3919
7375 2 2 1 1 1345 3127 3563
7376 2 2 1 1 1346 3129 3564
7377 2 2 1 1 1880 3186 3642
7378 2 2 1 1 1806 2471 3798
7379 2 2 1 1 1624 938 3607
7380 2 2 1 1 2367 2370 3722
7381 2 2 1 1 2072 2660 3777
7382 2 2 1 1 1615 2925 3652
7383 2 2 1 1 381 382 4072
7384 2 2 1 1 2901 1989 4074
7385 2 2 1 1 1820 1383 3602
7386 2 2 1 1 2133 2134 3906
7387 2 2 1 1 472 473 3824
7388 2 2 1 1 901 888 3647
7389 2 2 1 1 2961 2497 3774
7390 2 2 1 1 1481 1430 3760
7391 2 2 1 1 1887 1811 3538
7392 2 2 1 1 611 3263 3787
7393 2 2 1 1 2660 885 3853
7394 2 2 1 1 2830 1305 3886
7395 2 2 1 1 1873 777 3660
7396 2 2 1 1 1473 3548 3580
7397 2 2 1 1 28 1029 3585
7398 2 2 1 1 566 567 3850
7399 2 2 1 1 794 795 3778
7400 2 2 1 1 2009 1686 3469
7401 2 2 1 1 3551 2799 3998
7402 2 2 1 1 3585 2529 3944
7403 2 2 1 1 3448 3055 3454
7404 2 2 1 1 3316 2466 3941
7405 2 2 1 1 3236 1032 3516
7406 2 2 1 1 1052 3477 3574
7407 2 2 1 1 3128 1346 3565
7408 2 2 1 1 1444 2655 3654
7409 2 2 1 1 219 220 3464
7410 2 2 1 1 132 5 3818
7411 2 2 1 1 1936 3267 3775
7412 2 2 1 1 3153 2060 3456
7413 2 2 1 1 1673 1671 3891
7414 2 2 1 1 1072 3500 3727
7415 2 2 1 1 1706 2624 3694
7416 2 2 1 1 989 3528 3529
7417 2 2 1 1 2992 1714 3876
7418 2 2 1 1 349 350 3944
7419 2 2 1 1 2698 3224 3356
7420 2 2 1 1 1195 3120 3750
7421 2 2 1 1 1414 3444 4080
7422 2 2 1 1 1581 1766 3770
7423 2 2 1 1 350 3585 3944
7424 2 2 1 1 3284 981 3970
7425 2 2 1 1 3283 1390 3735
7426 2 2 1 1 746 747 3843
7427 2 2 1 1 3356 1130 3720
7428 2 2 1 1 1132 2852 3866
7429 2 2 1 1 1281 3089 3632
7430 2 2 1 1 731 732 4014
7431 2 2 1 1 3644 1273 3871
7432 2 2 1 1 3307 2654 4012
7433 2 2 1 1 3038 1329 3873
7434 2 2 1 1 1019 42 3658
7435 2 2 1 1 3239 1938 3511
7436 2 2 1 1 3123 1315 3712
7437 2 2 1 1 2411 3600 4054
7438 2 2 1 1 2391 3958 3972
7439 2 2 1 1 3397 3282 4059
7440 2 2 1 1 921 3126 3729
7441 2 2 1 1 2427 3644 3871
7442 2 2 1 1 3420 3052 3708
7443 2 2 1 1 2922 3176 3745
7444 2 2 1 1 1692 3403 3896
7445 2 2 1 1 2497 3731 3774
7446 2 2 1 1 2973 1323 3794
7447 2 2 1 1 1409 1620 3598
7448 2 2 1 1 3274 2012 3711
7449 2 2 1 1 3117 1133 3951
7450 2 2 1 1 3506 1318 3928
7451 2 2 1 1 862 898 3572
7452 2 2 1 1 1519 1528 3801
7453 2 2 1 1 2009 3308 3700
7454 2 2 1 1 2387 3547 3986
7455 2 2 1 1 1508 3108 4031
7456 2 2 1 1 896 3128 3725
7457 2 2 1 1 2840 2078 3901
7458 2 2 1 1 1296 1408 3977
7459 2 2 1 1 1125 1236 3591
7460 2 2 1 1 2964 3624 3907
7461 2 2 1 1 3615 855 3755
7462 2 2 1 1 1566 1668 3649
7463 2 2 1 1 1604 1603 3594
7464 2 2 1 1 1800 3682 4063
7465 2 2 1 1 3025 794 3778
7466 2 2 1 1 1463 3096 3661
7467 2 2 1 1 882 3143 3586
7468 2 2 1 1 1353 3145 3587
7469 2 2 1 1 2063 1604 3594
7470 2 2 1 1 3344 985 4040
7471 2 2 1 1 2083 2271 3450
7472 2 2 1 1 2149 3510 4055
7473 2 2 1 1 3566 2044 3713
7474 2 2 1 1 1105 3316 3941
7475 2 2 1 1 1220 1487 3593
7476 2 2 1 1 3247 542 3695
7477 2 2 1 1 3237 1345 3563
7478 2 2 1 1 3129 3130 3564
7479 2 2 1 1 1118 3 3737
7480 2 2 1 1 3458 2439 3483
7481 2 2 1 1 3006 3005 4005
7482 2 2 1 1 3098 1463 3661
7483 2 2 1 1 2865 2945 3766
7484 2 2 1 1 3805 1805 4051
7485 2 2 1 1 3016 3091 4026
7486 2 2 1 1 3837 2391 3972
7487 2 2 1 1 888 1099 3647
7488 2 2 1 1 2888 2889 3545
7489 2 2 1 1 2898 2893 3546
7490 2 2 1 1 3700 1204 3845
7491 2 2 1 1 3124 3123 3712
7492 2 2 1 1 1280 55 3769
7493 2 2 1 1 2508 2953 3835
7494 2 2 1 1 3074 3093 3847
7495 2 2 1 1 3076 1316 3847
7496 2 2 1 1 1305 3483 3886
7497 2 2 1 1 1378 3334 3766
7498 2 2 1 1 2945 1378 3766
7499 2 2 1 1 3126 3237 3729
7500 2 2 1 1 3130 921 3729
7501 2 2 1 1 3525 3522 3526
7502 2 2 1 1 2097 1719 3489
7503 2 2 1 1 1061 2846 3868
7504 2 2 1 1 2835 2834 3620
7505 2 2 1 1 1301 3325 3998
7506 2 2 1 1 2951 941 3711
7507 2 2 1 1 2481 3190 3947
7508 2 2 1 1 3052 2419 3708
7509 2 2 1 1 3508 995 3860
7510 2 2 1 1 2909 3047 4062
7511 2 2 1 1 2989 1312 3816
7512 2 2 1 1 2304 896 3725
7513 2 2 1 1 1285 2806 3978
7514 2 2 1 1 3300 3109 3832
7515 2 2 1 1 2541 861 3668
7516 2 2 1 1 3336 937 3818
7517 2 2 1 1 1663 2049 4071
7518 2 2 1 1 629 3445 3808
7519 2 2 1 1 1307 2847 3943
7520 2 2 1 1 2602 2957 3568
7521 2 2 1 1 3103 3042 3987
7522 2 2 1 1 989 944 3528
7523 2 2 1 1 2602 3417 4041
7524 2 2 1 1 1847 1409 3598
7525 2 2 1 1 1491 3261 4033
7526 2 2 1 1 3120 3119 3654
7527 2 2 1 1 1515 1518 3531
7528 2 2 1 1 1750 3199 3641
7529 2 2 1 1 871 879 3530
7530 2 2 1 1 3544 1077 3974
7531 2 2 1 1 3695 1825 4005
7532 2 2 1 1 875 883 3533
7533 2 2 1 1 1424 1339 3527
7534 2 2 1 1 978 976 3616
7535 2 2 1 1 3426 756 4058
7536 2 2 1 1 3694 2624 4046
7537 2 2 1 1 1018 3599 3849
7538 2 2 1 1 3143 3144 3586
7539 2 2 1 1 3335 882 3586
7540 2 2 1 1 3145 3335 3587
7541 2 2 1 1 1011 1313 3667
7542 2 2 1 1 2269 3481 3616
7543 2 2 1 1 2988 2391 3837
7544 2 2 1 1 2575 2259 4068
7545 2 2 1 1 2869 2575 4068
7546 2 2 1 1 1989 3557 3920
7547 2 2 1 1 1523 1529 3628
7548 2 2 1 1 3407 2013 3798
7549 2 2 1 1 3710 2680 3990
7550 2 2 1 1 288 289 4012
7551 2 2 1 1 1386 1385 3416
7552 2 2 1 1 3212 2424 3744
7553 2 2 1 1 2609 2607 3896
7554 2 2 1 1 1286 2793 4021
7555 2 2 1 1 3119 1444 3654
7556 2 2 1 1 2421 2420 4022
7557 2 2 1 1 3182 2227 4057
7558 2 2 1 1 2906 2002 3930
7559 2 2 1 1 1283 1061 3868
7560 2 2 1 1 3403 2088 4016
7561 2 2 1 1 2579 2056 3746
7562 2 2 1 1 1465 1234 4007
7563 2 2 1 1 3605 2122 3834
7564 2 2 1 1 1721 2235 3489
7565 2 2 1 1 3561 2906 3930
7566 2 2 1 1 3676 1805 3805
7567 2 2 1 1 3405 1608 3406
7568 2 2 1 1 1055 1010 3535
7569 2 2 1 1 1844 1078 3536
7570 2 2 1 1 1355 3161 3617
7571 2 2 1 1 1811 2154 3538
7572 2 2 1 1 2851 1477 3960
7573 2 2 1 1 2280 3626 3627
7574 2 2 1 1 905 948 3537
7575 2 2 1 1 3060 2157 3609
7576 2 2 1 1 2491 1281 3632
7577 2 2 1 1 3276 2615 3938
7578 2 2 1 1 3040 1862 3841
7579 2 2 1 1 166 167 4039
7580 2 2 1 1 2151 3513 3795
7581 2 2 1 1 3427 2872 3915
7582 2 2 1 1 2784 3451 4041
7583 2 2 1 1 1862 1923 3841
7584 2 2 1 1 1218 1122 3579
7585 2 2 1 1 1980 1848 4046
7586 2 2 1 1 2800 956 4004
7587 2 2 1 1 939 3508 3509
7588 2 2 1 1 646 647 3452
7589 2 2 1 1 3161 3162 3617
7590 2 2 1 1 1010 1011 3535
7591 2 2 1 1 1078 1079 3536
7592 2 2 1 1 1027 905 3537
7593 2 2 1 1 2422 2009 3700
7594 2 2 1 1 2578 3710 3743
7595 2 2 1 1 1588 1837 3581
7596 2 2 1 1 3479 2486 3611
7597 2 2 1 1 3329 2163 3629
7598 2 2 1 1 2340 2068 3686
7599 2 2 1 1 2114 3419 3521
7600 2 2 1 1 1323 3764 3794
7601 2 2 1 1 1879 3388 3772
7602 2 2 1 1 2552 2988 3837
7603 2 2 1 1 1069 1070 3575
7604 2 2 1 1 1051 1052 3574
7605 2 2 1 1 1674 1681 3576
7606 2 2 1 1 47 1182 3717
7607 2 2 1 1 2289 3797 4063
7608 2 2 1 1 2852 1308 3961
7609 2 2 1 1 718 719 3938
7610 2 2 1 1 1122 1381 3579
7611 2 2 1 1 3142 3421 3863
7612 2 2 1 1 1589 1588 3581
7613 2 2 1 1 1734 1880 3642
7614 2 2 1 1 2937 892 3881
7615 2 2 1 1 3277 2260 3753
7616 2 2 1 1 1655 1781 3578
7617 2 2 1 1 1353 3587 3665
7618 2 2 1 1 1826 1872 3964
7619 2 2 1 1 1383 1382 3602
7620 2 2 1 1 3037 3110 3572
7621 2 2 1 1 1496 497 3905
7622 2 2 1 1 972 3317 4079
7623 2 2 1 1 1729 2145 4047
7624 2 2 1 1 3170 3169 3793
7625 2 2 1 1 3171 3352 3793
7626 2 2 1 1 3405 3406 3696
7627 2 2 1 1 1077 2899 3974
7628 2 2 1 1 2578 3743 3979
7629 2 2 1 1 2514 1935 3784
7630 2 2 1 1 3317 3150 4079
7631 2 2 1 1 2066 3302 3686
7632 2 2 1 1 396 397 4016
7633 2 2 1 1 719 3276 3938
7634 2 2 1 1 3463 984 3817
7635 2 2 1 1 639 1785 4049
7636 2 2 1 1 3015 1568 3763
7637 2 2 1 1 703 704 3395
7638 2 2 1 1 1322 3595 3697
7639 2 2 1 1 1234 1125 3591
7640 2 2 1 1 1129 1051 3574
7641 2 2 1 1 2134 3419 3906
7642 2 2 1 1 3682 2289 4063
7643 2 2 1 1 1385 1069 3575
7644 2 2 1 1 3364 2974 4035
7645 2 2 1 1 2498 1878 4010
7646 2 2 1 1 1676 1674 3576
7647 2 2 1 1 1326 12 4009
7648 2 2 1 1 3334 2866 3766
7649 2 2 1 1 1222 1220 3593
7650 2 2 1 1 1625 2922 3745
7651 2 2 1 1 2806 1097 4090
7652 2 2 1 1 2106 3319 3697
7653 2 2 1 1 1766 1918 3770
7654 2 2 1 1 3423 2070 3548
7655 2 2 1 1 3147 2089 3571
7656 2 2 1 1 2323 2217 3976
7657 2 2 1 1 2286 3296 3942
7658 2 2 1 1 1643 1806 3798
7659 2 2 1 1 2021 3424 3867
7660 2 2 1 1 1780 2121 3975
7661 2 2 1 1 3133 1112 3991
7662 2 2 1 1 1329 3032 3873
7663 2 2 1 1 938 965 3607
7664 2 2 1 1 2002 3716 3930
7665 2 2 1 1 2070 2340 3548
7666 2 2 1 1 1603 1843 3594
7667 2 2 1 1 3032 3412 3873
7668 2 2 1 1 2358 3101 3960
7669 2 2 1 1 1205 3306 4055
7670 2 2 1 1 3674 1088 3839
7671 2 2 1 1 861 3215 3668
7672 2 2 1 1 3108 2032 4031
7673 2 2 1 1 2141 3393 4027
7674 2 2 1 1 1316 3074 3847
7675 2 2 1 1 1935 2155 3784
7676 2 2 1 1 2638 3663 3664
7677 2 2 1 1 2272 3036 4080
7678 2 2 1 1 3445 624 3808
7679 2 2 1 1 1714 2990 3876
7680 2 2 1 1 2471 3407 3798
7681 2 2 1 1 1318 2937 3928
7682 2 2 1 1 2219 3402 3461
7683 2 2 1 1 3398 1074 4008
7684 2 2 1 1 433 434 3466
7685 2 2 1 1 3453 2586 3633
7686 2 2 1 1 3093 2294 3847
7687 2 2 1 1 3958 2389 3972
7688 2 2 1 1 3296 1724 3942
7689 2 2 1 1 3720 2961 3774
7690 2 2 1 1 2726 1698 3916
7691 2 2 1 1 3407 1665 3976
7692 2 2 1 1 1382 1548 3602
7693 2 2 1 1 3134 1075 3788
7694 2 2 1 1 3169 3171 3793
7695 2 2 1 1 3612 2198 3862
7696 2 2 1 1 2365 3522 3525
7697 2 2 1 1 2939 2936 3946
7698 2 2 1 1 2212 2214 3912
7699 2 2 1 1 1869 3405 3696
7700 2 2 1 1 3709 1879 3772
7701 2 2 1 1 1724 1876 3942
7702 2 2 1 1 411 414 3779
7703 2 2 1 1 3280 2306 3925
7704 2 2 1 1 3522 2367 3722
7705 2 2 1 1 3465 3398 4008
7706 2 2 1 1 2613 1936 3775
7707 2 2 1 1 1029 3193 3749
7708 2 2 1 1 3393 3387 4027
7709 2 2 1 1 2609 3403 4016
7710 2 2 1 1 2335 3310 3682
7711 2 2 1 1 3149 1894 3952
7712 2 2 1 1 3109 3111 3832
7713 2 2 1 1 2828 3084 3786
7714 2 2 1 1 2483 3199 3736
7715 2 2 1 1 1632 1869 3696
7716 2 2 1 1 2398 3716 4050
7717 2 2 1 1 1099 3390 3647
7718 2 2 1 1 721 722 3377
7719 2 2 1 1 1529 3178 3628
7720 2 2 1 1 3546 2893 3626
7721 2 2 1 1 3091 2888 4026
7722 2 2 1 1 2646 2645 3965
7723 2 2 1 1 3347 2563 3678
7724 2 2 1 1 1736 1734 3642
7725 2 2 1 1 995 2452 3860
7726 2 2 1 1 1016 3592 3981
7727 2 2 1 1 563 60 4065
7728 2 2 1 1 2226 2228 3857
7729 2 2 1 1 3164 3163 4036
7730 2 2 1 1 1090 1038 3854
7731 2 2 1 1 2664 1972 3782
7732 2 2 1 1 2657 3336 3818
7733 2 2 1 1 3410 2387 3986
7734 2 2 1 1 756 757 4058
7735 2 2 1 1 3308 2009 3469
7736 2 2 1 1 1521 1523 3628
7737 2 2 1 1 2511 3025 3778
7738 2 2 1 1 3095 3397 4059
7739 2 2 1 1 2200 3653 3934
7740 2 2 1 1 3288 2488 3751
7741 2 2 1 1 392 393 3570
7742 2 2 1 1 3548 2340 3580
7743 2 2 1 1 3263 2059 3787
7744 2 2 1 1 1649 1738 3714
7745 2 2 1 1 2013 1643 3798
7746 2 2 1 1 3716 1454 4050
7747 2 2 1 1 3173 1356 3785
7748 2 2 1 1 3517 2977 3727
7749 2 2 1 1 2685 1469 4075
7750 2 2 1 1 3103 2081 4022
7751 2 2 1 1 633 1195 3869
7752 2 2 1 1 3411 1614 3895
7753 2 2 1 1 3191 3498 3826
7754 2 2 1 1 2228 3404 3756
7755 2 2 1 1 516 1131 3879
7756 2 2 1 1 3285 2866 3820
7757 2 2 1 1 2936 3699 3946
7758 2 2 1 1 1195 3750 3869
7759 2 2 1 1 865 873 3748
7760 2 2 1 1 1346 3564 3565
7761 2 2 1 1 3523 1771 3852
7762 2 2 1 1 3089 1494 3782
7763 2 2 1 1 1528 1521 3628
7764 2 2 1 1 1857 1856 3867
7765 2 2 1 1 1553 2267 3684
7766 2 2 1 1 3128 3565 3725
7767 2 2 1 1 3188 3310 4070
7768 2 2 1 1 3323 923 4070
7769 2 2 1 1 2472 1845 3846
7770 2 2 1 1 3492 2374 3963
7771 2 2 1 1 2371 3164 4036
7772 2 2 1 1 2211 2616 3823
7773 2 2 1 1 3978 2806 4090
7774 2 2 1 1 3592 2128 3981
7775 2 2 1 1 1971 2840 3901
7776 2 2 1 1 2342 3133 3991
7777 2 2 1 1 3387 2610 4027
7778 2 2 1 1 3522 2285 3526
7779 2 2 1 1 2466 3134 3788
7780 2 2 1 1 3071 3474 3821
7781 2 2 1 1 3417 2602 3568
7782 2 2 1 1 860 683 3858
7783 2 2 1 1 1234 3591 4007
7784 2 2 1 1 3127 82 3910
7785 2 2 1 1 3433 1286 3804
7786 2 2 1 1 1990 1632 3696
7787 2 2 1 1 3230 3229 3734
7788 2 2 1 1 1131 3379 3879
7789 2 2 1 1 3379 1947 3879
7790 2 2 1 1 277 278 3414
7791 2 2 1 1 3259 3260 3743
7792 2 2 1 1 3584 2838 4045
7793 2 2 1 1 3260 3258 3748
7794 2 2 1 1 2295 3159 4083
7795 2 2 1 1 3199 2086 3736
7796 2 2 1 1 2912 2220 3955
7797 2 2 1 1 3158 3605 3834
7798 2 2 1 1 12 867 4009
7799 2 2 1 1 1361 3191 3826
7800 2 2 1 1 1661 1663 4071
7801 2 2 1 1 3866 2852 3961
7802 2 2 1 1 1771 2542 3852
7803 2 2 1 1 867 3611 3844
7804 2 2 1 1 2198 2197 3862
7805 2 2 1 1 2638 3396 3663
7806 2 2 1 1 2175 3657 3849
7807 2 2 1 1 3041 3643 3987
7808 2 2 1 1 1925 1649 3714
7809 2 2 1 1 2881 3344 4040
7810 2 2 1 1 1133 2999 3951
7811 2 2 1 1 3535 1011 3667
7812 2 2 1 1 3422 2530 3474
7813 2 2 1 1 1554 1553 3684
7814 2 2 1 1 3632 3089 3782
7815 2 2 1 1 2111 3832 3883
7816 2 2 1 1 3888 1557 4042
7817 2 2 1 1 1998 3551 3998
7818 2 2 1 1 2330 3292 3992
7819 2 2 1 1 1284 1443 3885
7820 2 2 1 1 772 773 3401
7821 2 2 1 1 1514 2117 3923
7822 2 2 1 1 3237 2221 3729
7823 2 2 1 1 3640 2297 3937
7824 2 2 1 1 3496 2346 3709
7825 2 2 1 1 3181 1014 3815
7826 2 2 1 1 2401 3284 3970
7827 2 2 1 1 3804 1286 4021
7828 2 2 1 1 3637 881 3963
7829 2 2 1 1 1038 1039 3854
7830 2 2 1 1 3501 1413 3917
7831 2 2 1 1 3266 2666 3783
7832 2 2 1 1 3111 1100 3883
7833 2 2 1 1 1884 1511 3909
7834 2 2 1 1 1354 3158 3834
7835 2 2 1 1 1856 2021 3867
7836 2 2 1 1 3238 2599 3959
7837 2 2 1 1 2057 2532 3745
7838 2 2 1 1 1953 3465 4008
7839 2 2 1 1 2974 1754 4035
7840 2 2 1 1 113 3615 3755
7841 2 2 1 1 3325 1998 3998
7842 2 2 1 1 1518 1519 3801
7843 2 2 1 1 3185 1488 3969
7844 2 2 1 1 3299 1454 3716
7845 2 2 1 1 625 628 3808
7846 2 2 1 1 1430 1429 3760
7847 2 2 1 1 2154 3571 3887
7848 2 2 1 1 1781 1657 4038
7849 2 2 1 1 3383 2442 3740
7850 2 2 1 1 3508 2405 3509
7851 2 2 1 1 2378 3242 3588
7852 2 2 1 1 2637 3370 3854
7853 2 2 1 1 3501 1823 3918
7854 2 2 1 1 3619 327 3874
7855 2 2 1 1 3203 1363 3813
7856 2 2 1 1 3042 3041 3987
7857 2 2 1 1 2132 3040 3841
7858 2 2 1 1 3836 2154 3887
7859 2 2 1 1 2921 1103 3935
7860 2 2 1 1 3201 3200 3701
7861 2 2 1 1 2196 3175 3933
7862 2 2 1 1 2130 3282 3889
7863 2 2 1 1 2753 3523 3852
7864 2 2 1 1 1258 3272 3884
7865 2 2 1 1 1267 1272 4020
7866 2 2 1 1 1671 2516 3891
7867 2 2 1 1 984 3192 3817
7868 2 2 1 1 3019 1850 3829
7869 2 2 1 1 3175 1033 3933
7870 2 2 1 1 3063 3613 4064
7871 2 2 1 1 2646 3235 3921
7872 2 2 1 1 2937 3881 3928
7873 2 2 1 1 2516 3165 3891
7874 2 2 1 1 3118 2147 3874
7875 2 2 1 1 3406 1351 3702
7876 2 2 1 1 3785 2518 4006
7877 2 2 1 1 1844 3536 3791
7878 2 2 1 1 3359 2948 3599
7879 2 2 1 1 3556 1907 4050
7880 2 2 1 1 2255 3528 3768
7881 2 2 1 1 82 3402 3910
7882 2 2 1 1 2486 3479 4044
7883 2 2 1 1 3365 2315 3662
7884 2 2 1 1 3692 1857 3867
7885 2 2 1 1 3306 2500 4055
7886 2 2 1 1 3256 2120 3703
7887 2 2 1 1 2822 2820 4061
7888 2 2 1 1 1894 3348 3952
7889 2 2 1 1 3484 2117 3940
7890 2 2 1 1 3436 2984 4053
7891 2 2 1 1 2145 3411 3918
7892 2 2 1 1 2227 2226 3999
7893 2 2 1 1 3183 3124 3806
7894 2 2 1 1 3477 1233 3681
7895 2 2 1 1 1074 1948 4008
7896 2 2 1 1 2386 3695 4005
7897 2 2 1 1 3335 2334 3587
7898 2 2 1 1 2206 3384 3995
7899 2 2 1 1 3479 1006 4044
7900 2 2 1 1 3341 2376 3360
7901 2 2 1 1 3617 2371 4036
7902 2 2 1 1 2348 2133 3906
7903 2 2 1 1 1488 3183 3806
7904 2 2 1 1 3590 2174 3956
7905 2 2 1 1 2802 3426 4058
7906 2 2 1 1 2950 2951 4023
7907 2 2 1 1 3653 1770 3934
7908 2 2 1 1 2564 3347 3957
7909 2 2 1 1 3200 2225 3701
7910 2 2 1 1 2199 2200 3934
7911 2 2 1 1 2610 2611 4027
7912 2 2 1 1 3599 2948 3849
7913 2 2 1 1 2601 2602 4041
7914 2 2 1 1 3194 3657 4002
7915 2 2 1 1 3613 2854 4064
7916 2 2 1 1 2022 3405 3950
7917 2 2 1 1 3528 1274 3768
7918 2 2 1 1 3358 3071 3821
7919 2 2 1 1 3014 3015 3763
7920 2 2 1 1 1127 3259 3743
7921 2 2 1 1 1004 3240 3982
7922 2 2 1 1 3526 2284 3527
7923 2 2 1 1 3415 1419 3823
7924 2 2 1 1 3258 865 3748
7925 2 2 1 1 2828 2827 3895
7926 2 2 1 1 3255 2857 3819
7927 2 2 1 1 2150 3486 3644
7928 2 2 1 1 1112 3286 3991
7929 2 2 1 1 1694 3016 4026
7930 2 2 1 1 3400 1076 3840
7931 2 2 1 1 3476 2285 3722
7932 2 2 1 1 2987 2413 3958
7933 2 2 1 1 2172 3837 3972
7934 2 2 1 1 1068 3338 4003
7935 2 2 1 1 2228 3756 3857
7936 2 2 1 1 2333 3375 4034
7937 2 2 1 1 1191 3634 4056
7938 2 2 1 1 3379 1131 3993
7939 2 2 1 1 3624 3204 3907
7940 2 2 1 1 3405 1869 3950
7941 2 2 1 1 3561 2458 4032
7942 2 2 1 1 2271 2272 4029
7943 2 2 1 1 3234 3190 4045
7944 2 2 1 1 2494 3804 4021
7945 2 2 1 1 2681 2304 3954
7946 2 2 1 1 3064 1191 4056
7947 2 2 1 1 857 3300 4037
7948 2 2 1 1 3036 1414 4080
7949 2 2 1 1 3448 2485 4044
7950 2 2 1 1 2393 1964 3864
7951 2 2 1 1 985 3218 4040
7952 2 2 1 1 1957 3166 3758
7953 2 2 1 1 974 972 4079
7954 2 2 1 1 2335 3323 4070
7955 2 2 1 1 1943 1296 3977
7956 2 2 1 1 3832 3111 3883
7957 2 2 1 1 2203 2206 3994
7958 2 2 1 1 2903 3249 4000
7959 2 2 1 1 2032 2612 4031
7960 2 2 1 1 3096 3095 4059
7961 2 2 1 1 3533 2620 4025
7962 2 2 1 1 1094 3233 4078
7963 2 2 1 1 2619 3549 3612
7964 2 2 1 1 1834 2587 3986
7965 2 2 1 1 3626 2280 3757
7966 2 2 1 1 3440 2108 3919
7967 2 2 1 1 1796 1094 4078
7968 2 2 1 1 2953 2322 3835
7969 2 2 1 1 3088 1261 4048
7970 2 2 1 1 3269 2942 3952
7971 2 2 1 1 1451 3493 3962
7972 2 2 1 1 1355 3617 4036
7973 2 2 1 1 3465 1953 3921
7974 2 2 1 1 1076 3438 3840
7975 2 2 1 1 1999 3553 3734
7976 2 2 1 1 3657 1018 3849
7977 2 2 1 1 791 792 3369
7978 2 2 1 1 3543 1357 4088
7979 2 2 1 1 1484 3234 4045
7980 2 2 1 1 3005 2386 4005
7981 2 2 1 1 3545 1694 4026
7982 2 2 1 1 3994 2687 4017
7983 2 2 1 1 2216 2217 4066
7984 2 2 1 1 3558 2096 3949
7985 2 2 1 1 1657 1853 4038
7986 2 2 1 1 3538 2154 3836
7987 2 2 1 1 2161 3541 3704
7988 2 2 1 1 3813 2964 3907
7989 2 2 1 1 2289 3512 3797
7990 2 2 1 1 2382 3562 3687
7991 2 2 1 1 3407 2471 4042
7992 2 2 1 1 3718 1325 4053
7993 2 2 1 1 3291 1572 3926
7994 2 2 1 1 1823 3501 3917
7995 2 2 1 1 3229 1999 3734
7996 2 2 1 1 1845 2949 3846
7997 2 2 1 1 414 411 3216
7998 2 2 1 1 3423 3548 3967
7999 2 2 1 1 3802 2165 4077
8000 2 2 1 1 2303 3634 3821
8001 2 2 1 1 1356 3172 3996
8002 2 2 1 1 1264 3228 3947
8003 2 2 1 1 2441 2199 4015
8004 2 2 1 1 3728 1102 3892
8005 2 2 1 1 3044 3637 3822
8006 2 2 1 1 2234 3566 3739
8007 2 2 1 1 3302 1396 3686
8008 2 2 1 1 952 3173 4006
8009 2 2 1 1 3309 1501 3903
8010 2 2 1 1 3731 2218 3774
8011 2 2 1 1 2155 3185 3969
8012 2 2 1 1 3204 3203 3907
8013 2 2 1 1 3249 712 4000
8014 2 2 1 1 3066 3063 4064
8015 2 2 1 1 3749 3193 4002
8016 2 2 1 1 3428 1633 3924
8017 2 2 1 1 3510 1205 4055
8018 2 2 1 1 3785 1356 3996
8019 2 2 1 1 1144 3223 4018
8020 2 2 1 1 3483 2439 3886
8021 2 2 1 1 3173 3785 4006
8022 2 2 1 1 3163 1355 4036
8023 2 2 1 1 3595 2443 3838
8024 2 2 1 1 3193 3194 4002
8025 2 2 1 1 3400 3238 3959
8026 2 2 1 1 3565 2166 3725
8027 2 2 1 1 181 1127 3990
8028 2 2 1 1 3219 2684 3939
8029 2 2 1 1 2077 3603 4033
8030 2 2 1 1 3634 3358 3821
8031 2 2 1 1 628 625 3287
8032 2 2 1 1 3352 2043 3793
8033 2 2 1 1 2336 3544 3974
8034 2 2 1 1 2458 3561 4043
8035 2 2 1 1 3797 2287 4063
8036 2 2 1 1 1878 1879 4010
8037 2 2 1 1 3412 2549 3873
8038 2 2 1 1 3509 2405 3825
8039 2 2 1 1 2854 3652 4064
8040 2 2 1 1 1698 1820 3916
8041 2 2 1 1 2422 3700 3845
8042 2 2 1 1 3310 2335 4070
8043 2 2 1 1 2145 3863 4047
8044 2 2 1 1 3764 2354 3794
8045 2 2 1 1 1872 3154 3964
8046 2 2 1 1 1014 3182 4057
8047 2 2 1 1 3203 3813 3907
8048 2 2 1 1 3159 1354 4083
8049 2 2 1 1 3421 2225 4047
8050 2 2 1 1 3285 1877 3914
8051 2 2 1 1 3815 1014 4057
8052 2 2 1 1 3261 2077 4033
8053 2 2 1 1 1354 3834 4083
8054 2 2 1 1 3519 2130 3889
8055 2 2 1 1 3060 2475 4001
8056 2 2 1 1 2405 3508 3860
8057 2 2 1 1 3800 2319 3893
8058 2 2 1 1 3233 3231 4078
8059 2 2 1 1 923 3188 4070
8060 2 2 1 1 2197 3423 3967
8061 2 2 1 1 3682 3310 3900
8062 2 2 1 1 3637 2373 3822
8063 2 2 1 1 2455 3939 4084
8064 2 2 1 1 3402 2219 3910
8065 2 2 1 1 3175 2196 4054
8066 2 2 1 1 3181 3815 4088
8067 2 2 1 1 3424 3692 3867
8068 2 2 1 1 2238 3250 3988
8069 2 2 1 1 3240 2331 3984
8070 2 2 1 1 3272 2887 3780
8071 2 2 1 1 2157 3060 4001
8072 2 2 1 1 3434 3142 3863
8073 2 2 1 1 2199 3934 4015
8074 2 2 1 1 3768 1274 3809
8075 2 2 1 1 412 413 3216
8076 2 2 1 1 3502 1827 4086
8077 2 2 1 1 2279 3627 3936
8078 2 2 1 1 3403 2609 3896
8079 2 2 1 1 3863 3421 4047
8080 2 2 1 1 2225 1729 4047
8081 2 2 1 1 3451 2601 4041
8082 2 2 1 1 3699 2179 3946
8083 2 2 1 1 1357 3181 4088
8084 2 2 1 1 3352 2512 3989
8085 2 2 1 1 2194 3517 3727
8086 2 2 1 1 2619 3612 3862
8087 2 2 1 1 2587 3410 3986
8088 2 2 1 1 2301 3866 3961
8089 2 2 1 1 3498 2623 3826
8090 2 2 1 1 2226 3857 3999
8091 2 2 1 1 907 3800 3893
8092 2 2 1 1 856 112 3755
8093 2 2 1 1 1964 3416 3864
8094 2 2 1 1 3653 2202 4017
8095 2 2 1 1 3643 2080 3987
8096 2 2 1 1 2820 3241 4061
8097 2 2 1 1 3348 3269 3952
8098 2 2 1 1 867 3878 4009
8099 2 2 1 1 2259 2662 4068
8100 2 2 1 1 2289 3682 3900
8101 2 2 1 1 3611 2486 3844
8102 2 2 1 1 626 627 3287
8103 2 2 1 1 1399 3429 3902
8104 2 2 1 1 3446 2051 4069
8105 2 2 1 1 2285 3522 3722
8106 2 2 1 1 3627 1755 3936
8107 2 2 1 1 2373 3637 3963
8108 2 2 1 1 3881 2168 3928
8109 2 2 1 1 3685 2109 3924
8110 2 2 1 1 3292 2105 3992
8111 2 2 1 1 3664 1818 4076
8112 2 2 1 1 2274 3754 4073
8113 2 2 1 1 3238 3400 3840
8114 2 2 1 1 3338 2572 4003
8115 2 2 1 1 2325 3728 3892
8116 2 2 1 1 2131 3502 4086
8117 2 2 1 1 3548 1473 3967
8118 2 2 1 1 3429 3901 3902
8119 2 2 1 1 3862 2197 3967
8120 2 2 1 1 3544 2336 3920
8121 2 2 1 1 2376 3679 4081
8122 2 2 1 1 1508 3640 3937
8123 2 2 1 1 3676 2127 3856
8124 2 2 1 1 2612 3640 4031
8125 2 2 1 1 3648 2131 4086
8126 2 2 1 1 963 3400 3959
8127 2 2 1 1 2395 3543 4088
8128 2 2 1 1 3634 2357 4056
8129 2 2 1 1 1488 3806 3969
8130 2 2 1 1 2638 3664 4076
8131 2 2 1 1 3941 2465 4034
8132 2 2 1 1 1097 4013 4090
8133 2 2 1 1 3939 2456 4084
8134 2 2 1 1 334 3614 3945
8135 2 2 1 1 1105 3941 4034
8136 2 2 1 1 2043 3352 3989
8137 2 2 1 1 3901 2078 3902
8138 2 2 1 1 2307 3768 3809
8139 2 2 1 1 3994 2206 3995
8140 2 2 1 1 3859 2227 3999
8141 2 2 1 1 3754 1863 4073
8142 2 2 1 1 2888 3545 4026
8143 2 2 1 1 3892 2685 4075
8144 2 2 1 1 3756 1932 3857
8145 2 2 1 1 3806 2916 3969
8146 2 2 1 1 1665 3407 4042
8147 2 2 1 1 3248 3815 4057
8148 2 2 1 1 2176 3749 4002
8149 2 2 1 1 2517 3785 3996
8150 2 2 1 1 2461 3718 4053
8151 2 2 1 1 3062 3210 3966
8152 2 2 1 1 2210 3653 4017
8153 2 2 1 1 2687 3994 3995
8154 2 2 1 1 3640 1508 4031
8155 2 2 1 1 3815 2395 4088
8156 2 2 1 1 1863 3754 3984
8157 2 2 1 1 3834 3378 4083
8158 2 2 1 1 3652 3066 4064
8159 2 2 1 1 3614 329 3945
8160 2 2 1 1 1879 3709 4010
8161 2 2 1 1 2224 3733 4019
8162 2 2 1 1 3922 2216 4066
8163 2 2 1 1 2325 3892 4075
8164 2 2 1 1 3810 2193 4085
8165 2 2 1 1 3709 2345 4010
8166 2 2 1 1 4013 2453 4090
8167 2 2 1 1 1931 3859 3999
8168 2 2 1 1 332 331 25
8169 2 2 1 1 411 412 3216
8170 2 2 1 1 413 414 3216
8171 2 2 1 1 856 1 112
8172 2 2 1 1 36 413 412
8173 2 2 1 1 38 434 433
8174 2 2 1 1 627 626 71
8175 2 2 1 1 722 721 88
8176 2 2 1 1 331 333 330
8177 2 2 1 1 332 333 331
8178 2 2 1 1 1744 1742 1826
$EndElements
