$MeshFormat
2.2 0 8
$EndMeshFormat
$Nodes
1685
1 -1.24 -2.24 0
2 -0.76 -2.24 0
3 -0.76 -1.76 0
4 -1.24 -1.76 0
5 -0.24 -2.24 0
6 0.24 -2.24 0
7 0.24 -1.76 0
8 -0.24 -1.76 0
9 0.76 -2.24 0
10 1.24 -2.24 0
11 1.24 -1.76 0
12 0.76 -1.76 0
13 1.76 -2.24 0
14 2.24 -2.24 0
15 2.24 -1.76 0
16 1.76 -1.76 0
17 -1.24 -1.24 0
18 -0.76 -1.24 0
19 -0.76 -0.76 0
20 -1.24 -0.76 0
21 -0.24 -1.24 0
22 0.24 -1.24 0
23 0.24 -0.76 0
24 -0.24 -0.76 0
25 1.76 -1.24 0
26 2.24 -1.24 0
27 2.24 -0.76 0
28 1.76 -0.76 0
29 -2.24 -0.24 0
30 -1.76 -0.24 0
31 -1.76 0.24 0
32 -2.24 0.24 0
33 -0.24 -0.24 0
34 0.24 -0.24 0
35 0.24 0.24 0
36 -0.24 0.24 0
37 1.76 -0.24 0
38 2.24 -0.24 0
39 2.24 0.24 0
40 1.76 0.24 0
41 -3.24 0.76 0
42 -2.76 0.76 0
43 -2.76 1.24 0
44 -3.24 1.24 0
45 -2.24 0.76 0
46 -1.76 0.76 0
47 -1.76 1.24 0
48 -2.24 1.24 0
49 1.76 0.76 0
50 2.24 0.76 0
51 2.24 1.24 0
52 1.76 1.24 0
53 2.76 0.76 0
54 3.24 0.76 0
55 3.24 1.24 0
56 2.76 1.24 0
57 -3.24 1.76 0
58 -2.76 1.76 0
59 -2.76 2.24 0
60 -3.24 2.24 0
61 -0.24 1.76 0
62 0.24 1.76 0
63 0.24 2.24 0
64 -0.24 2.24 0
65 1.76 1.76 0
66 2.24 1.76 0
67 2.24 2.24 0
68 1.76 2.24 0
69 2.76 1.76 0
70 3.24 1.76 0
71 3.24 2.24 0
72 2.76 2.24 0
73 -3.24 -1.76 0
74 -3.24 -2.24 0
75 -2.76 -2.24 0
76 -2.76 -1.76 0
77 -2.86 -1.76 0
78 -2.86 -1.24 0
79 -2.76 -1.24 0
80 -2.76 -1.14 0
81 -2.24 -1.14 0
82 -2.24 -1.24 0
83 -2.14 -1.24 0
84 -2.14 -1.76 0
85 -2.24 -1.76 0
86 -2.24 -2.24 0
87 -1.76 -2.24 0
88 -1.76 -2.14 0
89 -1.24 -2.14 0
90 -1.24 -1.86 0
91 -1.76 -1.86 0
92 -1.76 -1.76 0
93 -1.86 -1.76 0
94 -1.86 -1.24 0
95 -1.76 -1.24 0
96 -1.76 -1.14 0
97 -1.24 -1.14 0
98 -1.24 -0.8599999999999999 0
99 -1.76 -0.8599999999999999 0
100 -1.76 -0.76 0
101 -2.24 -0.76 0
102 -2.24 -0.8599999999999999 0
103 -2.76 -0.8599999999999999 0
104 -2.76 -0.76 0
105 -2.86 -0.7600000000000002 0
106 -2.86 -0.24 0
107 -2.76 -0.24 0
108 -2.76 -0.14 0
109 -2.24 -0.14 0
110 -1.76 -0.14 0
111 -1.24 -0.14 0
112 -1.24 -0.24 0
113 -0.76 -0.24 0
114 -0.76 0.24 0
115 -0.8599999999999999 0.24 0
116 -0.8599999999999999 0.76 0
117 -0.76 0.76 0
118 -0.76 0.86 0
119 -0.24 0.86 0
120 -0.24 0.76 0
121 -0.14 0.76 0
122 -0.14 0.24 0
123 -0.14 -0.24 0
124 -0.14 -0.76 0
125 0.14 -0.76 0
126 0.14 -0.24 0
127 0.14 0.24 0
128 0.14 0.76 0
129 0.24 0.76 0
130 0.24 0.86 0
131 0.76 0.86 0
132 0.76 0.76 0
133 0.86 0.76 0
134 0.86 0.24 0
135 0.76 0.24 0
136 0.76 -0.24 0
137 0.86 -0.24 0
138 0.86 -0.76 0
139 0.76 -0.76 0
140 0.76 -1.24 0
141 1.24 -1.24 0
142 1.24 -1.14 0
143 1.76 -1.14 0
144 2.24 -1.14 0
145 2.76 -1.14 0
146 2.76 -1.24 0
147 2.86 -1.24 0
148 2.86 -1.76 0
149 2.76 -1.76 0
150 2.76 -1.86 0
151 2.24 -1.86 0
152 1.76 -1.86 0
153 1.24 -1.86 0
154 0.76 -1.86 0
155 0.24 -1.86 0
156 0.24 -2.14 0
157 0.76 -2.14 0
158 1.24 -2.14 0
159 1.76 -2.14 0
160 2.24 -2.14 0
161 2.76 -2.14 0
162 2.76 -2.24 0
163 3.24 -2.24 0
164 3.24 -1.76 0
165 3.14 -1.76 0
166 3.14 -1.24 0
167 3.24 -1.24 0
168 3.24 -0.76 0
169 2.76 -0.76 0
170 2.76 -0.8599999999999999 0
171 2.24 -0.8599999999999999 0
172 1.76 -0.8599999999999999 0
173 1.24 -0.8599999999999999 0
174 1.24 -0.76 0
175 1.14 -0.76 0
176 1.14 -0.24 0
177 1.24 -0.24 0
178 1.24 -0.14 0
179 1.76 -0.14 0
180 2.24 -0.14 0
181 2.76 -0.14 0
182 2.76 -0.24 0
183 3.24 -0.24 0
184 3.24 0.24 0
185 3.14 0.24 0
186 3.14 0.76 0
187 3.14 1.24 0
188 3.14 1.76 0
189 2.86 1.76 0
190 2.86 1.24 0
191 2.86 0.76 0
192 2.86 0.24 0
193 2.76 0.24 0
194 2.76 0.14 0
195 2.24 0.14 0
196 1.76 0.14 0
197 1.24 0.14 0
198 1.24 0.24 0
199 1.14 0.24 0
200 1.14 0.76 0
201 1.24 0.76 0
202 1.24 0.86 0
203 1.76 0.86 0
204 1.76 1.14 0
205 1.24 1.14 0
206 1.24 1.24 0
207 1.14 1.24 0
208 1.14 1.76 0
209 1.24 1.76 0
210 1.24 1.86 0
211 1.76 1.86 0
212 1.76 2.14 0
213 1.24 2.14 0
214 1.24 2.24 0
215 0.76 2.24 0
216 0.76 1.76 0
217 0.86 1.76 0
218 0.86 1.24 0
219 0.76 1.24 0
220 0.76 1.14 0
221 0.24 1.14 0
222 0.24 1.24 0
223 -0.24 1.24 0
224 -0.24 1.14 0
225 -0.76 1.14 0
226 -0.76 1.24 0
227 -0.8599999999999999 1.24 0
228 -0.8599999999999999 1.76 0
229 -0.76 1.76 0
230 -0.7600000000000002 1.86 0
231 -0.24 1.86 0
232 -0.24 2.14 0
233 -0.7600000000000002 2.14 0
234 -0.76 2.24 0
235 -1.24 2.24 0
236 -1.24 2.14 0
237 -1.76 2.14 0
238 -1.76 2.24 0
239 -2.24 2.24 0
240 -2.24 2.14 0
241 -2.76 2.14 0
242 -2.76 1.86 0
243 -2.24 1.86 0
244 -2.24 1.76 0
245 -2.14 1.76 0
246 -2.14 1.24 0
247 -1.86 1.24 0
248 -1.86 1.76 0
249 -1.76 1.76 0
250 -1.76 1.86 0
251 -1.24 1.86 0
252 -1.24 1.76 0
253 -1.14 1.76 0
254 -1.14 1.24 0
255 -1.24 1.24 0
256 -1.24 0.76 0
257 -1.14 0.76 0
258 -1.14 0.24 0
259 -1.24 0.24 0
260 -1.24 0.14 0
261 -1.76 0.14 0
262 -2.24 0.14 0
263 -2.76 0.14 0
264 -2.76 0.24 0
265 -2.86 0.24 0
266 -2.86 0.76 0
267 -3.14 0.76 0
268 -3.14 0.24 0
269 -3.24 0.24 0
270 -3.24 -0.24 0
271 -3.14 -0.24 0
272 -3.14 -0.7600000000000002 0
273 -3.24 -0.76 0
274 -3.24 -1.24 0
275 -3.14 -1.24 0
276 -3.14 -1.76 0
277 -1 -2 0
278 -1.12 -2.24 0
279 -1.000000000000001 -2.24 0
280 -0.8800000000000003 -2.24 0
281 -0.8799999999999999 -1.76 0
282 -0.9999999999999993 -1.76 0
283 -1.12 -1.76 0
284 -0.1200000000000001 -2.24 0
285 -6.106226635438361e-16 -2.24 0
286 0.1199999999999996 -2.24 0
287 0.1200000000000001 -1.76 0
288 6.106226635438361e-16 -1.76 0
289 -0.1199999999999996 -1.76 0
290 0.8799999999999999 -2.24 0
291 0.9999999999999993 -2.24 0
292 1.12 -2.24 0
293 1.12 -1.76 0
294 1.000000000000001 -1.76 0
295 0.8800000000000003 -1.76 0
296 1.88 -2.24 0
297 2 -2.24 0
298 2.12 -2.24 0
299 2.12 -1.76 0
300 2.000000000000001 -1.76 0
301 1.880000000000001 -1.76 0
302 -1.12 -1.24 0
303 -1.000000000000001 -1.24 0
304 -0.8800000000000003 -1.24 0
305 -0.8799999999999999 -0.76 0
306 -0.9999999999999993 -0.76 0
307 -1.12 -0.76 0
308 0.24 -1.12 0
309 0.24 -1.000000000000001 0
310 0.24 -0.8800000000000003 0
311 -0.24 -0.8799999999999999 0
312 -0.24 -0.9999999999999993 0
313 -0.24 -1.12 0
314 1.88 -1.24 0
315 2 -1.24 0
316 2.12 -1.24 0
317 2.12 -0.76 0
318 2.000000000000001 -0.76 0
319 1.880000000000001 -0.76 0
320 -2.12 -0.24 0
321 -2.000000000000001 -0.24 0
322 -1.880000000000001 -0.24 0
323 -1.88 0.24 0
324 -2 0.24 0
325 -2.12 0.24 0
326 0.24 -0.1200000000000001 0
327 0.24 -6.106226635438361e-16 0
328 0.24 0.1199999999999996 0
329 -0.24 0.1200000000000001 0
330 -0.24 6.106226635438361e-16 0
331 -0.24 -0.1199999999999996 0
332 1.88 -0.24 0
333 2 -0.24 0
334 2.12 -0.24 0
335 2.12 0.24 0
336 2.000000000000001 0.24 0
337 1.880000000000001 0.24 0
338 -2.76 0.8799999999999999 0
339 -2.76 0.9999999999999993 0
340 -2.76 1.12 0
341 -3.24 1.12 0
342 -3.24 1.000000000000001 0
343 -3.24 0.8800000000000003 0
344 -1.76 0.8799999999999999 0
345 -1.76 0.9999999999999993 0
346 -1.76 1.12 0
347 -2.24 1.12 0
348 -2.24 1.000000000000001 0
349 -2.24 0.8800000000000003 0
350 1.88 0.76 0
351 2 0.76 0
352 2.12 0.76 0
353 2.12 1.24 0
354 2.000000000000001 1.24 0
355 1.880000000000001 1.24 0
356 3.24 0.8799999999999999 0
357 3.24 0.9999999999999993 0
358 3.24 1.12 0
359 2.76 1.12 0
360 2.76 1.000000000000001 0
361 2.76 0.8800000000000003 0
362 -3.12 1.76 0
363 -3.000000000000001 1.76 0
364 -2.880000000000001 1.76 0
365 -2.88 2.24 0
366 -3 2.24 0
367 -3.12 2.24 0
368 -0.1200000000000001 1.76 0
369 -6.106226635438361e-16 1.76 0
370 0.1199999999999996 1.76 0
371 0.1200000000000001 2.24 0
372 6.106226635438361e-16 2.24 0
373 -0.1199999999999996 2.24 0
374 1.88 1.76 0
375 2 1.76 0
376 2.12 1.76 0
377 2.12 2.24 0
378 2.000000000000001 2.24 0
379 1.880000000000001 2.24 0
380 3.24 1.88 0
381 3.24 2 0
382 3.24 2.12 0
383 2.76 2.12 0
384 2.76 2.000000000000001 0
385 2.76 1.880000000000001 0
386 -3.24 -1.88 0
387 -3.24 -2 0
388 -3.24 -2.12 0
389 -3.12 -2.24 0
390 -3.000000000000001 -2.24 0
391 -2.880000000000001 -2.24 0
392 -2.76 -2.12 0
393 -2.76 -2.000000000000001 0
394 -2.76 -1.880000000000001 0
395 -2.86 -1.63 0
396 -2.86 -1.500000000000001 0
397 -2.86 -1.37 0
398 -2.63 -1.14 0
399 -2.500000000000001 -1.14 0
400 -2.370000000000001 -1.14 0
401 -2.14 -1.37 0
402 -2.14 -1.5 0
403 -2.14 -1.63 0
404 -2.24 -1.88 0
405 -2.24 -2 0
406 -2.24 -2.12 0
407 -2.12 -2.24 0
408 -2.000000000000001 -2.24 0
409 -1.880000000000001 -2.24 0
410 -1.63 -2.14 0
411 -1.500000000000001 -2.14 0
412 -1.37 -2.14 0
413 -0.76 -2.12 0
414 -0.76 -2.000000000000001 0
415 -0.76 -1.880000000000001 0
416 -1.37 -1.86 0
417 -1.5 -1.86 0
418 -1.63 -1.86 0
419 -1.86 -1.63 0
420 -1.86 -1.500000000000001 0
421 -1.86 -1.37 0
422 -1.63 -1.14 0
423 -1.500000000000001 -1.14 0
424 -1.37 -1.14 0
425 -0.76 -1.12 0
426 -0.76 -1.000000000000001 0
427 -0.76 -0.8800000000000003 0
428 -1.37 -0.8599999999999999 0
429 -1.5 -0.8599999999999999 0
430 -1.63 -0.8599999999999999 0
431 -1.88 -0.76 0
432 -2 -0.76 0
433 -2.12 -0.76 0
434 -2.37 -0.8599999999999999 0
435 -2.5 -0.8599999999999999 0
436 -2.63 -0.8599999999999999 0
437 -2.86 -0.6300000000000003 0
438 -2.86 -0.5000000000000007 0
439 -2.86 -0.3700000000000003 0
440 -2.63 -0.14 0
441 -2.500000000000001 -0.14 0
442 -2.370000000000001 -0.14 0
443 -1.63 -0.14 0
444 -1.500000000000001 -0.14 0
445 -1.37 -0.14 0
446 -1.12 -0.24 0
447 -1.000000000000001 -0.24 0
448 -0.8800000000000003 -0.24 0
449 -0.76 -0.1200000000000001 0
450 -0.76 -6.106226635438361e-16 0
451 -0.76 0.1199999999999996 0
452 -0.8599999999999999 0.3699999999999998 0
453 -0.8599999999999999 0.4999999999999994 0
454 -0.8599999999999999 0.6299999999999997 0
455 -0.6300000000000002 0.86 0
456 -0.5000000000000006 0.86 0
457 -0.3700000000000003 0.86 0
458 -0.14 0.6300000000000002 0
459 -0.14 0.5000000000000006 0
460 -0.14 0.3700000000000003 0
461 -0.14 -0.3699999999999998 0
462 -0.14 -0.4999999999999994 0
463 -0.14 -0.6299999999999997 0
464 -0.1200000000000001 -1.24 0
465 -6.106226635438361e-16 -1.24 0
466 0.1199999999999996 -1.24 0
467 0.14 -0.6300000000000002 0
468 0.14 -0.5000000000000006 0
469 0.14 -0.3700000000000003 0
470 0.14 0.3699999999999998 0
471 0.14 0.4999999999999994 0
472 0.14 0.6299999999999997 0
473 0.3699999999999998 0.86 0
474 0.4999999999999994 0.86 0
475 0.6299999999999997 0.86 0
476 0.86 0.6300000000000002 0
477 0.86 0.5000000000000006 0
478 0.86 0.3700000000000003 0
479 0.76 0.1200000000000001 0
480 0.76 6.106226635438361e-16 0
481 0.76 -0.1199999999999996 0
482 0.86 -0.3699999999999998 0
483 0.86 -0.4999999999999994 0
484 0.86 -0.6299999999999997 0
485 0.76 -0.8799999999999999 0
486 0.76 -0.9999999999999993 0
487 0.76 -1.12 0
488 0.8799999999999999 -1.24 0
489 0.9999999999999993 -1.24 0
490 1.12 -1.24 0
491 1.37 -1.14 0
492 1.5 -1.14 0
493 1.63 -1.14 0
494 2.37 -1.14 0
495 2.5 -1.14 0
496 2.629999999999999 -1.14 0
497 2.86 -1.37 0
498 2.86 -1.5 0
499 2.86 -1.63 0
500 2.63 -1.86 0
501 2.5 -1.86 0
502 2.370000000000001 -1.86 0
503 1.63 -1.86 0
504 1.5 -1.86 0
505 1.37 -1.86 0
506 0.6300000000000002 -1.86 0
507 0.5000000000000006 -1.86 0
508 0.3700000000000003 -1.86 0
509 -0.24 -1.88 0
510 -0.24 -2 0
511 -0.24 -2.12 0
512 0.3699999999999998 -2.14 0
513 0.4999999999999994 -2.14 0
514 0.6299999999999997 -2.14 0
515 1.37 -2.14 0
516 1.5 -2.14 0
517 1.63 -2.14 0
518 2.37 -2.14 0
519 2.5 -2.14 0
520 2.629999999999999 -2.14 0
521 2.88 -2.24 0
522 2.999999999999999 -2.24 0
523 3.119999999999999 -2.24 0
524 3.24 -2.12 0
525 3.24 -2.000000000000001 0
526 3.24 -1.880000000000001 0
527 3.14 -1.63 0
528 3.14 -1.500000000000001 0
529 3.14 -1.37 0
530 3.24 -1.12 0
531 3.24 -1.000000000000001 0
532 3.24 -0.8800000000000003 0
533 3.12 -0.76 0
534 3 -0.76 0
535 2.88 -0.76 0
536 2.63 -0.8599999999999999 0
537 2.5 -0.8599999999999999 0
538 2.370000000000001 -0.8599999999999999 0
539 1.63 -0.8599999999999999 0
540 1.5 -0.8599999999999999 0
541 1.37 -0.8599999999999999 0
542 1.14 -0.6300000000000002 0
543 1.14 -0.5000000000000006 0
544 1.14 -0.3700000000000003 0
545 1.37 -0.14 0
546 1.5 -0.14 0
547 1.63 -0.14 0
548 2.37 -0.14 0
549 2.5 -0.14 0
550 2.629999999999999 -0.14 0
551 2.88 -0.24 0
552 2.999999999999999 -0.24 0
553 3.119999999999999 -0.24 0
554 3.24 -0.1200000000000001 0
555 3.24 -6.106226635438361e-16 0
556 3.24 0.1199999999999996 0
557 3.14 0.3699999999999998 0
558 3.14 0.4999999999999994 0
559 3.14 0.6299999999999997 0
560 3.14 1.37 0
561 3.14 1.5 0
562 3.14 1.63 0
563 3.12 2.24 0
564 3 2.24 0
565 2.88 2.24 0
566 2.86 1.63 0
567 2.86 1.5 0
568 2.86 1.37 0
569 2.86 0.6300000000000002 0
570 2.86 0.5000000000000006 0
571 2.86 0.3700000000000003 0
572 2.63 0.14 0
573 2.5 0.14 0
574 2.370000000000001 0.14 0
575 1.63 0.14 0
576 1.5 0.14 0
577 1.37 0.14 0
578 1.14 0.3699999999999998 0
579 1.14 0.4999999999999994 0
580 1.14 0.6299999999999997 0
581 1.37 0.86 0
582 1.5 0.86 0
583 1.63 0.86 0
584 2.24 0.8799999999999999 0
585 2.24 0.9999999999999993 0
586 2.24 1.12 0
587 1.63 1.14 0
588 1.5 1.14 0
589 1.37 1.14 0
590 1.14 1.37 0
591 1.14 1.5 0
592 1.14 1.63 0
593 1.37 1.86 0
594 1.5 1.86 0
595 1.63 1.86 0
596 2.24 1.88 0
597 2.24 2 0
598 2.24 2.12 0
599 1.63 2.14 0
600 1.5 2.14 0
601 1.37 2.14 0
602 1.12 2.24 0
603 1.000000000000001 2.24 0
604 0.8800000000000003 2.24 0
605 0.76 2.12 0
606 0.76 2.000000000000001 0
607 0.76 1.880000000000001 0
608 0.86 1.63 0
609 0.86 1.5 0
610 0.86 1.37 0
611 0.6300000000000002 1.14 0
612 0.5000000000000006 1.14 0
613 0.3700000000000003 1.14 0
614 0.1200000000000001 1.24 0
615 6.106226635438361e-16 1.24 0
616 -0.1199999999999996 1.24 0
617 -0.3699999999999998 1.14 0
618 -0.4999999999999994 1.14 0
619 -0.6299999999999997 1.14 0
620 -0.8599999999999999 1.37 0
621 -0.8599999999999999 1.5 0
622 -0.8599999999999999 1.63 0
623 -0.6300000000000003 1.86 0
624 -0.5000000000000007 1.86 0
625 -0.3700000000000003 1.86 0
626 0.24 1.88 0
627 0.24 2 0
628 0.24 2.12 0
629 -0.3699999999999999 2.14 0
630 -0.4999999999999996 2.14 0
631 -0.6299999999999999 2.14 0
632 -0.8799999999999999 2.24 0
633 -0.9999999999999993 2.24 0
634 -1.12 2.24 0
635 -1.37 2.14 0
636 -1.5 2.14 0
637 -1.63 2.14 0
638 -1.88 2.24 0
639 -2 2.24 0
640 -2.12 2.24 0
641 -2.37 2.14 0
642 -2.5 2.14 0
643 -2.63 2.14 0
644 -3.24 2.12 0
645 -3.24 2.000000000000001 0
646 -3.24 1.880000000000001 0
647 -2.63 1.86 0
648 -2.500000000000001 1.86 0
649 -2.370000000000001 1.86 0
650 -2.14 1.63 0
651 -2.14 1.5 0
652 -2.14 1.37 0
653 -2.12 0.76 0
654 -2.000000000000001 0.76 0
655 -1.880000000000001 0.76 0
656 -1.86 1.37 0
657 -1.86 1.5 0
658 -1.86 1.63 0
659 -1.63 1.86 0
660 -1.500000000000001 1.86 0
661 -1.37 1.86 0
662 -1.14 1.63 0
663 -1.14 1.5 0
664 -1.14 1.37 0
665 -1.24 1.12 0
666 -1.24 1.000000000000001 0
667 -1.24 0.8800000000000003 0
668 -1.14 0.6300000000000002 0
669 -1.14 0.5000000000000006 0
670 -1.14 0.3700000000000003 0
671 -1.37 0.14 0
672 -1.5 0.14 0
673 -1.63 0.14 0
674 -2.37 0.14 0
675 -2.5 0.14 0
676 -2.63 0.14 0
677 -2.86 0.3699999999999998 0
678 -2.86 0.4999999999999994 0
679 -2.86 0.6299999999999997 0
680 -2.88 1.24 0
681 -3 1.24 0
682 -3.12 1.24 0
683 -3.14 0.6300000000000002 0
684 -3.14 0.5000000000000006 0
685 -3.14 0.3700000000000003 0
686 -3.24 0.1200000000000001 0
687 -3.24 6.106226635438361e-16 0
688 -3.24 -0.1199999999999996 0
689 -3.14 -0.3699999999999999 0
690 -3.14 -0.4999999999999996 0
691 -3.14 -0.6299999999999999 0
692 -3.24 -0.8799999999999999 0
693 -3.24 -0.9999999999999993 0
694 -3.24 -1.12 0
695 -3.14 -1.37 0
696 -3.14 -1.5 0
697 -3.14 -1.63 0
698 -2.059649687833102 0.1452523944599906 0
699 1.94037242089558 0.1452124445173428 0
700 0.8520423721963235 1.930467106755369 0
701 2.051201491556832 -0.1429614458261845 0
702 1.961028940578506 -1.860925050475615 0
703 1.961069571476935 -0.8611050425769804 0
704 1.957134116505071 1.145440234111411 0
705 -2.040085994278945 -0.8737585413675086 0
706 1.957159921152 2.145453301774563 0
707 2.959092018877506 -0.8571927666650359 0
708 -2.929089471364302 1.847333740806323 0
709 0.9610289405785042 -1.860925050475618 0
710 -1.851099845394477 1.068494212615174 0
711 -0.8416256340830146 0.05909560678405334 0
712 -1.948868065230063 -0.1429817006063365 0
713 2.854559232135697 1.957215482537682 0
714 -0.04050489613591735 1.125780226107984 0
715 -2.040489578090221 2.125769524429152 0
716 -1.047680775442879 -0.8394405741192696 0
717 2.050507324224799 -1.136807058276128 0
718 -0.1390751755203108 -0.0389707715437555 0
719 0.1454342833691831 -0.9571519602588356 0
720 0.8743730093213871 -0.04075702784198132 0
721 2.0505073242248 -2.136807058276127 0
722 3.158293487839222 0.05944559998217658 0
723 -3.126241458632492 -0.04008599427894466 0
724 -2.854562959096999 -1.957149396497095 0
725 0.1368070582761254 0.05050732422480309 0
726 -1.959091928711068 -2.142807168666448 0
727 2.860924824479687 0.9610292284562374 0
728 -3.145437040903002 0.9571493964970936 0
729 1.041064720423433 -1.142831579965059 0
730 0.04768077544287852 -2.160559425880731 0
731 -0.04284007884800012 2.145453301774561 0
732 3.136807058276123 1.050507324224801 0
733 -1.140409496688553 0.9432711919393166 0
734 -3.125780226107983 -1.040504896135917 0
735 1.0505073242248 -2.136807058276129 0
736 -1.050317001704577 2.134510862835545 0
737 3.1427472882875 -1.958314652273071 0
738 2.949148140295094 -0.1329137819923338 0
739 2.937029951335633 -2.142847496407912 0
740 -2.142782192123367 -1.937053451045959 0
741 3.142782196676438 -1.062946545688514 0
742 -1.050644717698122 -0.1323117479248541 0
743 1.050834543615236 2.14141145537133 0
744 0.8572312586463413 -0.9370549917716269 0
745 -3.152980005794833 -1.929548606721994 0
746 3.153015825473482 1.92960348042347 0
747 -2.949356433954762 2.143093190004512 0
748 -1.060000000000001 -1.136076951545868 0
749 -0.07045501531359433 1.84702176790279 0
750 -0.1529800807306394 -0.9295486615991737 0
751 -2.847019994205166 0.929548606721994 0
752 -2.13332469553503 1.051309368551113 0
753 0.06000000000000094 -1.863923048454132 0
754 1.92954590286823 0.8470218756931733 0
755 1.929544984686405 1.84702176790279 0
756 2.303943722015366 -2.05175044854113 0
757 2.196860032117918 -2.044691994645206 0
758 -2.677268706649593 -0.03836028629185617 0
759 -2.801811127734659 -0.04023979398103528 0
760 1.697668974223815 1.049749552822713 0
761 1.808675255171766 1.042009314276983 0
762 -0.3056080122954254 1.050351432029343 0
763 -0.1935980237186135 1.027969952689852 0
764 1.050351432029346 0.3056080122954268 0
765 1.032425873149276 0.2038819895129649 0
766 -2.038360286291856 -1.322731293350409 0
767 -2.040239793981035 -1.198188872265342 0
768 -1.673748864102155 -2.050530324401708 0
769 -1.805473860993644 -2.0221974498715 0
770 0.6943919877045759 1.050351432029343 0
771 0.8119028868526112 1.028439473532694 0
772 1.038345080570387 -0.6773180888667343 0
773 1.040294199366491 -0.8030428079999761 0
774 -2.677267580896824 -1.038360632965686 0
775 -2.802484582252287 -1.040186293785498 0
776 -2.305608012295425 -0.9496485679706566 0
777 -2.193653512041212 -0.9720386343314285 0
778 2.303949764260867 -1.051744216449649 0
779 2.196850622419458 -1.044702013158612 0
780 2.673867491617962 -0.9487496720986159 0
781 2.805473860993637 -0.9778025501284999 0
782 0.3038568111735054 -2.046981899373173 0
783 0.1978989654165959 -2.032696368972884 0
784 2.304544896900689 -0.04542381478793089 0
785 2.195133447237481 -0.04388228630244351 0
786 -1.697119699005092 -0.05088503088056839 0
787 -1.805247066687459 -0.04541290511732177 0
788 -0.03836063296568559 0.677267580896824 0
789 -0.04018629378549754 0.8024845822522888 0
790 -0.04902438255503938 -0.2999130926149609 0
791 -0.04772416964700943 -0.1806716462078808 0
792 0.9496485679706561 -0.3056080122954241 0
793 0.9724534573120183 -0.1937681424594015 0
794 1.299954309393652 1.04658934454786 0
795 1.186131394664082 1.051307006584755 0
796 1.051153398144788 1.695739659809139 0
797 1.040651543694543 1.806650694205361 0
798 -3.049211003115313 -1.305085664751871 0
799 -3.027969952689852 -1.193598023718612 0
800 -3.050351432029343 -0.3056080122954237 0
801 -3.027961365668572 -0.1936535120412122 0
802 0.9616306502339165 0.6772392764416075 0
803 0.9590380771607867 0.8020711271431828 0
804 2.961654919429611 -1.322681911133259 0
805 2.959705800633502 -1.196957192000015 0
806 2.950421401981473 1.698868144707554 0
807 2.958102296429958 1.808993503947843 0
808 1.697591805108066 2.049239452258427 0
809 1.808678605350404 2.041865123306132 0
810 -0.302408194891933 2.049239452258427 0
811 -0.1913213946495951 2.041865123306132 0
812 -1.694749586155179 -1.047164659280645 0
813 -1.795748862013734 -1.031938202938018 0
814 -1.304000716399167 -0.9527926781847573 0
815 -1.19792579173242 -0.9672615927266739 0
816 -0.9487386073399264 0.2974460373134824 0
817 -0.946404799434486 0.1900012113312188 0
818 -0.6952001858519909 1.045431921443798 0
819 -0.8068593155861477 1.042050376372516 0
820 0.04939924492519765 -0.6988038521969244 0
821 0.04192574801651983 -0.8089596385974795 0
822 0.3003233813205477 1.046582374902442 0
823 0.1882386817192039 1.051964508246838 0
824 2.677318088866715 -1.961654919429605 0
825 2.803042807999953 -1.959705800633511 0
826 1.302780583980143 -2.050849405097706 0
827 1.196575513195268 -2.044507094830318 0
828 -0.9483129932544405 1.304200768966508 0
829 -0.9537810045632078 1.19850196606279 0
830 -2.03856684207776 1.323200080291874 0
831 0.05176476290467225 0.3039059526863475 0
832 0.04470767704281942 0.1968393532184298 0
833 2.950975159680798 0.7000856642259237 0
834 2.952275751879137 0.8193281406791226 0
835 0.9617257406183497 1.322451790396585 0
836 0.9574974849318303 1.198156771972776 0
837 -3.049615648354113 0.6986642360466373 0
838 -3.041979887130982 0.8089292360899698 0
839 -1.050351432029343 0.6943919877045768 0
840 -1.040431666671775 0.8010604692241468 0
841 -2.305453493571179 -0.04614933234956586 0
842 -2.195792836444312 -0.04280017259039903 0
843 1.326432918678554 -1.05025568640272 0
844 1.194526139006357 -1.022197449871501 0
845 1.694391987704574 -0.9496485679706563 0
846 1.818114079943967 -0.9519974994759857 0
847 1.304483871479697 -0.04367050326872435 0
848 1.195375890094979 -0.04132741102094539 0
849 -1.96165491942961 -1.677318088866729 0
850 -1.959705800633506 -1.803042807999969 0
851 -1.313556090999434 -1.964614474021165 0
852 0.6999920696614881 -1.951045602367158 0
853 0.8192970889815845 -1.952299608816868 0
854 1.304718724101511 2.043870316073083 0
855 1.191611554991764 2.028358555126254 0
856 -0.9562403852478605 1.695694893453618 0
857 -0.9632359507555699 1.804258149877091 0
858 -2.306161908890972 2.043069611463105 0
859 -2.193677151803692 2.026929692608965 0
860 -2.69634664748151 2.050800548965998 0
861 -2.043878062248155 1.695278069202399 0
862 -2.036801077317135 1.804009433231021 0
863 1.69642248131501 -0.05158623168900212 0
864 1.804556649392232 -0.044245738691433 0
865 2.694391987704577 -0.05035143202934522 0
866 2.802659906099905 -0.0354795876658085 0
867 -3.046582374902443 -0.6996766186794523 0
868 -3.051964508246839 -0.8117613182807966 0
869 -1.304718724101507 -0.04387031607308556 0
870 -1.197264474155718 -0.03492847236340024 0
871 1.699991893156223 -1.951045747113912 0
872 1.819297058723543 -1.952299633630591 0
873 -0.6952812758984885 2.043870316073082 0
874 -0.8076485302559337 2.027389023401646 0
875 -1.302182038191967 2.045843466369199 0
876 -1.194867047079652 2.04936302400089 0
877 -1.701858226714205 2.052202611801743 0
878 -1.809923020017145 2.052340803151933 0
879 -2.950384351645888 -1.698664236046638 0
880 -2.958020112869018 -1.808929236089971 0
881 3.051250327901384 -1.673867491617966 0
882 3.022184624770393 -1.805490053972946 0
883 3.051695543550644 0.2970542912906216 0
884 3.054767083702361 0.1893770846370244 0
885 -2.952752665123063 0.3051451001592906 0
886 -2.968045444665917 0.2042303080053038 0
887 3.050852805201285 1.3027632184615 0
888 3.044503591061308 1.196578206033391 0
889 2.939039218148199 2.126874403628478 0
890 -1.94567470671793 0.8570745517844336 0
891 -3.060966884015994 1.126869202932106 0
892 -2.939033115984006 -2.126869202932106 0
893 0.126863023863713 2.0609669013555 0
894 -3.139502574340282 1.941421378193914 0
895 -0.1430382009253246 -2.05543529714373 0
896 -0.8569617990746758 -0.9445647028562703 0
897 0.06096642362454219 -1.126869653199943 0
898 2.126866368699815 1.060967661797794 0
899 2.126863023863715 2.060966901355501 0
900 -2.804735444037613 2.042362399631852 0
901 -2.038149371483795 1.197561110281183 0
902 -1.186572879019329 -1.95347135113135 0
903 3.038616978993066 -1.440816743165897 0
904 -1.045453847160137 1.458371713917167 0
905 -1.044225195840682 0.4564109723664362 0
906 0.5366171139081581 0.9523196161600169 0
907 1.540125970227296 -1.048187081617611 0
908 1.536617113908161 0.9523196161600218 0
909 1.539835259222807 1.949756654274298 0
910 1.54328369934258 -2.044979378013054 0
911 0.5433112216343874 -2.044976935306002 0
912 -0.04599171677931757 0.4577276373697199 0
913 -0.04487446253403071 -0.5426853768027575 0
914 0.9647356695291895 -0.5613818705984701 0
915 -1.964261055644071 1.439319719294 0
916 -2.561127387958471 0.03572534080990009 0
917 -0.4601647407771954 0.9497566542742919 0
918 2.955774804159319 1.456410972366431 0
919 -0.4601647407771927 1.949756654274298 0
920 2.955124115920385 0.4571122680058242 0
921 0.9540082832206829 0.4577276373697203 0
922 -2.561362076532527 -0.9647419800839621 0
923 -2.543227556414096 1.954434803461494 0
924 2.543227556414092 0.04556519653850843 0
925 -2.955774804159321 0.5435890276335633 0
926 -2.038486469853116 -1.559468996293505 0
927 -2.95231961616002 -0.463382886091841 0
928 -3.044225195840681 -1.543589027633564 0
929 -1.436475002852328 -2.035379096789352 0
930 -1.542091297072466 1.952470332924632 0
931 -1.539835259222807 0.05024334572570854 0
932 -1.543589027633564 -0.9557748041593201 0
933 1.541861501488373 0.04627415292412218 0
934 2.561416737372012 -2.035120763211046 0
935 0.9540082832206824 1.542272362630279 0
936 2.566292114732536 -1.031518633907134 0
937 0.8794678648957834 0.8607901788102974 0
938 0.9731962345629794 0.9024082685787835 0
939 1.070524087188623 0.8433885241611212 0
940 1.058074053733658 0.9493351119636833 0
941 0.9782511273226082 1.000458523306756 0
942 1.072652987996651 1.051526903382515 0
943 0.8655613251877274 1.133875146546529 0
944 -0.8663391336411834 1.137344168895468 0
945 -0.9101964030753971 1.038606773278683 0
946 -0.8474100788057033 0.9338421475621765 0
947 -0.9650713243679987 0.9564691995430366 0
948 -1.014144247093996 1.048511706832651 0
949 1.138140813048046 -0.1253912383549198 0
950 1.094155456722536 -0.03412891546913466 0
951 1.152431264292197 0.05183955108368865 0
952 1.049911182293353 0.05229871049910528 0
953 -0.87438183376169 1.862361731954226 0
954 -0.9767393090447518 1.90872834844561 0
955 -1.074306318288785 1.844676208388528 0
956 -1.070775256015353 1.950617398813894 0
957 -0.9874345659426793 2.02633424632174 0
958 -0.1228934250071552 0.8620121792401991 0
959 -0.0279830244351964 0.9058427217519998 0
960 0.07109056838856542 0.8446224630203658 0
961 0.05991660360474071 0.9540831436426047 0
962 -2.862016223397224 -0.1229327340599142 0
963 -2.90696838507772 -0.033124852400781 0
964 -2.847447235979898 0.05272561817189159 0
965 -2.951207274943137 0.05319611074810604 0
966 -2.122932734059914 -1.137983776602776 0
967 -2.033124852400781 -1.093031614922282 0
968 -1.947274381828108 -1.152552764020104 0
969 -1.946803889251893 -1.048792725056863 0
970 -2.8620121792402 -1.122893425007156 0
971 -2.905842721751999 -1.027983024435196 0
972 -2.844622463020364 -0.928909431611433 0
973 -2.954083143642603 -0.9400833963952575 0
974 -2.122420307919982 1.861939718337542 0
975 -2.02666135066802 1.905898424700516 0
976 -1.928087049171168 1.84486947191993 0
977 -1.939243804729773 1.953661520637306 0
978 2.859356314857241 -1.863861569803681 0
979 2.910537141161922 -1.968142707014459 0
980 1.136117608977733 -0.8593601063753549 0
981 1.031857292985564 -0.9105371411619292 0
982 -1.863863610146864 -1.859360559994281 0
983 -1.968142707014437 -1.91053714116193 0
984 2.863876497579218 -1.140616734304132 0
985 2.968142707014417 -1.089462858838062 0
986 1.122067112169686 1.86298405959729 0
987 1.024657331934772 1.913848712398821 0
988 3.044685768717571 0.5437399628515762 0
989 3.043653490692676 1.544353660379242 0
990 2.457782297687631 -1.954094745583156 0
991 2.45892287796647 -0.9529267326586079 0
992 0.03373413768068811 0.5621744753755213 0
993 0.0447505155263066 -0.4561319975162128 0
994 -2.457819614388107 -1.045973035857183 0
995 -3.042672212019485 0.4544327531928327 0
996 -2.957327787980516 -1.454432753192833 0
997 -1.454432753192833 -1.042672212019484 0
998 1.03352151821938 1.437568287280815 0
999 -1.965417804870736 -1.438787507266076 0
1000 -0.9564586033826639 0.5441896888976303 0
1001 -1.563804637035702 -1.964696912531209 0
1002 1.045972256320124 -0.4578219806591712 0
1003 1.033724655347885 0.5621708089413331 0
1004 2.965438199002675 -1.564559950531444 0
1005 0.4568465126804688 -1.95565212852113 0
1006 1.456766104951923 -1.955804690064266 0
1007 1.433435052295102 -0.9680695084200184 0
1008 0.9909862276150649 -0.03018800519986375 0
1009 0.9440032268964127 0.05724562511897879 0
1010 -2.02425103087867 2.009300983228817 0
1011 -1.925382878111806 2.057790691018145 0
1012 -3.009459757012822 -1.024774356690632 0
1013 -3.057806314230915 -0.9260058579689561 0
1014 -0.02477435669063333 1.009459757012822 0
1015 0.07399414203104504 1.057806314230914 0
1016 1.142181756476322 1.131099010149246 0
1017 -2.029265391336058 -0.9871387348816798 0
1018 -1.941681935827511 -0.9430308497382509 0
1019 -3.012861265118322 -0.0292653913360581 0
1020 -3.056969150261749 0.05831806417248897 0
1021 -0.8605520105487461 -2.059447989451255 0
1022 -0.9401433005799356 -1.861932164536619 0
1023 -1.055054261455635 -2.131320076854185 0
1024 2.855722407793877 -2.063989064599085 0
1025 -2.064520583713143 -1.855475547864919 0
1026 0.9355028792039342 -0.8554788887698519 0
1027 3.064520595391205 -1.144524443759412 0
1028 0.4356753997148499 1.030032893593607 0
1029 -2.440820980213557 -0.03501056833224192 0
1030 -3.030032893593609 -0.5643246002851499 0
1031 -1.438391895426601 -0.03004757436864081 0
1032 -2.034697095447364 1.560654637552592 0
1033 -1.437304670872338 2.0303638345057 0
1034 -0.5615682223389156 2.029944056268348 0
1035 -2.438967381247294 2.033620953975545 0
1036 -0.5616350230706795 1.030384838721436 0
1037 -0.9662913561219306 1.563048611646409 0
1038 2.438271369670219 -0.03135070849540411 0
1039 1.435535642533234 1.029994210899006 0
1040 1.438431777661084 2.029944056268349 0
1041 1.436888683356485 -0.03297000013809037 0
1042 1.149327664816624 0.9050094990182256 0
1043 -0.8532935611068022 2.128260059823459 0
1044 0.9333041499671819 1.852589456319066 0
1045 -0.9252992125640342 0.8512126903579742 0
1046 -0.9399809442982456 -0.1383559616367562 0
1047 -0.9952629384800833 -0.03167800675298027 0
1048 0.8714599353576076 -1.058329783727801 0
1049 -2.128682674231707 -2.05831941054942 0
1050 3.128682693327086 -0.9416805757551294 0
1051 0.9399448389753262 2.138060659963152 0
1052 1.00266109528533 2.035622594201053 0
1053 3.05867098361313 -0.1401349051343215 0
1054 3.00488633891749 -0.03229194188742435 0
1055 3.058514598198853 -2.12747116014983 0
1056 2.978703286142348 -2.038709678780287 0
1057 3.028146377950542 -1.932766738996535 0
1058 3.042519173368512 -1.023058621556987 0
1059 2.932592336444981 -0.9718750747920404 0
1060 0.9576306294712182 -0.9769630087250769 0
1061 1.067474137588807 -1.028203718657684 0
1062 -2.042519096716018 -1.976941323466863 0
1063 -1.932591933641991 -2.028124636312541 0
1064 0.1368367153746854 -0.05465021874127896 0
1065 0.04389827462851326 -0.008836027723005291 0
1066 0.04041080711168377 -0.1108140186472995 0
1067 3.136836715374692 0.9453497812587166 0
1068 3.043898274628515 0.9911639722769832 0
1069 3.040410807111699 0.8891859813526901 0
1070 -2.051490938873953 -0.1416716525853339 0
1071 -2.000109038379395 -0.06549915556187647 0
1072 0.9453497812587139 -2.136836715374692 0
1073 0.9911638123579785 -2.043898400171555 0
1074 0.889185981352687 -2.040410807111697 0
1075 1.94853636868017 -0.1417693314411617 0
1076 1.999942377624781 -0.06583943207883225 0
1077 1.945349781258713 -1.136836715374692 0
1078 1.991157023685117 -1.043893878672332 0
1079 1.889185981352682 -1.040410807111699 0
1080 1.945349781258718 -2.136836715374684 0
1081 1.991163812357982 -2.043898400171547 0
1082 1.8891859813527 -2.04041080711168 0
1083 -1.130418207330942 1.055680368265976 0
1084 -1.055945069883038 1.150388882746283 0
1085 2.86284051669939 1.058125000000006 0
1086 -0.1371594833005978 0.05812499999999954 0
1087 1.058124999999999 -1.862840516699404 0
1088 -1.940841610301453 0.1456202800936537 0
1089 2.059200232337957 0.1456453844422141 0
1090 2.058125000000004 -0.8628405166994024 0
1091 2.058125000000003 -1.862840516699403 0
1092 0.1508512991235156 0.9059322174611117 0
1093 -2.90593221746111 -0.8491487008764818 0
1094 -1.848938505695654 1.90650234883613 0
1095 -0.1448463051805549 -1.938778702459711 0
1096 -0.03017081061389915 -1.989620087647877 0
1097 -0.855153694819446 -1.061221297540289 0
1098 -0.9698302231018454 -1.010378282840623 0
1099 -3.124874556519497 2.06096964924261 0
1100 -3.033561665889117 1.985808687608481 0
1101 -0.05860760486979144 -1.139220857631321 0
1102 -0.01426294037476472 -1.036376952708527 0
1103 -3.058607604869793 -2.139220857631323 0
1104 -3.014261015458717 -2.0363755070465 0
1105 -2.062004874192774 0.8548793747182621 0
1106 -2.016701083299347 0.9680545449314413 0
1107 2.139220857631325 0.9413923951302055 0
1108 2.036364905660911 0.9857412516632174 0
1109 2.139220857631328 1.941392395130204 0
1110 2.036359466257927 1.985736837193523 0
1111 -2.941392395130206 1.139220857631322 0
1112 -2.985738984541282 1.036375507046498 0
1113 0.1392208576313245 1.941392395130204 0
1114 0.03635946625792608 1.985736837193522 0
1115 3.058607604869803 2.139220857631332 0
1116 3.014287606105727 2.036388972033039 0
1117 -1.154635486986375 1.904848896595141 0
1118 0.8938225618870534 0.958406044257373 0
1119 3.125848645619064 -0.04879504147184943 0
1120 3.150732976865395 -2.062360966648992 0
1121 0.8719740562263034 2.04762507180778 0
1122 -0.8741575126853078 -0.04878649754774145 0
1123 3.063321743817028 -0.8492331727311826 0
1124 0.9368403291872136 -1.150778835062005 0
1125 -2.063321720713588 -2.150766810698736 0
1126 -1.050511280374768 -1.86560555845853 0
1127 2.847710931971786 2.062372010395437 0
1128 0.06235667721828975 2.152294564007215 0
1129 -3.152291698623253 1.06235852755577 0
1130 -2.847708301376747 -2.06235852755577 0
1131 -1.872888988430725 0.9509983509032085 0
1132 -0.05135198724509049 -2.130692669272485 0
1133 -0.9486482359109374 -0.8693069743056827 0
1134 -3.047593012619407 1.868113210797127 0
1135 0.1522910306474108 -1.06235912565443 0
1136 2.062354545048537 1.152292703735673 0
1137 2.062356677218292 2.152294564007218 0
1138 1.043434251129125 0.7554939913411656 0
1139 1.047137714887183 1.151713273000647 0
1140 1.043703801782321 1.243442799654137 0
1141 -2.109094613369625 1.961599039013801 0
1142 -2.961886616667255 -1.109485126022061 0
1143 -0.1094851260220615 0.9618866166672544 0
1144 -2.962850881632241 -0.1112195946185355 0
1145 -2.111219594618535 -1.037149118367759 0
1146 -0.8903019295477046 1.964122355335134 0
1147 1.107936100273005 1.968174231427018 0
1148 2.047983039086597 1.868068468899104 0
1149 3.131948388556301 2.047998870872472 0
1150 2.047984317222829 0.8680691560258951 0
1151 -3.131931744158903 -2.047986727610728 0
1152 0.04798303908659474 1.868068468899105 0
1153 -3.059335255978867 2.151875166703908 0
1154 -2.868068255841096 1.047986727610727 0
1155 -0.1319320598262039 -1.047986964775999 0
1156 -2.137829082562874 0.9359715241701942 0
1157 -2.025845967982433 1.08483548528846 0
1158 -1.930726285211597 1.147125649815535 0
1159 -0.9355866288984283 -1.139998848413022 0
1160 -1.094242407173692 -0.9985568061355794 0
1161 -0.06441337110157219 -1.860001151586979 0
1162 0.09423591452896396 -2.001433001331904 0
1163 0.1422595167218459 1.123531407488333 0
1164 -3.123531407488336 -0.8577404832781597 0
1165 -1.857740483278154 2.123531407488338 0
1166 1.244433072445049 0.04345274232321961 0
1167 1.038087362991587 -0.1120050998218762 0
1168 -1.043456629634988 1.755582260572422 0
1169 -1.956541129426917 1.755591099673864 0
1170 -2.755591099673864 -0.9565411294269146 0
1171 0.04345887057308984 0.7555910996738695 0
1172 -1.956540149916074 -1.244405036767529 0
1173 -2.755594963232473 0.04345985008392672 0
1174 1.122282159944709 0.1450260480983552 0
1175 0.9704088191189215 1.096686483291929 0
1176 -1.854411011925192 -1.122027960267541 0
1177 -2.87797203973246 0.1455889880748069 0
1178 1.224094762537357 0.9657258120336434 0
1179 0.7494272123075438 0.9581038323935589 0
1180 -1.030734509262722 1.245654937737365 0
1181 -0.7494272123075332 1.958103832393552 0
1182 -0.7538288755452389 0.9663055838606516 0
1183 0.225293440046876 0.9659645374438344 0
1184 -3.036552710854957 0.2503437445769872 0
1185 -1.749640457983475 -0.963434887502018 0
1186 -2.965964537443835 -0.7747065599531227 0
1187 0.9640659820895694 0.2501454270617112 0
1188 0.9245035951879843 0.1589213585846068 0
1189 -1.774425781148703 1.968569822426055 0
1190 -1.840626353824848 -0.9240272840665809 0
1191 -3.075969678796351 0.1593697774144487 0
1192 2.92687724951842 -1.803958492016777 0
1193 1.195924443850109 -0.926865932616973 0
1194 -1.803929533430825 -1.926841693055171 0
1195 2.804016925836388 -1.073001389301582 0
1196 2.755764537377327 -2.043502841463148 0
1197 -2.043502841463155 -1.755764537377361 0
1198 0.9564971585368345 -0.7557645373773854 0
1199 3.04350284146317 -1.244235462622587 0
1200 -0.9400000000000004 -2.143923048454133 0
1201 -0.8560769515458682 -1.94 0
1202 0.9686618507329463 1.754529211111523 0
1203 1.754914331607955 0.02908814829187323 0
1204 1.855928734240202 0.05883884895725222 0
1205 -2.245241209270392 0.03183751155903458 0
1206 -2.144093784756664 0.05905984000501929 0
1207 2.751479893326653 0.03594657052308881 0
1208 2.839598660209764 0.08053373661256868 0
1209 2.899485948371811 -0.02097816335126712 0
1210 2.946695329067085 0.06825558169643786 0
1211 -1.248609138766009 0.03852110887518334 0
1212 -1.160482339893278 0.08086440741637935 0
1213 -1.100408693320077 -0.01948684850076488 0
1214 -1.056456547559199 0.06968622894272736 0
1215 1.250572787692468 1.95810383239355 0
1216 1.245110414246307 -1.9715304180769 0
1217 1.144757605599906 -1.945036343973887 0
1218 2.245591888659215 -0.9718051174960063 0
1219 2.144757605599901 -0.9450363439738922 0
1220 2.244438288090731 0.03223914753416235 0
1221 2.143087144879766 0.0600510182864884 0
1222 2.245654389533177 -1.971738773855429 0
1223 2.144757605599906 -1.945036343973887 0
1224 -1.755687623806134 0.0292878445737208 0
1225 -1.857066672242141 0.05983914125788869 0
1226 -0.02818144559227775 0.2455680849531197 0
1227 -0.05496365602611641 0.1447576055999114 0
1228 2.971505996099967 1.245143935629917 0
1229 2.945036343973886 1.144757605599907 0
1230 -1.033168886799781 0.2284345443560425 0
1231 -0.9662944717116932 0.7528278201869849 0
1232 -2.250572787692457 -1.041896167606443 0
1233 1.041896167606442 -0.2505727876924571 0
1234 -0.2505727876924606 0.9581038323935567 0
1235 -2.958103832393558 -1.250572787692457 0
1236 -2.958103832393557 -0.2505727876924546 0
1237 2.968394081823502 0.2272461393094445 0
1238 -2.250572787692475 1.958103832393556 0
1239 -1.229355894589342 1.965198779945051 0
1240 0.7801088816454205 -2.042026493232181 0
1241 1.780108881645423 -2.042026493232173 0
1242 0.04195868691567473 -0.2198047454293965 0
1243 1.778848826443138 -1.041662874951203 0
1244 3.041958686915679 0.7801952545705984 0
1245 1.292957268664551 -0.9474865249850395 0
1246 2.706738096999254 -1.05190268109054 0
1247 -1.706316842024757 -1.947337458662715 0
1248 2.947597382908862 -1.706490989904025 0
1249 -1.956998579050516 1.246213253434709 0
1250 1.755764910892732 0.9674718353517537 0
1251 1.853676909245042 0.9286636206830781 0
1252 1.927213006766367 1.034671855269869 0
1253 0.2498319203080683 -1.962487719525874 0
1254 0.1679253111243075 -1.925745595982765 0
1255 -3.032549962808655 -1.756183578762489 0
1256 -3.071342972073915 -1.853685341745492 0
1257 -2.965335641856202 -1.927263049625515 0
1258 -1.249831920308069 -1.037512280474123 0
1259 -1.16793105564536 -1.074245398822971 0
1260 -0.03263809001878304 -0.7562103383289245 0
1261 -0.07134297207391516 -0.8536853417454937 0
1262 0.03465424647912974 -0.9272691051972637 0
1263 -2.967450037191345 0.7561835787624882 0
1264 -2.928657027926085 0.8536853417454906 0
1265 -3.034664358143798 0.9272630496255139 0
1266 1.755895255518401 1.967160119193594 0
1267 1.853676909245039 1.92866362068308 0
1268 1.927213896778778 2.034648802044382 0
1269 -0.2441047444815978 1.967160119193595 0
1270 -0.1463230907549598 1.928663620683083 0
1271 -0.07278610322122114 2.034648802044382 0
1272 3.032623621642306 1.75624100315643 0
1273 3.071631811188283 1.853743149521329 0
1274 2.965405061802675 1.927299640722576 0
1275 -2.754154428521197 1.968057893361154 0
1276 -2.851900513470773 1.930030768000483 0
1277 -2.920282083547209 2.026607940620269 0
1278 -1.31417979735782 -2.065523664007368 0
1279 -2.091033348228672 -0.04103209722882806 0
1280 1.909009533594286 -0.04129824098584112 0
1281 -0.9494566737785104 2.140067245896855 0
1282 -2.148935181405586 -0.1205169621149613 0
1283 1.851064818594414 -0.1205169621149698 0
1284 -0.9499292153195462 0.07918678614950991 0
1285 0.9013522743875324 1.044388281542351 0
1286 -1.943821808639462 2.157488472183964 0
1287 0.05510112756928054 1.157495859195821 0
1288 -3.157495859195819 -0.9448988724307246 0
1289 0.1246146413630616 -0.1488810025136105 0
1290 1.851118997486385 -2.124614641363051 0
1291 3.124614641363076 0.8511189974863851 0
1292 0.8511189974863842 -2.124614641363076 0
1293 1.851118997486384 -1.124614641363074 0
1294 2.096408219713363 -1.039769198507517 0
1295 1.096408219713366 -2.039769198507519 0
1296 3.039769198507508 1.096408219713362 0
1297 2.096408219713366 -2.039769198507516 0
1298 0.03976919850751415 0.09640821971336999 0
1299 3.049759872955676 0.08052671545196244 0
1300 -1.108039818481666 -2.033628613884444 0
1301 2.091151379304205 -0.04059839960969347 0
1302 -1.908983908613132 -0.04100230659219162 0
1303 2.954094081291537 0.9257640651043126 0
1304 0.9257631055902569 -1.954094834549744 0
1305 1.92572237355311 -0.9540677055544149 0
1306 -0.04590591870846428 -0.07423593489567537 0
1307 1.925763105590262 -1.954094834549737 0
1308 2.85184557086813 -0.1240776815809892 0
1309 1.145901263935146 2.131530434873937 0
1310 -1.148215730090324 -0.1243496706586522 0
1311 2.844979130539959 -2.155014927894281 0
1312 -2.154991448041515 -1.844989574002351 0
1313 0.8450096154211 -0.8449897343529666 0
1314 3.154991448582396 -1.155010425609715 0
1315 0.8460317880824091 0.07139144054118907 0
1316 2.150396255626404 -2.11985720332932 0
1317 2.147578845088777 -0.1295617241091924 0
1318 2.15039625562641 -1.119857203329317 0
1319 1.150396255626411 -2.119857203329317 0
1320 3.1198572033293 1.150396255626418 0
1321 -1.852624505541994 -0.1297170894764101 0
1322 0.119857203329317 0.1503962556264105 0
1323 -3.154347072865657 0.07172420647818489 0
1324 -1.928275793521815 -0.8456529271343438 0
1325 1.999813117553826 0.03743023193270423 0
1326 -2.000254007193508 0.03746258520480783 0
1327 -1.098606333411296 0.1577933437415591 0
1328 2.903546229974609 0.1558050691129416 0
1329 -1.157619471172188 1.154707078686686 0
1330 2.858636210913817 -0.8733687635586809 0
1331 1.141402608772864 -1.126649173858478 0
1332 -1.150396255626409 2.119857203329317 0
1333 -1.09894175051535 2.043116973663876 0
1334 3.135858920621368 0.1454963259307722 0
1335 -2.147098467285814 2.128377338728004 0
1336 3.126622311360643 -1.858534163796778 0
1337 0.8717222466991039 -0.1473316367132154 0
1338 -1.858636125180016 -2.126631174951947 0
1339 -3.128550715408151 -1.147085279271637 0
1340 -0.1470852792716384 1.128550715408151 0
1341 -3.128649916412805 -0.1469582152545295 0
1342 -1.119857203329319 0.8496037443735904 0
1343 -1.040787680396262 0.8983265727217544 0
1344 -2.146958215254529 -0.8713500835871955 0
1345 -0.8640414424102199 0.1450777453185004 0
1346 1.860535310610313 -0.8661950412678965 0
1347 1.860732490596699 -1.86621991977599 0
1348 2.866215776275059 0.8607378788212583 0
1349 -0.1337842106459646 -0.1392620856599054 0
1350 0.860732495639704 -1.866219915640371 0
1351 1.132677966194266 0.9820799812080518 0
1352 0.8456520367614133 1.845516873761043 0
1353 -0.9613543188466087 1.113423040579538 0
1354 1.857739010563621 2.131476020130804 0
1355 1.857734003090624 1.131501716219668 0
1356 2.868529616118096 1.85781504455144 0
1357 0.1314838619207634 -0.8577937240256872 0
1358 -0.1422609894363793 2.131476020130803 0
1359 -1.131548585113031 -0.8804569180731909 0
1360 -2.868504970027079 -1.857787220385521 0
1361 0.131543755778027 -2.119535459062089 0
1362 -3.131495029972922 0.8577872203855197 0
1363 1.847292447085215 0.1493601435820802 0
1364 -2.152708725290717 0.1493716487386565 0
1365 1.148944595937174 -1.85387099752997 0
1366 -0.1461290024700275 0.1489445959371709 0
1367 2.148944595937177 -1.853870997529983 0
1368 2.148944595937177 -0.8538709975299863 0
1369 2.853870997530011 1.14894459593717 0
1370 -1.848079294707795 0.1511675557149545 0
1371 2.151928713263987 0.1511785863807353 0
1372 2.955471787209535 1.03976846200802 0
1373 2.039768462008044 -0.9554717872095375 0
1374 1.039768462008053 -1.95547178720955 0
1375 -0.04452821279046137 0.03976846200805007 0
1376 2.039768462008051 -1.955471787209541 0
1377 1.334140563074735 0.9487538160254982 0
1378 -0.6591563465384374 1.948776141264206 0
1379 -0.659674797482352 0.9502034739247649 0
1380 -1.214916982966203 -2.050883832667934 0
1381 0.3346249606891996 0.9489788261306145 0
1382 -2.948978826130615 -0.6653750393108004 0
1383 1.05874671686661 1.327036983694105 0
1384 1.058581458993282 0.6724529036741225 0
1385 1.34020558298167 0.04882164922347343 0
1386 -2.671932329558627 0.05922624645345964 0
1387 -1.9410445570368 -1.327764953320403 0
1388 0.05859662078785277 0.6724996834591996 0
1389 -2.672106150502088 -0.9408743102812704 0
1390 -1.951169294800224 1.659819551821852 0
1391 -1.048827393994043 1.659810361591818 0
1392 -2.845728993589931 2.138677255042772 0
1393 -2.136220005833543 1.155617660686792 0
1394 -2.340865931579803 0.04907722273011883 0
1395 -1.9412622524509 1.328659185462933 0
1396 1.340843653461563 1.948776141264208 0
1397 -1.340580155679538 0.05053992539602392 0
1398 3.059153333048509 -1.327808679695605 0
1399 0.9408466669514928 -0.6721913203043826 0
1400 -2.059153333048505 -1.672191320304373 0
1401 2.672191320304353 -2.059153333048495 0
1402 2.339425876270933 0.05045078854398843 0
1403 -1.336124449627334 1.94897557130037 0
1404 -2.346861080435401 1.953576301776763 0
1405 0.9413239902188906 1.957071238643141 0
1406 -1.84359823874848 1.152001467709599 0
1407 1.099161158780936 2.060795857165353 0
1408 -1.162673120152239 -2.139397425855317 0
1409 -3.044225944258184 0.3435377008621314 0
1410 0.6564622991378677 0.95577405574182 0
1411 -1.042318570432095 1.342429420526634 0
1412 -1.656462299137868 -0.9557740557418206 0
1413 -1.66362451331684 1.957931044759068 0
1414 0.9557740557418453 0.3435377008621403 0
1415 0.9574443536993416 1.65754393600436 0
1416 1.657663793092328 0.04243386288254936 0
1417 2.342401451015848 -0.9575430138978787 0
1418 2.342710587932694 -1.957215082116922 0
1419 1.341438368456217 -1.95725924648259 0
1420 1.044225944258176 -0.3435377008621348 0
1421 -2.95577405574182 -1.343537700862133 0
1422 -2.343537700862133 -1.04422594425818 0
1423 -0.956280784583952 0.6573248301472669 0
1424 0.04476514667612186 -0.3341413137084825 0
1425 3.044753319511198 0.6658324476004434 0
1426 2.656462299137868 0.04422594425817383 0
1427 -1.659004681095978 0.04289801760860579 0
1428 2.957137240263354 1.341620648054787 0
1429 -0.04241601188276656 0.3423375132609094 0
1430 -1.042712943402621 0.3355045492567985 0
1431 -2.955774055741819 -0.3435377008621332 0
1432 -0.3435377008621368 0.9557740557418271 0
1433 2.957461212262413 0.335301741795837 0
1434 1.665577917719995 -2.044673069923467 0
1435 0.6655786252001676 -2.044672489739876 0
1436 1.662481942249419 -1.043625214828591 0
1437 0.3435377008621341 -1.955774055741816 0
1438 -1.343537700862133 -1.044225944258179 0
1439 3.042962598611817 1.659600217605423 0
1440 -0.894259715231041 2.053184742495664 0
1441 1.658804974374716 0.9569373625199686 0
1442 -3.043002377454455 -1.659639079930344 0
1443 -0.04317247096171739 -0.6596028591047245 0
1444 -2.956997622545547 0.6596390799303427 0
1445 1.6595317365861 1.956031884886365 0
1446 -0.3404682634138982 1.956031884886365 0
1447 -2.657789537616088 1.95709575020744 0
1448 -1.862210421149219 1.982442126007516 0
1449 -2.982329297922001 -0.8622776825712033 0
1450 0.1377223174287958 0.982329297922004 0
1451 3.152153903091729 -0.1521539030917369 0
1452 3.15215390309174 -2.15215390309175 0
1453 0.847846096908258 2.152153903091745 0
1454 -0.8478460969082642 -0.1521539030917369 0
1455 0.847846096908266 -1.152153903091731 0
1456 -2.152153903091734 -2.152153903091734 0
1457 3.15215390309174 -0.8478460969082617 0
1458 -1.06577182102915 1.562842220376556 0
1459 -1.145008405227655 -1.866786984428192 0
1460 0.9956087582891966 0.1239979593626104 0
1461 0.9490923470054917 -0.1049838235675029 0
1462 -3.151824372576489 2.151824372576491 0
1463 -0.1518243725764945 -1.151824372576495 0
1464 -3.151824372576495 -2.151824372576495 0
1465 -2.848175627423505 1.151824372576494 0
1466 0.1518243725764949 1.848175627423508 0
1467 2.151824372576495 0.8481756274235122 0
1468 2.151824372576505 1.848175627423505 0
1469 3.151824372576506 2.151824372576509 0
1470 2.847846096908262 2.15215390309175 0
1471 0.1521539030917318 2.152153903091735 0
1472 2.152153903091736 2.15215390309174 0
1473 2.152153903091741 1.152153903091738 0
1474 -3.152153903091734 1.152153903091736 0
1475 -1.847846096908264 0.847846096908262 0
1476 -3.152153903091734 1.847846096908268 0
1477 0.1521539030917327 -1.152153903091734 0
1478 -2.847846096908266 -2.152153903091735 0
1479 -0.8478460969082668 -0.8478460969082653 0
1480 -0.1521539030917318 -2.152153903091733 0
1481 -0.1518243725764923 -1.848175627423506 0
1482 -0.8481756274235059 -1.151824372576495 0
1483 -2.151824372576499 0.8481756274235033 0
1484 0.8187650270527413 0.9139515275612311 0
1485 -0.1045838386811786 1.051359519606546 0
1486 -3.051359519606546 -1.104583838681177 0
1487 -2.104606966275357 2.051082704386636 0
1488 -2.104407039627744 -0.9483658951279557 0
1489 -3.051634104872045 -0.1044070396277437 0
1490 -1.875065762193708 -0.9949744265113232 0
1491 -3.005025573488672 0.1249342378062903 0
1492 1.435258663903226 0.9302135286169051 0
1493 -0.5591842846068036 0.9352186506218803 0
1494 -1.440830281758766 0.06483719515619368 0
1495 -2.442562859950366 0.06595839904155509 0
1496 -2.930266267176849 -0.5646165051375585 0
1497 0.4353834948624411 0.9302662671768478 0
1498 1.440845959618122 1.935122111481533 0
1499 -0.5591540403818787 1.935122111481532 0
1500 -0.8166400571747916 1.915009630043408 0
1501 0.8301070766540786 0.1660625598251593 0
1502 -3.170063350332402 0.1662187967785265 0
1503 -1.833780429469333 -0.8299360422401851 0
1504 -0.8336218293591173 0.8336218293591195 0
1505 1.435253303059014 0.06837608255663952 0
1506 -1.934025489178332 1.557958781733688 0
1507 1.084298344593027 -0.1835841332963832 0
1508 -1.165586211129072 -1.166064470073768 0
1509 0.1655850622248618 -1.83393372888738 0
1510 -0.8472351117466057 -2.152764888253396 0
1511 -0.8472351117466075 -1.847235111746607 0
1512 -2.182947337268317 1.914442186588289 0
1513 -0.1830780875440698 0.914675569694456 0
1514 -2.914675569694456 -1.183078087544068 0
1515 -2.183382965206041 -1.085164476622089 0
1516 -2.914835523377911 -0.1833829652060404 0
1517 -2.836200379899874 1.831476326952208 0
1518 2.439300702963959 0.06724010701310412 0
1519 -2.439300702963986 1.932759892986912 0
1520 -1.437363136248939 1.930913969543716 0
1521 1.17059832891719 0.8294016710828078 0
1522 3.168602852550101 1.836951294127141 0
1523 -0.1632934371831354 1.831254127131978 0
1524 -0.1687474880649704 -0.8367086287430017 0
1525 -3.16874748806497 -1.836708628743001 0
1526 -2.83125251193503 0.8367086287430006 0
1527 1.836706562816865 1.831254127131976 0
1528 1.836706562816866 0.8312541271319769 0
1529 0.1855648791804621 1.185882851872083 0
1530 -3.185882851872084 -0.8144351208195402 0
1531 -1.814435120819539 2.185882851872084 0
1532 2.428854621673374 -1.056415156346913 0
1533 2.428437321908254 -2.056856841548885 0
1534 3.068909866940385 -1.565000000000003 0
1535 -2.428517394006725 -0.9432399902252038 0
1536 0.9310901330596137 0.5650000000000022 0
1537 0.9432394787183078 -0.4285189369792681 0
1538 0.931090133059616 1.435000000000003 0
1539 -1.422708829954414 -0.9477517105720585 0
1540 0.4218722134279762 -2.050937782087734 0
1541 -0.06890986694038581 0.5649999999999986 0
1542 -0.04909393983020616 -0.418998046690326 0
1543 -1.052389481816555 0.5772159969583335 0
1544 1.43473937636406 -1.069012060908445 0
1545 -2.068909866940386 -1.435 0
1546 -3.053974321053997 -1.423899659559468 0
1547 2.950900301753146 0.5809738039545631 0
1548 -2.947691890959312 0.4227588475113255 0
1549 1.421326474094389 -2.050829512896512 0
1550 2.948836750719965 1.578382437052779 0
1551 -1.565000000000001 -2.068909866940387 0
1552 2.94524792505561 -1.883949846403232 0
1553 1.116021202601907 -0.9452855818529697 0
1554 -1.88399335398886 -1.945312996747359 0
1555 2.883996173609832 -1.05468498098474 0
1556 -1.148326345650721 1.982161721404708 0
1557 -2.571400479977076 2.057287268706206 0
1558 2.565000000000003 -1.93109013305961 0
1559 2.565661714870701 -0.9306361951552626 0
1560 2.571400479977077 -0.05728726870620582 0
1561 3.049553532279957 0.4203977521691331 0
1562 3.051970005818735 1.423236517852217 0
1563 -1.573371774965661 2.054343501401985 0
1564 1.068909866940384 -0.5650000000000015 0
1565 1.571400121997913 -0.05679367735555729 0
1566 1.056496926114097 1.571334739134584 0
1567 1.056388515112531 0.4287670297841668 0
1568 -0.4272211527764105 1.052083170785323 0
1569 -0.426131900332662 2.050035083591873 0
1570 -2.565 -1.068909866940386 0
1571 -0.9501449704353355 0.4207357415048301 0
1572 0.5727788472235886 1.052083170785321 0
1573 0.05647836022993102 0.4286907626847367 0
1574 1.573868099667337 2.050035083591874 0
1575 -1.435 -1.931090133059614 0
1576 0.05028278236374639 -0.5780565581558823 0
1577 2.933295631028072 -1.436680656328769 0
1578 0.5808334973341811 -1.951416068675221 0
1579 -2.565000000000001 -0.06890986694038692 0
1580 1.580825974059279 -1.95142749956019 0
1581 1.572493036018536 -0.9461350964094659 0
1582 -0.9430438668027552 1.428618298132239 0
1583 -1.934269364682573 -1.56298605761736 0
1584 -1.576645897795999 -1.051840809502017 0
1585 -1.572778847223591 -0.05208317078532376 0
1586 1.572778847223589 1.052083170785324 0
1587 -3.051270226588968 0.5772447375313656 0
1588 -2.06750293537371 1.43594619102137 0
1589 -3.052083170785323 -0.42722115277641 0
1590 -2.948729773411033 -1.577244737531367 0
1591 -1.187053932522581 -0.1860874176646634 0
1592 1.185464864303317 2.188330099277889 0
1593 2.812961392717032 -0.1860194203952474 0
1594 -2.181686076449186 -0.1899999999999993 0
1595 1.818313923550813 -0.1899999999999957 0
1596 -0.8133233902767003 2.187065014955864 0
1597 0.1715765236393101 0.8284234763606912 0
1598 -2.828423476360681 -0.828423476360681 0
1599 -1.828423476360678 1.828423476360681 0
1600 3.190000000000002 1.181694161312114 0
1601 2.186894711272195 -0.1873904310272982 0
1602 -1.813156126385499 -0.1874292723691027 0
1603 0.1900000000000022 0.1816941613121266 0
1604 2.181694161312114 -2.190000000000003 0
1605 2.181694161312122 -1.190000000000003 0
1606 1.181694161312127 -2.190000000000003 0
1607 3.070982071614282 -2.0162260843793 0
1608 1.183697925854486 1.914603446424018 0
1609 -2.020001818247017 -2.071320381884811 0
1610 0.9806712224339762 -1.07135774358744 0
1611 3.020001847605835 -0.9286795970586676 0
1612 -1.171301595584455 1.828698404415547 0
1613 3.186655577840161 -1.814633540949195 0
1614 3.189339806372384 0.1846785556613852 0
1615 2.814659052728453 -0.8133421908896703 0
1616 0.8129305616747753 -0.1868329091783041 0
1617 -1.814659031295004 -2.186657793737987 0
1618 -2.186774616821454 2.187094334682001 0
1619 -2.186739553813632 -0.8128375208967991 0
1620 -3.187137678852038 -1.186771319817909 0
1621 -1.181694161312131 2.190000000000003 0
1622 -3.187162479103201 -0.1867395538136327 0
1623 1.185350652193216 -1.18666229346462 0
1624 -0.1867713198179097 1.187137678852038 0
1625 -0.8105154901033456 0.1840284853006446 0
1626 -1.19 0.8183058386878725 0
1627 2.809999999999995 0.8183058386878832 0
1628 -0.1899999999999991 -0.1816941613121197 0
1629 1.818305838687888 -1.809999999999997 0
1630 0.8183058386878779 -1.809999999999996 0
1631 1.818305838687873 -0.8099999999999963 0
1632 -1.93933926767366 1.041313159104421 0
1633 -1.038218756848896 -0.9229191634153497 0
1634 0.03821822847244505 -2.077079971143326 0
1635 2.813111106340251 1.813381640100542 0
1636 0.1868888936597477 -0.8133816401005434 0
1637 1.813381640100543 2.186888893659747 0
1638 -3.186888893659748 0.8133816401005429 0
1639 0.182772406585312 -2.184979446105777 0
1640 -2.813111106340253 -1.813381640100543 0
1641 -1.182772364593333 -0.8150202901154628 0
1642 1.813381640100543 1.186888893659747 0
1643 -0.1866183598994575 2.186888893659747 0
1644 -2.958842922195756 1.934382139088121 0
1645 -1.184019640901302 -1.81086568678931 0
1646 -0.06584942023173701 -0.9589379089164725 0
1647 -3.065849210412484 -1.958937749298785 0
1648 -2.934150789587515 0.9589377492987836 0
1649 -0.04106840754598329 1.934152654643711 0
1650 3.065903310868603 1.958954413442964 0
1651 1.958931592454018 1.93415265464371 0
1652 1.958934181822849 0.9341529422711607 0
1653 -1.061880159059989 0.9765019765823921 0
1654 2.924821044638558 2.017988273114713 0
1655 2.017972881994596 1.075194423413099 0
1656 0.01796321520229505 2.075193277821501 0
1657 2.017963215202297 2.075193277821504 0
1658 -3.07519236372879 1.017978662813684 0
1659 -2.924807636271209 -2.017978662813685 0
1660 0.07519157379900809 -1.017979237376064 0
1661 0.8179696363734581 0.8179696363734648 0
1662 0.8113903312969315 1.188468786636632 0
1663 1.189835035781295 1.186702610216415 0
1664 -1.022550628553293 0.1498620895365494 0
1665 2.9828951217984 0.1459378479741451 0
1666 -0.8121828927524657 1.188827026654465 0
1667 -1.176434930332204 0.1731258622990408 0
1668 2.823694186948901 0.172857109085053 0
1669 -0.8180808371758834 1.81808083717589 0
1670 -1.097915976441017 -1.944914201786366 0
1671 1.181999226503605 -0.1819992265036066 0
1672 1.185570539986177 0.1912565120245886 0
1673 -1.808602752981298 -1.185506990066885 0
1674 -2.814493009933115 0.1913972470187018 0
1675 -2.818080837175875 -0.1819191628241263 0
1676 -0.1819191628241259 0.8180808371758759 0
1677 -2.818080837175875 -1.181919162824125 0
1678 -2.181919162824125 1.818080837175878 0
1679 -2.181919162824126 -1.181919162824126 0
1680 -3.009956172822457 2.075363788399845 0
1681 2.81127387595992 -1.190210719004363 0
1682 1.188738288110381 1.815601182112729 0
1683 -1.811273875959923 -1.809789280995637 0
1684 2.809789080264783 -1.811274142557771 0
1685 1.188726124040078 -0.8097892809956375 0
$EndNodes
$Elements
3368
1 1 2 1 9 1 278
2 1 2 1 9 278 279
3 1 2 1 9 279 280
4 1 2 1 9 280 2
5 1 2 1 11 3 281
6 1 2 1 11 281 282
7 1 2 1 11 282 283
8 1 2 1 11 283 4
9 1 2 1 13 5 284
10 1 2 1 13 284 285
11 1 2 1 13 285 286
12 1 2 1 13 286 6
13 1 2 1 15 7 287
14 1 2 1 15 287 288
15 1 2 1 15 288 289
16 1 2 1 15 289 8
17 1 2 1 17 9 290
18 1 2 1 17 290 291
19 1 2 1 17 291 292
20 1 2 1 17 292 10
21 1 2 1 19 11 293
22 1 2 1 19 293 294
23 1 2 1 19 294 295
24 1 2 1 19 295 12
25 1 2 1 21 13 296
26 1 2 1 21 296 297
27 1 2 1 21 297 298
28 1 2 1 21 298 14
29 1 2 1 23 15 299
30 1 2 1 23 299 300
31 1 2 1 23 300 301
32 1 2 1 23 301 16
33 1 2 1 37 17 302
34 1 2 1 37 302 303
35 1 2 1 37 303 304
36 1 2 1 37 304 18
37 1 2 1 39 19 305
38 1 2 1 39 305 306
39 1 2 1 39 306 307
40 1 2 1 39 307 20
41 1 2 1 42 22 308
42 1 2 1 42 308 309
43 1 2 1 42 309 310
44 1 2 1 42 310 23
45 1 2 1 44 24 311
46 1 2 1 44 311 312
47 1 2 1 44 312 313
48 1 2 1 44 313 21
49 1 2 1 49 25 314
50 1 2 1 49 314 315
51 1 2 1 49 315 316
52 1 2 1 49 316 26
53 1 2 1 51 27 317
54 1 2 1 51 317 318
55 1 2 1 51 318 319
56 1 2 1 51 319 28
57 1 2 1 61 29 320
58 1 2 1 61 320 321
59 1 2 1 61 321 322
60 1 2 1 61 322 30
61 1 2 1 63 31 323
62 1 2 1 63 323 324
63 1 2 1 63 324 325
64 1 2 1 63 325 32
65 1 2 1 70 34 326
66 1 2 1 70 326 327
67 1 2 1 70 327 328
68 1 2 1 70 328 35
69 1 2 1 72 36 329
70 1 2 1 72 329 330
71 1 2 1 72 330 331
72 1 2 1 72 331 33
73 1 2 1 77 37 332
74 1 2 1 77 332 333
75 1 2 1 77 333 334
76 1 2 1 77 334 38
77 1 2 1 79 39 335
78 1 2 1 79 335 336
79 1 2 1 79 336 337
80 1 2 1 79 337 40
81 1 2 1 86 42 338
82 1 2 1 86 338 339
83 1 2 1 86 339 340
84 1 2 1 86 340 43
85 1 2 1 88 44 341
86 1 2 1 88 341 342
87 1 2 1 88 342 343
88 1 2 1 88 343 41
89 1 2 1 90 46 344
90 1 2 1 90 344 345
91 1 2 1 90 345 346
92 1 2 1 90 346 47
93 1 2 1 92 48 347
94 1 2 1 92 347 348
95 1 2 1 92 348 349
96 1 2 1 92 349 45
97 1 2 1 105 49 350
98 1 2 1 105 350 351
99 1 2 1 105 351 352
100 1 2 1 105 352 50
101 1 2 1 107 51 353
102 1 2 1 107 353 354
103 1 2 1 107 354 355
104 1 2 1 107 355 52
105 1 2 1 110 54 356
106 1 2 1 110 356 357
107 1 2 1 110 357 358
108 1 2 1 110 358 55
109 1 2 1 112 56 359
110 1 2 1 112 359 360
111 1 2 1 112 360 361
112 1 2 1 112 361 53
113 1 2 1 113 57 362
114 1 2 1 113 362 363
115 1 2 1 113 363 364
116 1 2 1 113 364 58
117 1 2 1 115 59 365
118 1 2 1 115 365 366
119 1 2 1 115 366 367
120 1 2 1 115 367 60
121 1 2 1 125 61 368
122 1 2 1 125 368 369
123 1 2 1 125 369 370
124 1 2 1 125 370 62
125 1 2 1 127 63 371
126 1 2 1 127 371 372
127 1 2 1 127 372 373
128 1 2 1 127 373 64
129 1 2 1 133 65 374
130 1 2 1 133 374 375
131 1 2 1 133 375 376
132 1 2 1 133 376 66
133 1 2 1 135 67 377
134 1 2 1 135 377 378
135 1 2 1 135 378 379
136 1 2 1 135 379 68
137 1 2 1 138 70 380
138 1 2 1 138 380 381
139 1 2 1 138 381 382
140 1 2 1 138 382 71
141 1 2 1 140 72 383
142 1 2 1 140 383 384
143 1 2 1 140 384 385
144 1 2 1 140 385 69
145 1 2 1 141 73 386
146 1 2 1 141 386 387
147 1 2 1 141 387 388
148 1 2 1 141 388 74
149 1 2 1 142 74 389
150 1 2 1 142 389 390
151 1 2 1 142 390 391
152 1 2 1 142 391 75
153 1 2 1 143 75 392
154 1 2 1 143 392 393
155 1 2 1 143 393 394
156 1 2 1 143 394 76
157 1 2 1 144 76 77
158 1 2 1 145 77 395
159 1 2 1 145 395 396
160 1 2 1 145 396 397
161 1 2 1 145 397 78
162 1 2 1 146 78 79
163 1 2 1 147 79 80
164 1 2 1 148 80 398
165 1 2 1 148 398 399
166 1 2 1 148 399 400
167 1 2 1 148 400 81
168 1 2 1 149 81 82
169 1 2 1 150 82 83
170 1 2 1 151 83 401
171 1 2 1 151 401 402
172 1 2 1 151 402 403
173 1 2 1 151 403 84
174 1 2 1 152 84 85
175 1 2 1 153 85 404
176 1 2 1 153 404 405
177 1 2 1 153 405 406
178 1 2 1 153 406 86
179 1 2 1 154 86 407
180 1 2 1 154 407 408
181 1 2 1 154 408 409
182 1 2 1 154 409 87
183 1 2 1 155 87 88
184 1 2 1 156 88 410
185 1 2 1 156 410 411
186 1 2 1 156 411 412
187 1 2 1 156 412 89
188 1 2 1 157 89 1
189 1 2 1 158 2 413
190 1 2 1 158 413 414
191 1 2 1 158 414 415
192 1 2 1 158 415 3
193 1 2 1 159 4 90
194 1 2 1 160 90 416
195 1 2 1 160 416 417
196 1 2 1 160 417 418
197 1 2 1 160 418 91
198 1 2 1 161 91 92
199 1 2 1 162 92 93
200 1 2 1 163 93 419
201 1 2 1 163 419 420
202 1 2 1 163 420 421
203 1 2 1 163 421 94
204 1 2 1 164 94 95
205 1 2 1 165 95 96
206 1 2 1 166 96 422
207 1 2 1 166 422 423
208 1 2 1 166 423 424
209 1 2 1 166 424 97
210 1 2 1 167 97 17
211 1 2 1 168 18 425
212 1 2 1 168 425 426
213 1 2 1 168 426 427
214 1 2 1 168 427 19
215 1 2 1 169 20 98
216 1 2 1 170 98 428
217 1 2 1 170 428 429
218 1 2 1 170 429 430
219 1 2 1 170 430 99
220 1 2 1 171 99 100
221 1 2 1 172 100 431
222 1 2 1 172 431 432
223 1 2 1 172 432 433
224 1 2 1 172 433 101
225 1 2 1 173 101 102
226 1 2 1 174 102 434
227 1 2 1 174 434 435
228 1 2 1 174 435 436
229 1 2 1 174 436 103
230 1 2 1 175 103 104
231 1 2 1 176 104 105
232 1 2 1 177 105 437
233 1 2 1 177 437 438
234 1 2 1 177 438 439
235 1 2 1 177 439 106
236 1 2 1 178 106 107
237 1 2 1 179 107 108
238 1 2 1 180 108 440
239 1 2 1 180 440 441
240 1 2 1 180 441 442
241 1 2 1 180 442 109
242 1 2 1 181 109 29
243 1 2 1 182 30 110
244 1 2 1 183 110 443
245 1 2 1 183 443 444
246 1 2 1 183 444 445
247 1 2 1 183 445 111
248 1 2 1 184 111 112
249 1 2 1 185 112 446
250 1 2 1 185 446 447
251 1 2 1 185 447 448
252 1 2 1 185 448 113
253 1 2 1 186 113 449
254 1 2 1 186 449 450
255 1 2 1 186 450 451
256 1 2 1 186 451 114
257 1 2 1 187 114 115
258 1 2 1 188 115 452
259 1 2 1 188 452 453
260 1 2 1 188 453 454
261 1 2 1 188 454 116
262 1 2 1 189 116 117
263 1 2 1 190 117 118
264 1 2 1 191 118 455
265 1 2 1 191 455 456
266 1 2 1 191 456 457
267 1 2 1 191 457 119
268 1 2 1 192 119 120
269 1 2 1 193 120 121
270 1 2 1 194 121 458
271 1 2 1 194 458 459
272 1 2 1 194 459 460
273 1 2 1 194 460 122
274 1 2 1 195 122 36
275 1 2 1 196 33 123
276 1 2 1 197 123 461
277 1 2 1 197 461 462
278 1 2 1 197 462 463
279 1 2 1 197 463 124
280 1 2 1 198 124 24
281 1 2 1 199 21 464
282 1 2 1 199 464 465
283 1 2 1 199 465 466
284 1 2 1 199 466 22
285 1 2 1 200 23 125
286 1 2 1 201 125 467
287 1 2 1 201 467 468
288 1 2 1 201 468 469
289 1 2 1 201 469 126
290 1 2 1 202 126 34
291 1 2 1 203 35 127
292 1 2 1 204 127 470
293 1 2 1 204 470 471
294 1 2 1 204 471 472
295 1 2 1 204 472 128
296 1 2 1 205 128 129
297 1 2 1 206 129 130
298 1 2 1 207 130 473
299 1 2 1 207 473 474
300 1 2 1 207 474 475
301 1 2 1 207 475 131
302 1 2 1 208 131 132
303 1 2 1 209 132 133
304 1 2 1 210 133 476
305 1 2 1 210 476 477
306 1 2 1 210 477 478
307 1 2 1 210 478 134
308 1 2 1 211 134 135
309 1 2 1 212 135 479
310 1 2 1 212 479 480
311 1 2 1 212 480 481
312 1 2 1 212 481 136
313 1 2 1 213 136 137
314 1 2 1 214 137 482
315 1 2 1 214 482 483
316 1 2 1 214 483 484
317 1 2 1 214 484 138
318 1 2 1 215 138 139
319 1 2 1 216 139 485
320 1 2 1 216 485 486
321 1 2 1 216 486 487
322 1 2 1 216 487 140
323 1 2 1 217 140 488
324 1 2 1 217 488 489
325 1 2 1 217 489 490
326 1 2 1 217 490 141
327 1 2 1 218 141 142
328 1 2 1 219 142 491
329 1 2 1 219 491 492
330 1 2 1 219 492 493
331 1 2 1 219 493 143
332 1 2 1 220 143 25
333 1 2 1 221 26 144
334 1 2 1 222 144 494
335 1 2 1 222 494 495
336 1 2 1 222 495 496
337 1 2 1 222 496 145
338 1 2 1 223 145 146
339 1 2 1 224 146 147
340 1 2 1 225 147 497
341 1 2 1 225 497 498
342 1 2 1 225 498 499
343 1 2 1 225 499 148
344 1 2 1 226 148 149
345 1 2 1 227 149 150
346 1 2 1 228 150 500
347 1 2 1 228 500 501
348 1 2 1 228 501 502
349 1 2 1 228 502 151
350 1 2 1 229 151 15
351 1 2 1 230 16 152
352 1 2 1 231 152 503
353 1 2 1 231 503 504
354 1 2 1 231 504 505
355 1 2 1 231 505 153
356 1 2 1 232 153 11
357 1 2 1 233 12 154
358 1 2 1 234 154 506
359 1 2 1 234 506 507
360 1 2 1 234 507 508
361 1 2 1 234 508 155
362 1 2 1 235 155 7
363 1 2 1 236 8 509
364 1 2 1 236 509 510
365 1 2 1 236 510 511
366 1 2 1 236 511 5
367 1 2 1 237 6 156
368 1 2 1 238 156 512
369 1 2 1 238 512 513
370 1 2 1 238 513 514
371 1 2 1 238 514 157
372 1 2 1 239 157 9
373 1 2 1 240 10 158
374 1 2 1 241 158 515
375 1 2 1 241 515 516
376 1 2 1 241 516 517
377 1 2 1 241 517 159
378 1 2 1 242 159 13
379 1 2 1 243 14 160
380 1 2 1 244 160 518
381 1 2 1 244 518 519
382 1 2 1 244 519 520
383 1 2 1 244 520 161
384 1 2 1 245 161 162
385 1 2 1 246 162 521
386 1 2 1 246 521 522
387 1 2 1 246 522 523
388 1 2 1 246 523 163
389 1 2 1 247 163 524
390 1 2 1 247 524 525
391 1 2 1 247 525 526
392 1 2 1 247 526 164
393 1 2 1 248 164 165
394 1 2 1 249 165 527
395 1 2 1 249 527 528
396 1 2 1 249 528 529
397 1 2 1 249 529 166
398 1 2 1 250 166 167
399 1 2 1 251 167 530
400 1 2 1 251 530 531
401 1 2 1 251 531 532
402 1 2 1 251 532 168
403 1 2 1 252 168 533
404 1 2 1 252 533 534
405 1 2 1 252 534 535
406 1 2 1 252 535 169
407 1 2 1 253 169 170
408 1 2 1 254 170 536
409 1 2 1 254 536 537
410 1 2 1 254 537 538
411 1 2 1 254 538 171
412 1 2 1 255 171 27
413 1 2 1 256 28 172
414 1 2 1 257 172 539
415 1 2 1 257 539 540
416 1 2 1 257 540 541
417 1 2 1 257 541 173
418 1 2 1 258 173 174
419 1 2 1 259 174 175
420 1 2 1 260 175 542
421 1 2 1 260 542 543
422 1 2 1 260 543 544
423 1 2 1 260 544 176
424 1 2 1 261 176 177
425 1 2 1 262 177 178
426 1 2 1 263 178 545
427 1 2 1 263 545 546
428 1 2 1 263 546 547
429 1 2 1 263 547 179
430 1 2 1 264 179 37
431 1 2 1 265 38 180
432 1 2 1 266 180 548
433 1 2 1 266 548 549
434 1 2 1 266 549 550
435 1 2 1 266 550 181
436 1 2 1 267 181 182
437 1 2 1 268 182 551
438 1 2 1 268 551 552
439 1 2 1 268 552 553
440 1 2 1 268 553 183
441 1 2 1 269 183 554
442 1 2 1 269 554 555
443 1 2 1 269 555 556
444 1 2 1 269 556 184
445 1 2 1 270 184 185
446 1 2 1 271 185 557
447 1 2 1 271 557 558
448 1 2 1 271 558 559
449 1 2 1 271 559 186
450 1 2 1 272 186 54
451 1 2 1 273 55 187
452 1 2 1 274 187 560
453 1 2 1 274 560 561
454 1 2 1 274 561 562
455 1 2 1 274 562 188
456 1 2 1 275 188 70
457 1 2 1 276 71 563
458 1 2 1 276 563 564
459 1 2 1 276 564 565
460 1 2 1 276 565 72
461 1 2 1 277 69 189
462 1 2 1 278 189 566
463 1 2 1 278 566 567
464 1 2 1 278 567 568
465 1 2 1 278 568 190
466 1 2 1 279 190 56
467 1 2 1 280 53 191
468 1 2 1 281 191 569
469 1 2 1 281 569 570
470 1 2 1 281 570 571
471 1 2 1 281 571 192
472 1 2 1 282 192 193
473 1 2 1 283 193 194
474 1 2 1 284 194 572
475 1 2 1 284 572 573
476 1 2 1 284 573 574
477 1 2 1 284 574 195
478 1 2 1 285 195 39
479 1 2 1 286 40 196
480 1 2 1 287 196 575
481 1 2 1 287 575 576
482 1 2 1 287 576 577
483 1 2 1 287 577 197
484 1 2 1 288 197 198
485 1 2 1 289 198 199
486 1 2 1 290 199 578
487 1 2 1 290 578 579
488 1 2 1 290 579 580
489 1 2 1 290 580 200
490 1 2 1 291 200 201
491 1 2 1 292 201 202
492 1 2 1 293 202 581
493 1 2 1 293 581 582
494 1 2 1 293 582 583
495 1 2 1 293 583 203
496 1 2 1 294 203 49
497 1 2 1 295 50 584
498 1 2 1 295 584 585
499 1 2 1 295 585 586
500 1 2 1 295 586 51
501 1 2 1 296 52 204
502 1 2 1 297 204 587
503 1 2 1 297 587 588
504 1 2 1 297 588 589
505 1 2 1 297 589 205
506 1 2 1 298 205 206
507 1 2 1 299 206 207
508 1 2 1 300 207 590
509 1 2 1 300 590 591
510 1 2 1 300 591 592
511 1 2 1 300 592 208
512 1 2 1 301 208 209
513 1 2 1 302 209 210
514 1 2 1 303 210 593
515 1 2 1 303 593 594
516 1 2 1 303 594 595
517 1 2 1 303 595 211
518 1 2 1 304 211 65
519 1 2 1 305 66 596
520 1 2 1 305 596 597
521 1 2 1 305 597 598
522 1 2 1 305 598 67
523 1 2 1 306 68 212
524 1 2 1 307 212 599
525 1 2 1 307 599 600
526 1 2 1 307 600 601
527 1 2 1 307 601 213
528 1 2 1 308 213 214
529 1 2 1 309 214 602
530 1 2 1 309 602 603
531 1 2 1 309 603 604
532 1 2 1 309 604 215
533 1 2 1 310 215 605
534 1 2 1 310 605 606
535 1 2 1 310 606 607
536 1 2 1 310 607 216
537 1 2 1 311 216 217
538 1 2 1 312 217 608
539 1 2 1 312 608 609
540 1 2 1 312 609 610
541 1 2 1 312 610 218
542 1 2 1 313 218 219
543 1 2 1 314 219 220
544 1 2 1 315 220 611
545 1 2 1 315 611 612
546 1 2 1 315 612 613
547 1 2 1 315 613 221
548 1 2 1 316 221 222
549 1 2 1 317 222 614
550 1 2 1 317 614 615
551 1 2 1 317 615 616
552 1 2 1 317 616 223
553 1 2 1 318 223 224
554 1 2 1 319 224 617
555 1 2 1 319 617 618
556 1 2 1 319 618 619
557 1 2 1 319 619 225
558 1 2 1 320 225 226
559 1 2 1 321 226 227
560 1 2 1 322 227 620
561 1 2 1 322 620 621
562 1 2 1 322 621 622
563 1 2 1 322 622 228
564 1 2 1 323 228 229
565 1 2 1 324 229 230
566 1 2 1 325 230 623
567 1 2 1 325 623 624
568 1 2 1 325 624 625
569 1 2 1 325 625 231
570 1 2 1 326 231 61
571 1 2 1 327 62 626
572 1 2 1 327 626 627
573 1 2 1 327 627 628
574 1 2 1 327 628 63
575 1 2 1 328 64 232
576 1 2 1 329 232 629
577 1 2 1 329 629 630
578 1 2 1 329 630 631
579 1 2 1 329 631 233
580 1 2 1 330 233 234
581 1 2 1 331 234 632
582 1 2 1 331 632 633
583 1 2 1 331 633 634
584 1 2 1 331 634 235
585 1 2 1 332 235 236
586 1 2 1 333 236 635
587 1 2 1 333 635 636
588 1 2 1 333 636 637
589 1 2 1 333 637 237
590 1 2 1 334 237 238
591 1 2 1 335 238 638
592 1 2 1 335 638 639
593 1 2 1 335 639 640
594 1 2 1 335 640 239
595 1 2 1 336 239 240
596 1 2 1 337 240 641
597 1 2 1 337 641 642
598 1 2 1 337 642 643
599 1 2 1 337 643 241
600 1 2 1 338 241 59
601 1 2 1 339 60 644
602 1 2 1 339 644 645
603 1 2 1 339 645 646
604 1 2 1 339 646 57
605 1 2 1 340 58 242
606 1 2 1 341 242 647
607 1 2 1 341 647 648
608 1 2 1 341 648 649
609 1 2 1 341 649 243
610 1 2 1 342 243 244
611 1 2 1 343 244 245
612 1 2 1 344 245 650
613 1 2 1 344 650 651
614 1 2 1 344 651 652
615 1 2 1 344 652 246
616 1 2 1 345 246 48
617 1 2 1 346 45 653
618 1 2 1 346 653 654
619 1 2 1 346 654 655
620 1 2 1 346 655 46
621 1 2 1 347 47 247
622 1 2 1 348 247 656
623 1 2 1 348 656 657
624 1 2 1 348 657 658
625 1 2 1 348 658 248
626 1 2 1 349 248 249
627 1 2 1 350 249 250
628 1 2 1 351 250 659
629 1 2 1 351 659 660
630 1 2 1 351 660 661
631 1 2 1 351 661 251
632 1 2 1 352 251 252
633 1 2 1 353 252 253
634 1 2 1 354 253 662
635 1 2 1 354 662 663
636 1 2 1 354 663 664
637 1 2 1 354 664 254
638 1 2 1 355 254 255
639 1 2 1 356 255 665
640 1 2 1 356 665 666
641 1 2 1 356 666 667
642 1 2 1 356 667 256
643 1 2 1 357 256 257
644 1 2 1 358 257 668
645 1 2 1 358 668 669
646 1 2 1 358 669 670
647 1 2 1 358 670 258
648 1 2 1 359 258 259
649 1 2 1 360 259 260
650 1 2 1 361 260 671
651 1 2 1 361 671 672
652 1 2 1 361 672 673
653 1 2 1 361 673 261
654 1 2 1 362 261 31
655 1 2 1 363 32 262
656 1 2 1 364 262 674
657 1 2 1 364 674 675
658 1 2 1 364 675 676
659 1 2 1 364 676 263
660 1 2 1 365 263 264
661 1 2 1 366 264 265
662 1 2 1 367 265 677
663 1 2 1 367 677 678
664 1 2 1 367 678 679
665 1 2 1 367 679 266
666 1 2 1 368 266 42
667 1 2 1 369 43 680
668 1 2 1 369 680 681
669 1 2 1 369 681 682
670 1 2 1 369 682 44
671 1 2 1 370 41 267
672 1 2 1 371 267 683
673 1 2 1 371 683 684
674 1 2 1 371 684 685
675 1 2 1 371 685 268
676 1 2 1 372 268 269
677 1 2 1 373 269 686
678 1 2 1 373 686 687
679 1 2 1 373 687 688
680 1 2 1 373 688 270
681 1 2 1 374 270 271
682 1 2 1 375 271 689
683 1 2 1 375 689 690
684 1 2 1 375 690 691
685 1 2 1 375 691 272
686 1 2 1 376 272 273
687 1 2 1 377 273 692
688 1 2 1 377 692 693
689 1 2 1 377 693 694
690 1 2 1 377 694 274
691 1 2 1 378 274 275
692 1 2 1 379 275 695
693 1 2 1 379 695 696
694 1 2 1 379 696 697
695 1 2 1 379 697 276
696 1 2 1 380 276 73
697 2 2 1 1 753 1161 1096
698 2 2 1 1 748 1159 1098
699 2 2 1 1 752 1156 1106
700 2 2 1 1 1096 1162 753
701 2 2 1 1 1098 1160 748
702 2 2 1 1 1106 1157 752
703 2 2 1 1 296 1290 13
704 2 2 1 1 326 1289 34
705 2 2 1 1 314 1293 25
706 2 2 1 1 356 1291 54
707 2 2 1 1 290 1292 9
708 2 2 1 1 365 1392 59
709 2 2 1 1 347 1393 48
710 2 2 1 1 957 1281 736
711 2 2 1 1 736 1333 957
712 2 2 1 1 278 1408 1
713 2 2 1 1 795 1016 942
714 2 2 1 1 739 1056 1024
715 2 2 1 1 740 1062 1025
716 2 2 1 1 744 1060 1026
717 2 2 1 1 741 1058 1027
718 2 2 1 1 1024 1056 979
719 2 2 1 1 1025 1062 983
720 2 2 1 1 1026 1060 981
721 2 2 1 1 1027 1058 985
722 2 2 1 1 1045 1343 840
723 2 2 1 1 1001 1247 768
724 2 2 1 1 1007 1245 843
725 2 2 1 1 1004 1248 881
726 2 2 1 1 936 1246 780
727 2 2 1 1 942 1351 795
728 2 2 1 1 207 1139 1016
729 2 2 1 1 1010 1011 715
730 2 2 1 1 1014 1015 714
731 2 2 1 1 1012 1013 734
732 2 2 1 1 1244 1291 1069
733 2 2 1 1 1242 1289 1066
734 2 2 1 1 1243 1293 1079
735 2 2 1 1 1241 1290 1082
736 2 2 1 1 1240 1292 1074
737 2 2 1 1 1122 1284 1047
738 2 2 1 1 1019 1020 723
739 2 2 1 1 1017 1018 705
740 2 2 1 1 884 1665 1299
741 2 2 1 1 1119 1299 1054
742 2 2 1 1 1008 1009 720
743 2 2 1 1 1280 1325 1204
744 2 2 1 1 1279 1326 1206
745 2 2 1 1 771 943 220
746 2 2 1 1 1299 1665 1210
747 2 2 1 1 840 1231 1045
748 2 2 1 1 1160 1633 1359
749 2 2 1 1 1162 1634 1361
750 2 2 1 1 200 1521 939
751 2 2 1 1 1160 1359 815
752 2 2 1 1 1162 1361 783
753 2 2 1 1 987 1147 1052
754 2 2 1 1 1179 1410 131
755 2 2 1 1 1180 1411 254
756 2 2 1 1 225 944 819
757 2 2 1 1 1184 1409 268
758 2 2 1 1 946 1504 118
759 2 2 1 1 1187 1414 134
760 2 2 1 1 250 1413 1189
761 2 2 1 1 1185 1412 99
762 2 2 1 1 418 1247 1001
763 2 2 1 1 541 1245 1007
764 2 2 1 1 499 1248 1004
765 2 2 1 1 197 1174 951
766 2 2 1 1 207 1140 1139
767 2 2 1 1 496 1246 936
768 2 2 1 1 118 1182 946
769 2 2 1 1 817 1664 1284
770 2 2 1 1 217 1415 1202
771 2 2 1 1 196 1416 1203
772 2 2 1 1 1225 1326 1302
773 2 2 1 1 1221 1325 1301
774 2 2 1 1 263 1177 964
775 2 2 1 1 94 1176 968
776 2 2 1 1 1284 1345 817
777 2 2 1 1 1299 1334 884
778 2 2 1 1 1218 1417 171
779 2 2 1 1 1222 1418 151
780 2 2 1 1 1216 1419 153
781 2 2 1 1 194 1426 1207
782 2 2 1 1 1233 1420 176
783 2 2 1 1 1232 1422 81
784 2 2 1 1 1235 1421 78
785 2 2 1 1 1231 1423 116
786 2 2 1 1 1244 1425 186
787 2 2 1 1 1242 1424 126
788 2 2 1 1 1226 1429 122
789 2 2 1 1 1228 1428 190
790 2 2 1 1 1224 1427 261
791 2 2 1 1 1234 1432 119
792 2 2 1 1 1237 1433 192
793 2 2 1 1 1236 1431 106
794 2 2 1 1 1230 1430 258
795 2 2 1 1 1243 1436 143
796 2 2 1 1 1241 1434 159
797 2 2 1 1 1240 1435 157
798 2 2 1 1 947 1343 1045
799 2 2 1 1 202 1377 1178
800 2 2 1 1 1011 1286 715
801 2 2 1 1 1015 1287 714
802 2 2 1 1 1013 1288 734
803 2 2 1 1 1272 1439 188
804 2 2 1 1 1258 1438 97
805 2 2 1 1 1253 1437 155
806 2 2 1 1 230 1378 1181
807 2 2 1 1 1269 1446 231
808 2 2 1 1 1266 1445 211
809 2 2 1 1 1260 1443 124
810 2 2 1 1 1250 1441 203
811 2 2 1 1 1263 1444 266
812 2 2 1 1 1255 1442 276
813 2 2 1 1 118 1379 1182
814 2 2 1 1 242 1447 1275
815 2 2 1 1 105 1382 1186
816 2 2 1 1 130 1381 1183
817 2 2 1 1 1178 1351 1042
818 2 2 1 1 1213 1310 742
819 2 2 1 1 1209 1308 738
820 2 2 1 1 262 1394 1205
821 2 2 1 1 1204 1325 699
822 2 2 1 1 1206 1326 698
823 2 2 1 1 202 1178 1042
824 2 2 1 1 210 1396 1215
825 2 2 1 1 260 1397 1211
826 2 2 1 1 1220 1402 195
827 2 2 1 1 1239 1403 251
828 2 2 1 1 1238 1404 243
829 2 2 1 1 1020 1323 723
830 2 2 1 1 1018 1324 705
831 2 2 1 1 1009 1315 720
832 2 2 1 1 834 1244 1069
833 2 2 1 1 791 1242 1066
834 2 2 1 1 872 1241 1082
835 2 2 1 1 846 1243 1079
836 2 2 1 1 853 1240 1074
837 2 2 1 1 955 1612 253
838 2 2 1 1 248 1599 976
839 2 2 1 1 103 1598 972
840 2 2 1 1 128 1597 960
841 2 2 1 1 262 1364 32
842 2 2 1 1 196 1363 40
843 2 2 1 1 939 1138 200
844 2 2 1 1 929 1278 851
845 2 2 1 1 1306 1349 791
846 2 2 1 1 1307 1347 872
847 2 2 1 1 1303 1348 834
848 2 2 1 1 1304 1350 853
849 2 2 1 1 1305 1346 846
850 2 2 1 1 1121 1405 1052
851 2 2 1 1 711 1284 1122
852 2 2 1 1 722 1299 1119
853 2 2 1 1 1055 1607 1056
854 2 2 1 1 56 1369 190
855 2 2 1 1 27 1368 171
856 2 2 1 1 15 1367 151
857 2 2 1 1 36 1366 122
858 2 2 1 1 11 1365 153
859 2 2 1 1 39 1371 195
860 2 2 1 1 31 1370 261
861 2 2 1 1 167 1314 166
862 2 2 1 1 85 1312 84
863 2 2 1 1 139 1313 138
864 2 2 1 1 162 1311 161
865 2 2 1 1 268 1409 685
866 2 2 1 1 1050 1611 1058
867 2 2 1 1 1049 1609 1062
868 2 2 1 1 1048 1610 1060
869 2 2 1 1 131 1410 475
870 2 2 1 1 254 1411 664
871 2 2 1 1 1088 1326 1225
872 2 2 1 1 1089 1325 1221
873 2 2 1 1 1047 1214 1213
874 2 2 1 1 1047 1213 742
875 2 2 1 1 134 1414 478
876 2 2 1 1 659 1413 250
877 2 2 1 1 99 1412 430
878 2 2 1 1 608 1415 217
879 2 2 1 1 575 1416 196
880 2 2 1 1 1051 1121 1052
881 2 2 1 1 171 1417 538
882 2 2 1 1 151 1418 502
883 2 2 1 1 153 1419 505
884 2 2 1 1 1054 1210 1209
885 2 2 1 1 1054 1209 738
886 2 2 1 1 1023 1200 277
887 2 2 1 1 1021 1201 277
888 2 2 1 1 176 1420 544
889 2 2 1 1 81 1422 400
890 2 2 1 1 78 1421 397
891 2 2 1 1 116 1423 454
892 2 2 1 1 186 1425 559
893 2 2 1 1 126 1424 469
894 2 2 1 1 957 1440 1281
895 2 2 1 1 572 1426 194
896 2 2 1 1 1046 1122 1047
897 2 2 1 1 122 1429 460
898 2 2 1 1 190 1428 568
899 2 2 1 1 261 1427 673
900 2 2 1 1 192 1433 571
901 2 2 1 1 119 1432 457
902 2 2 1 1 106 1431 439
903 2 2 1 1 258 1430 670
904 2 2 1 1 143 1436 493
905 2 2 1 1 159 1434 517
906 2 2 1 1 157 1435 514
907 2 2 1 1 1013 1449 868
908 2 2 1 1 1015 1450 823
909 2 2 1 1 1011 1448 878
910 2 2 1 1 1084 1180 254
911 2 2 1 1 188 1439 562
912 2 2 1 1 97 1438 424
913 2 2 1 1 155 1437 508
914 2 2 1 1 1053 1119 1054
915 2 2 1 1 1066 1306 791
916 2 2 1 1 1082 1307 872
917 2 2 1 1 1069 1303 834
918 2 2 1 1 1074 1304 853
919 2 2 1 1 1079 1305 846
920 2 2 1 1 231 1446 625
921 2 2 1 1 211 1445 595
922 2 2 1 1 124 1443 463
923 2 2 1 1 203 1441 583
924 2 2 1 1 266 1444 679
925 2 2 1 1 276 1442 697
926 2 2 1 1 647 1447 242
927 2 2 1 1 186 1291 1244
928 2 2 1 1 143 1293 1243
929 2 2 1 1 157 1292 1240
930 2 2 1 1 126 1289 1242
931 2 2 1 1 159 1290 1241
932 2 2 1 1 32 1364 325
933 2 2 1 1 40 1363 337
934 2 2 1 1 247 1395 1249
935 2 2 1 1 263 1674 1177
936 2 2 1 1 94 1673 1176
937 2 2 1 1 944 945 819
938 2 2 1 1 1174 1460 952
939 2 2 1 1 1147 1407 1052
940 2 2 1 1 1176 1490 969
941 2 2 1 1 1177 1491 965
942 2 2 1 1 951 1166 197
943 2 2 1 1 217 1352 216
944 2 2 1 1 197 1672 1174
945 2 2 1 1 1284 1664 1214
946 2 2 1 1 1120 1607 1055
947 2 2 1 1 868 1164 1013
948 2 2 1 1 823 1163 1015
949 2 2 1 1 878 1165 1011
950 2 2 1 1 919 1569 1034
951 2 2 1 1 916 1579 1029
952 2 2 1 1 927 1589 1030
953 2 2 1 1 931 1585 1031
954 2 2 1 1 904 1582 1037
955 2 2 1 1 906 1572 1028
956 2 2 1 1 917 1568 1036
957 2 2 1 1 909 1574 1040
958 2 2 1 1 908 1586 1039
959 2 2 1 1 277 1200 1021
960 2 2 1 1 277 1201 1022
961 2 2 1 1 771 1484 1118
962 2 2 1 1 1057 1336 882
963 2 2 1 1 1123 1611 1050
964 2 2 1 1 1125 1609 1049
965 2 2 1 1 1124 1610 1048
966 2 2 1 1 1063 1338 769
967 2 2 1 1 1061 1331 844
968 2 2 1 1 1059 1330 781
969 2 2 1 1 253 1168 955
970 2 2 1 1 205 795 794
971 2 2 1 1 218 836 835
972 2 2 1 1 802 803 133
973 2 2 1 1 770 771 220
974 2 2 1 1 830 1395 915
975 2 2 1 1 1047 1284 1214
976 2 2 1 1 530 1314 167
977 2 2 1 1 404 1312 85
978 2 2 1 1 485 1313 139
979 2 2 1 1 521 1311 162
980 2 2 1 1 359 1369 56
981 2 2 1 1 317 1368 27
982 2 2 1 1 299 1367 15
983 2 2 1 1 329 1366 36
984 2 2 1 1 293 1365 11
985 2 2 1 1 233 874 873
986 2 2 1 1 828 829 227
987 2 2 1 1 972 1170 103
988 2 2 1 1 960 1171 128
989 2 2 1 1 976 1169 248
990 2 2 1 1 335 1371 39
991 2 2 1 1 323 1370 31
992 2 2 1 1 847 848 178
993 2 2 1 1 964 1173 263
994 2 2 1 1 968 1172 94
995 2 2 1 1 1054 1299 1210
996 2 2 1 1 1138 1384 200
997 2 2 1 1 885 1548 1409
998 2 2 1 1 251 1403 661
999 2 2 1 1 243 1404 649
1000 2 2 1 1 195 1402 574
1001 2 2 1 1 813 1490 1176
1002 2 2 1 1 886 1491 1177
1003 2 2 1 1 623 1378 230
1004 2 2 1 1 593 1396 210
1005 2 2 1 1 674 1394 262
1006 2 2 1 1 671 1397 260
1007 2 2 1 1 437 1382 105
1008 2 2 1 1 473 1381 130
1009 2 2 1 1 581 1377 202
1010 2 2 1 1 455 1379 118
1011 2 2 1 1 1166 1385 197
1012 2 2 1 1 770 1572 1410
1013 2 2 1 1 828 1582 1411
1014 2 2 1 1 1171 1388 128
1015 2 2 1 1 253 1391 1168
1016 2 2 1 1 1172 1387 94
1017 2 2 1 1 1169 1390 248
1018 2 2 1 1 1170 1389 103
1019 2 2 1 1 1173 1386 263
1020 2 2 1 1 812 1584 1412
1021 2 2 1 1 1413 1563 877
1022 2 2 1 1 764 1567 1414
1023 2 2 1 1 765 1460 1174
1024 2 2 1 1 826 1549 1419
1025 2 2 1 1 756 1533 1418
1026 2 2 1 1 778 1532 1417
1027 2 2 1 1 839 1543 1423
1028 2 2 1 1 776 1535 1422
1029 2 2 1 1 798 1546 1421
1030 2 2 1 1 792 1537 1420
1031 2 2 1 1 833 1547 1425
1032 2 2 1 1 790 1542 1424
1033 2 2 1 1 228 857 856
1034 2 2 1 1 225 819 818
1035 2 2 1 1 861 862 245
1036 2 2 1 1 788 789 121
1037 2 2 1 1 766 767 83
1038 2 2 1 1 758 759 108
1039 2 2 1 1 774 775 80
1040 2 2 1 1 1415 1566 796
1041 2 2 1 1 1416 1565 863
1042 2 2 1 1 782 1540 1437
1043 2 2 1 1 814 1539 1438
1044 2 2 1 1 806 1550 1439
1045 2 2 1 1 1037 1458 904
1046 2 2 1 1 1426 1560 865
1047 2 2 1 1 786 1585 1427
1048 2 2 1 1 887 1562 1428
1049 2 2 1 1 831 1573 1429
1050 2 2 1 1 272 868 867
1051 2 2 1 1 764 765 199
1052 2 2 1 1 812 813 96
1053 2 2 1 1 885 886 265
1054 2 2 1 1 237 878 877
1055 2 2 1 1 221 823 822
1056 2 2 1 1 816 1571 1430
1057 2 2 1 1 800 1589 1431
1058 2 2 1 1 762 1568 1432
1059 2 2 1 1 883 1561 1433
1060 2 2 1 1 852 1578 1435
1061 2 2 1 1 871 1580 1434
1062 2 2 1 1 845 1581 1436
1063 2 2 1 1 890 1131 1106
1064 2 2 1 1 896 1133 1098
1065 2 2 1 1 895 1132 1096
1066 2 2 1 1 894 1134 1100
1067 2 2 1 1 879 1590 1442
1068 2 2 1 1 760 1586 1441
1069 2 2 1 1 837 1587 1444
1070 2 2 1 1 820 1576 1443
1071 2 2 1 1 808 1574 1445
1072 2 2 1 1 810 1569 1446
1073 2 2 1 1 1447 1557 860
1074 2 2 1 1 656 1395 247
1075 2 2 1 1 1196 1401 161
1076 2 2 1 1 1197 1400 84
1077 2 2 1 1 1198 1399 138
1078 2 2 1 1 1199 1398 166
1079 2 2 1 1 207 1383 1140
1080 2 2 1 1 882 1552 1057
1081 2 2 1 1 781 1555 1059
1082 2 2 1 1 769 1554 1063
1083 2 2 1 1 844 1553 1061
1084 2 2 1 1 181 865 550
1085 2 2 1 1 497 804 147
1086 2 2 1 1 503 871 152
1087 2 2 1 1 539 845 172
1088 2 2 1 1 587 760 204
1089 2 2 1 1 620 828 227
1090 2 2 1 1 109 841 442
1091 2 2 1 1 246 830 652
1092 2 2 1 1 599 808 212
1093 2 2 1 1 611 770 220
1094 2 2 1 1 398 774 80
1095 2 2 1 1 179 863 547
1096 2 2 1 1 506 852 154
1097 2 2 1 1 419 849 93
1098 2 2 1 1 434 776 102
1099 2 2 1 1 440 758 108
1100 2 2 1 1 221 822 613
1101 2 2 1 1 416 851 90
1102 2 2 1 1 617 762 224
1103 2 2 1 1 629 810 232
1104 2 2 1 1 401 766 83
1105 2 2 1 1 470 831 127
1106 2 2 1 1 536 780 170
1107 2 2 1 1 641 858 240
1108 2 2 1 1 650 861 245
1109 2 2 1 1 452 816 115
1110 2 2 1 1 272 867 691
1111 2 2 1 1 395 879 77
1112 2 2 1 1 410 768 88
1113 2 2 1 1 422 812 96
1114 2 2 1 1 218 835 610
1115 2 2 1 1 635 875 236
1116 2 2 1 1 689 800 271
1117 2 2 1 1 695 798 275
1118 2 2 1 1 428 814 98
1119 2 2 1 1 500 824 150
1120 2 2 1 1 443 786 110
1121 2 2 1 1 111 869 445
1122 2 2 1 1 461 790 123
1123 2 2 1 1 668 839 257
1124 2 2 1 1 467 820 125
1125 2 2 1 1 512 782 156
1126 2 2 1 1 677 885 265
1127 2 2 1 1 491 843 142
1128 2 2 1 1 225 818 619
1129 2 2 1 1 494 778 144
1130 2 2 1 1 518 756 160
1131 2 2 1 1 208 796 592
1132 2 2 1 1 683 837 267
1133 2 2 1 1 458 788 121
1134 2 2 1 1 205 794 589
1135 2 2 1 1 482 792 137
1136 2 2 1 1 228 856 622
1137 2 2 1 1 548 784 180
1138 2 2 1 1 237 877 637
1139 2 2 1 1 476 802 133
1140 2 2 1 1 515 826 158
1141 2 2 1 1 560 887 187
1142 2 2 1 1 542 772 175
1143 2 2 1 1 578 764 199
1144 2 2 1 1 233 873 631
1145 2 2 1 1 545 847 178
1146 2 2 1 1 213 854 601
1147 2 2 1 1 241 860 643
1148 2 2 1 1 527 881 165
1149 2 2 1 1 557 883 185
1150 2 2 1 1 569 833 191
1151 2 2 1 1 566 806 189
1152 2 2 1 1 1205 1206 262
1153 2 2 1 1 1203 1204 196
1154 2 2 1 1 216 1352 607
1155 2 2 1 1 939 1521 1042
1156 2 2 1 1 250 1189 1094
1157 2 2 1 1 105 1186 1093
1158 2 2 1 1 130 1183 1092
1159 2 2 1 1 1146 1500 874
1160 2 2 1 1 1102 1155 1101
1161 2 2 1 1 1104 1151 1103
1162 2 2 1 1 1112 1154 1111
1163 2 2 1 1 1110 1148 1109
1164 2 2 1 1 1114 1152 1113
1165 2 2 1 1 1108 1150 1107
1166 2 2 1 1 1116 1149 1115
1167 2 2 1 1 1096 1161 1095
1168 2 2 1 1 1098 1159 1097
1169 2 2 1 1 1106 1156 1105
1170 2 2 1 1 1003 1384 802
1171 2 2 1 1 992 1388 788
1172 2 2 1 1 999 1387 766
1173 2 2 1 1 1029 1495 916
1174 2 2 1 1 1030 1496 927
1175 2 2 1 1 1031 1494 931
1176 2 2 1 1 1036 1493 917
1177 2 2 1 1 1028 1497 906
1178 2 2 1 1 1034 1499 919
1179 2 2 1 1 1039 1492 908
1180 2 2 1 1 1040 1498 909
1181 2 2 1 1 171 1219 1218
1182 2 2 1 1 153 1217 1216
1183 2 2 1 1 151 1223 1222
1184 2 2 1 1 190 1229 1228
1185 2 2 1 1 122 1227 1226
1186 2 2 1 1 195 1221 1220
1187 2 2 1 1 261 1225 1224
1188 2 2 1 1 835 1383 998
1189 2 2 1 1 922 1389 774
1190 2 2 1 1 255 1329 254
1191 2 2 1 1 916 1386 758
1192 2 2 1 1 737 1336 1057
1193 2 2 1 1 768 1551 1001
1194 2 2 1 1 766 1545 999
1195 2 2 1 1 788 1541 992
1196 2 2 1 1 802 1536 1003
1197 2 2 1 1 998 1538 835
1198 2 2 1 1 843 1544 1007
1199 2 2 1 1 881 1534 1004
1200 2 2 1 1 934 1401 824
1201 2 2 1 1 903 1398 804
1202 2 2 1 1 926 1400 849
1203 2 2 1 1 914 1399 772
1204 2 2 1 1 1022 1126 277
1205 2 2 1 1 726 1338 1063
1206 2 2 1 1 729 1331 1061
1207 2 2 1 1 707 1330 1059
1208 2 2 1 1 1187 1188 765
1209 2 2 1 1 849 850 93
1210 2 2 1 1 824 825 150
1211 2 2 1 1 772 773 175
1212 2 2 1 1 804 805 147
1213 2 2 1 1 1189 1448 1094
1214 2 2 1 1 1186 1449 1093
1215 2 2 1 1 1183 1450 1092
1216 2 2 1 1 948 1084 1083
1217 2 2 1 1 804 1577 903
1218 2 2 1 1 915 1588 830
1219 2 2 1 1 758 1579 916
1220 2 2 1 1 772 1564 914
1221 2 2 1 1 849 1583 926
1222 2 2 1 1 851 1575 929
1223 2 2 1 1 774 1570 922
1224 2 2 1 1 780 1559 936
1225 2 2 1 1 824 1558 934
1226 2 2 1 1 1185 1190 813
1227 2 2 1 1 1184 1191 886
1228 2 2 1 1 208 797 796
1229 2 2 1 1 109 842 841
1230 2 2 1 1 179 864 863
1231 2 2 1 1 1045 1231 116
1232 2 2 1 1 1192 1552 882
1233 2 2 1 1 1194 1554 769
1234 2 2 1 1 1195 1555 781
1235 2 2 1 1 1193 1553 844
1236 2 2 1 1 1117 1239 251
1237 2 2 1 1 704 1355 1252
1238 2 2 1 1 719 1357 1262
1239 2 2 1 1 724 1360 1257
1240 2 2 1 1 706 1354 1268
1241 2 2 1 1 728 1362 1265
1242 2 2 1 1 731 1358 1271
1243 2 2 1 1 713 1356 1274
1244 2 2 1 1 803 937 133
1245 2 2 1 1 218 943 836
1246 2 2 1 1 205 1016 795
1247 2 2 1 1 771 1285 943
1248 2 2 1 1 829 944 227
1249 2 2 1 1 1179 1484 771
1250 2 2 1 1 200 1384 580
1251 2 2 1 1 1131 1632 1106
1252 2 2 1 1 197 1385 577
1253 2 2 1 1 128 1388 472
1254 2 2 1 1 94 1387 421
1255 2 2 1 1 248 1390 658
1256 2 2 1 1 662 1391 253
1257 2 2 1 1 103 1389 436
1258 2 2 1 1 263 1386 676
1259 2 2 1 1 1133 1633 1098
1260 2 2 1 1 1132 1634 1096
1261 2 2 1 1 161 1401 520
1262 2 2 1 1 84 1400 403
1263 2 2 1 1 138 1399 484
1264 2 2 1 1 166 1398 529
1265 2 2 1 1 148 1248 499
1266 2 2 1 1 91 1247 418
1267 2 2 1 1 145 1246 496
1268 2 2 1 1 173 1245 541
1269 2 2 1 1 228 953 857
1270 2 2 1 1 870 1213 1212
1271 2 2 1 1 217 1202 1044
1272 2 2 1 1 866 1209 1208
1273 2 2 1 1 1188 1460 765
1274 2 2 1 1 213 855 854
1275 2 2 1 1 111 870 869
1276 2 2 1 1 181 866 865
1277 2 2 1 1 874 1500 1181
1278 2 2 1 1 590 1383 207
1279 2 2 1 1 848 949 178
1280 2 2 1 1 870 1212 1211
1281 2 2 1 1 1190 1490 813
1282 2 2 1 1 1191 1491 886
1283 2 2 1 1 866 1208 1207
1284 2 2 1 1 900 1277 1276
1285 2 2 1 1 1027 1199 166
1286 2 2 1 1 1026 1198 138
1287 2 2 1 1 1025 1197 84
1288 2 2 1 1 1024 1196 161
1289 2 2 1 1 778 779 144
1290 2 2 1 1 826 827 158
1291 2 2 1 1 784 785 180
1292 2 2 1 1 756 757 160
1293 2 2 1 1 786 787 110
1294 2 2 1 1 831 832 127
1295 2 2 1 1 887 888 187
1296 2 2 1 1 1409 1548 995
1297 2 2 1 1 789 958 121
1298 2 2 1 1 775 970 80
1299 2 2 1 1 767 966 83
1300 2 2 1 1 759 962 108
1301 2 2 1 1 862 974 245
1302 2 2 1 1 843 844 142
1303 2 2 1 1 858 859 240
1304 2 2 1 1 780 781 170
1305 2 2 1 1 792 793 137
1306 2 2 1 1 768 769 88
1307 2 2 1 1 776 777 102
1308 2 2 1 1 800 801 271
1309 2 2 1 1 875 876 236
1310 2 2 1 1 798 799 275
1311 2 2 1 1 881 882 165
1312 2 2 1 1 839 840 257
1313 2 2 1 1 762 763 224
1314 2 2 1 1 883 884 185
1315 2 2 1 1 816 817 115
1316 2 2 1 1 665 1329 255
1317 2 2 1 1 833 834 191
1318 2 2 1 1 790 791 123
1319 2 2 1 1 852 853 154
1320 2 2 1 1 871 872 152
1321 2 2 1 1 845 846 172
1322 2 2 1 1 1419 1549 1006
1323 2 2 1 1 1418 1533 990
1324 2 2 1 1 1417 1532 991
1325 2 2 1 1 1423 1543 1000
1326 2 2 1 1 1421 1546 996
1327 2 2 1 1 1422 1535 994
1328 2 2 1 1 1420 1537 1002
1329 2 2 1 1 1425 1547 988
1330 2 2 1 1 1424 1542 993
1331 2 2 1 1 1410 1572 906
1332 2 2 1 1 1251 1252 761
1333 2 2 1 1 1264 1265 838
1334 2 2 1 1 1256 1257 880
1335 2 2 1 1 1267 1268 809
1336 2 2 1 1 1261 1262 821
1337 2 2 1 1 1270 1271 811
1338 2 2 1 1 1273 1274 807
1339 2 2 1 1 1411 1582 904
1340 2 2 1 1 1412 1584 932
1341 2 2 1 1 930 1563 1413
1342 2 2 1 1 1414 1567 921
1343 2 2 1 1 732 1067 357
1344 2 2 1 1 725 1064 327
1345 2 2 1 1 735 1072 291
1346 2 2 1 1 717 1077 315
1347 2 2 1 1 721 1080 297
1348 2 2 1 1 1437 1540 1005
1349 2 2 1 1 1438 1539 997
1350 2 2 1 1 1439 1550 989
1351 2 2 1 1 1134 1644 1100
1352 2 2 1 1 935 1566 1415
1353 2 2 1 1 933 1565 1416
1354 2 2 1 1 447 1046 742
1355 2 2 1 1 603 1051 743
1356 2 2 1 1 522 1055 739
1357 2 2 1 1 552 1053 738
1358 2 2 1 1 650 1032 861
1359 2 2 1 1 635 1033 875
1360 2 2 1 1 641 1035 858
1361 2 2 1 1 548 1038 784
1362 2 2 1 1 545 1041 847
1363 2 2 1 1 829 1180 1084
1364 2 2 1 1 1277 1392 747
1365 2 2 1 1 924 1560 1426
1366 2 2 1 1 1427 1585 931
1367 2 2 1 1 1428 1562 918
1368 2 2 1 1 1429 1573 912
1369 2 2 1 1 1430 1571 905
1370 2 2 1 1 1431 1589 927
1371 2 2 1 1 1433 1561 920
1372 2 2 1 1 1432 1568 917
1373 2 2 1 1 1435 1578 911
1374 2 2 1 1 1434 1580 910
1375 2 2 1 1 1436 1581 907
1376 2 2 1 1 1206 1364 262
1377 2 2 1 1 1204 1363 196
1378 2 2 1 1 405 1049 740
1379 2 2 1 1 486 1048 744
1380 2 2 1 1 531 1050 741
1381 2 2 1 1 1442 1590 928
1382 2 2 1 1 1444 1587 925
1383 2 2 1 1 1441 1586 908
1384 2 2 1 1 1443 1576 913
1385 2 2 1 1 1445 1574 909
1386 2 2 1 1 1446 1569 919
1387 2 2 1 1 923 1557 1447
1388 2 2 1 1 951 1174 952
1389 2 2 1 1 795 1351 1178
1390 2 2 1 1 943 1662 220
1391 2 2 1 1 1016 1663 207
1392 2 2 1 1 709 1374 1087
1393 2 2 1 1 718 1375 1086
1394 2 2 1 1 702 1376 1091
1395 2 2 1 1 703 1373 1090
1396 2 2 1 1 727 1372 1085
1397 2 2 1 1 915 1506 1032
1398 2 2 1 1 933 1505 1041
1399 2 2 1 1 1051 1052 743
1400 2 2 1 1 1046 1047 742
1401 2 2 1 1 976 1599 1094
1402 2 2 1 1 972 1598 1093
1403 2 2 1 1 960 1597 1092
1404 2 2 1 1 1053 1054 738
1405 2 2 1 1 957 1333 956
1406 2 2 1 1 254 1329 1084
1407 2 2 1 1 1102 1646 1155
1408 2 2 1 1 1104 1647 1151
1409 2 2 1 1 1112 1648 1154
1410 2 2 1 1 1110 1651 1148
1411 2 2 1 1 1114 1649 1152
1412 2 2 1 1 1108 1652 1150
1413 2 2 1 1 1116 1650 1149
1414 2 2 1 1 964 1177 965
1415 2 2 1 1 968 1176 969
1416 2 2 1 1 225 1666 944
1417 2 2 1 1 1055 1056 739
1418 2 2 1 1 825 978 150
1419 2 2 1 1 773 980 175
1420 2 2 1 1 805 984 147
1421 2 2 1 1 850 982 93
1422 2 2 1 1 806 807 189
1423 2 2 1 1 837 838 267
1424 2 2 1 1 782 783 156
1425 2 2 1 1 814 815 98
1426 2 2 1 1 879 880 77
1427 2 2 1 1 810 811 232
1428 2 2 1 1 820 821 125
1429 2 2 1 1 760 761 204
1430 2 2 1 1 808 809 212
1431 2 2 1 1 171 1368 1219
1432 2 2 1 1 151 1367 1223
1433 2 2 1 1 153 1365 1217
1434 2 2 1 1 190 1369 1229
1435 2 2 1 1 122 1366 1227
1436 2 2 1 1 195 1371 1221
1437 2 2 1 1 261 1370 1225
1438 2 2 1 1 1038 1560 924
1439 2 2 1 1 1041 1565 933
1440 2 2 1 1 1035 1557 923
1441 2 2 1 1 1033 1563 930
1442 2 2 1 1 1032 1588 915
1443 2 2 1 1 241 900 860
1444 2 2 1 1 246 901 830
1445 2 2 1 1 1117 1612 955
1446 2 2 1 1 208 986 797
1447 2 2 1 1 1050 1058 741
1448 2 2 1 1 1048 1060 744
1449 2 2 1 1 1049 1062 740
1450 2 2 1 1 327 1064 326
1451 2 2 1 1 297 1080 296
1452 2 2 1 1 315 1077 314
1453 2 2 1 1 291 1072 290
1454 2 2 1 1 357 1067 356
1455 2 2 1 1 1117 1556 1239
1456 2 2 1 1 247 1406 47
1457 2 2 1 1 870 1310 1213
1458 2 2 1 1 783 1254 1162
1459 2 2 1 1 815 1259 1160
1460 2 2 1 1 166 1314 1027
1461 2 2 1 1 138 1313 1026
1462 2 2 1 1 84 1312 1025
1463 2 2 1 1 161 1311 1024
1464 2 2 1 1 1304 1374 709
1465 2 2 1 1 1306 1375 718
1466 2 2 1 1 1307 1376 702
1467 2 2 1 1 1305 1373 703
1468 2 2 1 1 1303 1372 727
1469 2 2 1 1 866 1308 1209
1470 2 2 1 1 712 1070 321
1471 2 2 1 1 701 1075 333
1472 2 2 1 1 603 743 602
1473 2 2 1 1 447 742 446
1474 2 2 1 1 405 740 404
1475 2 2 1 1 531 741 530
1476 2 2 1 1 486 744 485
1477 2 2 1 1 552 738 551
1478 2 2 1 1 522 739 521
1479 2 2 1 1 732 1068 1067
1480 2 2 1 1 735 1073 1072
1481 2 2 1 1 717 1078 1077
1482 2 2 1 1 725 1065 1064
1483 2 2 1 1 721 1081 1080
1484 2 2 1 1 636 1033 635
1485 2 2 1 1 549 1038 548
1486 2 2 1 1 546 1041 545
1487 2 2 1 1 642 1035 641
1488 2 2 1 1 651 1032 650
1489 2 2 1 1 893 1656 1114
1490 2 2 1 1 892 1659 1104
1491 2 2 1 1 899 1657 1110
1492 2 2 1 1 891 1658 1112
1493 2 2 1 1 897 1660 1102
1494 2 2 1 1 898 1655 1108
1495 2 2 1 1 889 1654 1116
1496 2 2 1 1 924 1518 1038
1497 2 2 1 1 923 1519 1035
1498 2 2 1 1 930 1520 1033
1499 2 2 1 1 700 1405 1121
1500 2 2 1 1 988 1547 920
1501 2 2 1 1 1004 1534 903
1502 2 2 1 1 989 1550 918
1503 2 2 1 1 990 1533 934
1504 2 2 1 1 991 1532 936
1505 2 2 1 1 1007 1544 907
1506 2 2 1 1 1006 1549 910
1507 2 2 1 1 992 1541 912
1508 2 2 1 1 993 1542 913
1509 2 2 1 1 994 1535 922
1510 2 2 1 1 1000 1543 905
1511 2 2 1 1 996 1546 928
1512 2 2 1 1 999 1545 926
1513 2 2 1 1 997 1539 932
1514 2 2 1 1 995 1548 925
1515 2 2 1 1 1003 1536 921
1516 2 2 1 1 1001 1551 929
1517 2 2 1 1 1002 1537 914
1518 2 2 1 1 935 1538 998
1519 2 2 1 1 1005 1540 911
1520 2 2 1 1 1052 1405 987
1521 2 2 1 1 903 1577 1004
1522 2 2 1 1 920 1561 988
1523 2 2 1 1 918 1562 989
1524 2 2 1 1 913 1576 993
1525 2 2 1 1 912 1573 992
1526 2 2 1 1 922 1570 994
1527 2 2 1 1 925 1587 995
1528 2 2 1 1 934 1558 990
1529 2 2 1 1 926 1583 999
1530 2 2 1 1 905 1571 1000
1531 2 2 1 1 936 1559 991
1532 2 2 1 1 932 1584 997
1533 2 2 1 1 929 1575 1001
1534 2 2 1 1 928 1590 996
1535 2 2 1 1 998 1566 935
1536 2 2 1 1 907 1581 1007
1537 2 2 1 1 914 1564 1002
1538 2 2 1 1 910 1580 1006
1539 2 2 1 1 921 1567 1003
1540 2 2 1 1 911 1578 1005
1541 2 2 1 1 233 1043 874
1542 2 2 1 1 844 1245 1193
1543 2 2 1 1 769 1247 1194
1544 2 2 1 1 781 1246 1195
1545 2 2 1 1 882 1248 1192
1546 2 2 1 1 733 1083 666
1547 2 2 1 1 322 712 321
1548 2 2 1 1 328 725 327
1549 2 2 1 1 298 721 297
1550 2 2 1 1 316 717 315
1551 2 2 1 1 292 735 291
1552 2 2 1 1 334 701 333
1553 2 2 1 1 358 732 357
1554 2 2 1 1 1359 1633 716
1555 2 2 1 1 1361 1634 730
1556 2 2 1 1 1100 1680 1099
1557 2 2 1 1 1252 1355 761
1558 2 2 1 1 1268 1354 809
1559 2 2 1 1 1257 1360 880
1560 2 2 1 1 1271 1358 811
1561 2 2 1 1 1262 1357 821
1562 2 2 1 1 1265 1362 838
1563 2 2 1 1 1274 1356 807
1564 2 2 1 1 1045 1504 946
1565 2 2 1 1 712 1071 1070
1566 2 2 1 1 701 1076 1075
1567 2 2 1 1 1128 1656 893
1568 2 2 1 1 1130 1659 892
1569 2 2 1 1 1137 1657 899
1570 2 2 1 1 1135 1660 897
1571 2 2 1 1 1129 1658 891
1572 2 2 1 1 1136 1655 898
1573 2 2 1 1 1127 1654 889
1574 2 2 1 1 945 946 819
1575 2 2 1 1 942 1175 941
1576 2 2 1 1 843 1245 844
1577 2 2 1 1 768 1247 769
1578 2 2 1 1 881 1248 882
1579 2 2 1 1 780 1246 781
1580 2 2 1 1 1056 1057 979
1581 2 2 1 1 1058 1059 985
1582 2 2 1 1 1062 1063 983
1583 2 2 1 1 1060 1061 981
1584 2 2 1 1 47 1406 346
1585 2 2 1 1 616 714 615
1586 2 2 1 1 409 726 408
1587 2 2 1 1 640 715 639
1588 2 2 1 1 688 723 687
1589 2 2 1 1 634 736 633
1590 2 2 1 1 694 734 693
1591 2 2 1 1 490 729 489
1592 2 2 1 1 607 700 606
1593 2 2 1 1 451 711 450
1594 2 2 1 1 481 720 480
1595 2 2 1 1 433 705 432
1596 2 2 1 1 667 733 666
1597 2 2 1 1 526 737 525
1598 2 2 1 1 535 707 534
1599 2 2 1 1 556 722 555
1600 2 2 1 1 400 994 399
1601 2 2 1 1 454 1000 453
1602 2 2 1 1 472 992 471
1603 2 2 1 1 499 1004 498
1604 2 2 1 1 469 993 468
1605 2 2 1 1 559 988 558
1606 2 2 1 1 397 996 396
1607 2 2 1 1 418 1001 417
1608 2 2 1 1 421 999 420
1609 2 2 1 1 424 997 423
1610 2 2 1 1 685 995 684
1611 2 2 1 1 502 990 501
1612 2 2 1 1 508 1005 507
1613 2 2 1 1 505 1006 504
1614 2 2 1 1 538 991 537
1615 2 2 1 1 591 998 590
1616 2 2 1 1 544 1002 543
1617 2 2 1 1 541 1007 540
1618 2 2 1 1 562 989 561
1619 2 2 1 1 580 1003 579
1620 2 2 1 1 448 1046 447
1621 2 2 1 1 604 1051 603
1622 2 2 1 1 523 1055 522
1623 2 2 1 1 553 1053 552
1624 2 2 1 1 343 728 342
1625 2 2 1 1 373 731 372
1626 2 2 1 1 385 713 384
1627 2 2 1 1 286 730 285
1628 2 2 1 1 307 716 306
1629 2 2 1 1 394 724 393
1630 2 2 1 1 346 710 345
1631 2 2 1 1 319 703 318
1632 2 2 1 1 364 708 363
1633 2 2 1 1 337 699 336
1634 2 2 1 1 301 702 300
1635 2 2 1 1 355 704 354
1636 2 2 1 1 379 706 378
1637 2 2 1 1 331 718 330
1638 2 2 1 1 295 709 294
1639 2 2 1 1 310 719 309
1640 2 2 1 1 325 698 324
1641 2 2 1 1 361 727 360
1642 2 2 1 1 1071 1326 1279
1643 2 2 1 1 1076 1325 1280
1644 2 2 1 1 803 938 937
1645 2 2 1 1 1191 1323 1020
1646 2 2 1 1 1190 1324 1018
1647 2 2 1 1 436 922 435
1648 2 2 1 1 676 916 675
1649 2 2 1 1 571 920 570
1650 2 2 1 1 568 918 567
1651 2 2 1 1 573 924 572
1652 2 2 1 1 463 913 462
1653 2 2 1 1 484 914 483
1654 2 2 1 1 430 932 429
1655 2 2 1 1 529 903 528
1656 2 2 1 1 679 925 678
1657 2 2 1 1 460 912 459
1658 2 2 1 1 475 906 474
1659 2 2 1 1 403 926 402
1660 2 2 1 1 496 936 495
1661 2 2 1 1 514 911 513
1662 2 2 1 1 520 934 519
1663 2 2 1 1 697 928 696
1664 2 2 1 1 412 929 411
1665 2 2 1 1 439 927 438
1666 2 2 1 1 583 908 582
1667 2 2 1 1 673 931 672
1668 2 2 1 1 625 919 624
1669 2 2 1 1 670 905 669
1670 2 2 1 1 478 921 477
1671 2 2 1 1 493 907 492
1672 2 2 1 1 457 917 456
1673 2 2 1 1 595 909 594
1674 2 2 1 1 664 904 663
1675 2 2 1 1 657 915 656
1676 2 2 1 1 517 910 516
1677 2 2 1 1 609 935 608
1678 2 2 1 1 576 933 575
1679 2 2 1 1 648 923 647
1680 2 2 1 1 660 930 659
1681 2 2 1 1 1080 1290 296
1682 2 2 1 1 1064 1289 326
1683 2 2 1 1 1077 1293 314
1684 2 2 1 1 1072 1292 290
1685 2 2 1 1 1067 1291 356
1686 2 2 1 1 321 1070 320
1687 2 2 1 1 333 1075 332
1688 2 2 1 1 851 902 90
1689 2 2 1 1 406 1049 405
1690 2 2 1 1 487 1048 486
1691 2 2 1 1 532 1050 531
1692 2 2 1 1 718 1086 330
1693 2 2 1 1 709 1087 294
1694 2 2 1 1 727 1085 360
1695 2 2 1 1 703 1090 318
1696 2 2 1 1 702 1091 300
1697 2 2 1 1 742 1310 446
1698 2 2 1 1 743 1309 602
1699 2 2 1 1 738 1308 551
1700 2 2 1 1 698 1088 324
1701 2 2 1 1 699 1089 336
1702 2 2 1 1 900 1392 1277
1703 2 2 1 1 1188 1315 1009
1704 2 2 1 1 1034 1569 630
1705 2 2 1 1 1029 1579 441
1706 2 2 1 1 1028 1572 612
1707 2 2 1 1 1030 1589 690
1708 2 2 1 1 1031 1585 444
1709 2 2 1 1 1036 1568 618
1710 2 2 1 1 1037 1582 621
1711 2 2 1 1 1040 1574 600
1712 2 2 1 1 1039 1586 588
1713 2 2 1 1 1099 1680 1153
1714 2 2 1 1 666 1083 665
1715 2 2 1 1 1139 1175 942
1716 2 2 1 1 1301 1325 1076
1717 2 2 1 1 1302 1326 1071
1718 2 2 1 1 1044 1352 217
1719 2 2 1 1 1016 1139 942
1720 2 2 1 1 946 1182 819
1721 2 2 1 1 1081 1082 1080
1722 2 2 1 1 1068 1069 1067
1723 2 2 1 1 1073 1074 1072
1724 2 2 1 1 1065 1066 1064
1725 2 2 1 1 1078 1079 1077
1726 2 2 1 1 793 1507 1167
1727 2 2 1 1 1157 1158 901
1728 2 2 1 1 765 1174 199
1729 2 2 1 1 412 1278 929
1730 2 2 1 1 899 1110 1109
1731 2 2 1 1 889 1116 1115
1732 2 2 1 1 898 1108 1107
1733 2 2 1 1 893 1114 1113
1734 2 2 1 1 892 1104 1103
1735 2 2 1 1 891 1112 1111
1736 2 2 1 1 894 1100 1099
1737 2 2 1 1 897 1102 1101
1738 2 2 1 1 890 1106 1105
1739 2 2 1 1 896 1098 1097
1740 2 2 1 1 895 1096 1095
1741 2 2 1 1 631 1034 630
1742 2 2 1 1 613 1028 612
1743 2 2 1 1 622 1037 621
1744 2 2 1 1 691 1030 690
1745 2 2 1 1 445 1031 444
1746 2 2 1 1 442 1029 441
1747 2 2 1 1 601 1040 600
1748 2 2 1 1 619 1036 618
1749 2 2 1 1 589 1039 588
1750 2 2 1 1 655 890 654
1751 2 2 1 1 646 894 645
1752 2 2 1 1 565 889 564
1753 2 2 1 1 682 891 681
1754 2 2 1 1 427 896 426
1755 2 2 1 1 391 892 390
1756 2 2 1 1 466 897 465
1757 2 2 1 1 628 893 627
1758 2 2 1 1 586 898 585
1759 2 2 1 1 511 895 510
1760 2 2 1 1 598 899 597
1761 2 2 1 1 720 1461 1008
1762 2 2 1 1 763 1513 1143
1763 2 2 1 1 799 1514 1142
1764 2 2 1 1 859 1512 1141
1765 2 2 1 1 801 1516 1144
1766 2 2 1 1 777 1515 1145
1767 2 2 1 1 892 1103 390
1768 2 2 1 1 897 1101 465
1769 2 2 1 1 894 1099 645
1770 2 2 1 1 899 1109 597
1771 2 2 1 1 891 1111 681
1772 2 2 1 1 898 1107 585
1773 2 2 1 1 893 1113 627
1774 2 2 1 1 889 1115 564
1775 2 2 1 1 358 1320 732
1776 2 2 1 1 334 1317 701
1777 2 2 1 1 292 1319 735
1778 2 2 1 1 316 1318 717
1779 2 2 1 1 322 1321 712
1780 2 2 1 1 328 1322 725
1781 2 2 1 1 298 1316 721
1782 2 2 1 1 1070 1282 320
1783 2 2 1 1 1075 1283 332
1784 2 2 1 1 366 747 365
1785 2 2 1 1 288 753 287
1786 2 2 1 1 348 752 347
1787 2 2 1 1 369 749 368
1788 2 2 1 1 387 745 386
1789 2 2 1 1 303 748 302
1790 2 2 1 1 351 754 350
1791 2 2 1 1 375 755 374
1792 2 2 1 1 312 750 311
1793 2 2 1 1 339 751 338
1794 2 2 1 1 381 746 380
1795 2 2 1 1 895 1095 510
1796 2 2 1 1 896 1097 426
1797 2 2 1 1 890 1105 654
1798 2 2 1 1 803 939 938
1799 2 2 1 1 886 1177 265
1800 2 2 1 1 813 1176 96
1801 2 2 1 1 272 1164 868
1802 2 2 1 1 237 1165 878
1803 2 2 1 1 221 1163 823
1804 2 2 1 1 294 1087 293
1805 2 2 1 1 300 1091 299
1806 2 2 1 1 318 1090 317
1807 2 2 1 1 330 1086 329
1808 2 2 1 1 360 1085 359
1809 2 2 1 1 960 1092 961
1810 2 2 1 1 972 1093 973
1811 2 2 1 1 976 1094 977
1812 2 2 1 1 1191 1502 1323
1813 2 2 1 1 1190 1503 1324
1814 2 2 1 1 324 1088 323
1815 2 2 1 1 336 1089 335
1816 2 2 1 1 978 1192 148
1817 2 2 1 1 982 1194 91
1818 2 2 1 1 980 1193 173
1819 2 2 1 1 984 1195 145
1820 2 2 1 1 465 1101 464
1821 2 2 1 1 645 1099 644
1822 2 2 1 1 390 1103 389
1823 2 2 1 1 681 1111 680
1824 2 2 1 1 627 1113 626
1825 2 2 1 1 585 1107 584
1826 2 2 1 1 597 1109 596
1827 2 2 1 1 564 1115 563
1828 2 2 1 1 939 940 938
1829 2 2 1 1 510 1095 509
1830 2 2 1 1 426 1097 425
1831 2 2 1 1 654 1105 653
1832 2 2 1 1 900 1276 1275
1833 2 2 1 1 940 941 938
1834 2 2 1 1 939 1042 940
1835 2 2 1 1 1147 1608 855
1836 2 2 1 1 940 942 941
1837 2 2 1 1 1310 1591 446
1838 2 2 1 1 1309 1592 602
1839 2 2 1 1 1308 1593 551
1840 2 2 1 1 1253 1254 783
1841 2 2 1 1 1258 1259 815
1842 2 2 1 1 947 1045 946
1843 2 2 1 1 734 1486 1012
1844 2 2 1 1 714 1485 1014
1845 2 2 1 1 715 1487 1010
1846 2 2 1 1 953 954 857
1847 2 2 1 1 789 960 959
1848 2 2 1 1 775 972 971
1849 2 2 1 1 862 976 975
1850 2 2 1 1 1250 1251 761
1851 2 2 1 1 1255 1256 880
1852 2 2 1 1 1263 1264 838
1853 2 2 1 1 1266 1267 809
1854 2 2 1 1 1260 1261 821
1855 2 2 1 1 1269 1270 811
1856 2 2 1 1 1272 1273 807
1857 2 2 1 1 759 964 963
1858 2 2 1 1 767 968 967
1859 2 2 1 1 848 950 949
1860 2 2 1 1 89 1278 412
1861 2 2 1 1 976 977 975
1862 2 2 1 1 960 961 959
1863 2 2 1 1 972 973 971
1864 2 2 1 1 526 1336 737
1865 2 2 1 1 556 1334 722
1866 2 2 1 1 535 1330 707
1867 2 2 1 1 409 1338 726
1868 2 2 1 1 490 1331 729
1869 2 2 1 1 481 1337 720
1870 2 2 1 1 688 1341 723
1871 2 2 1 1 694 1339 734
1872 2 2 1 1 616 1340 714
1873 2 2 1 1 433 1344 705
1874 2 2 1 1 634 1332 736
1875 2 2 1 1 640 1335 715
1876 2 2 1 1 451 1345 711
1877 2 2 1 1 667 1342 733
1878 2 2 1 1 848 951 950
1879 2 2 1 1 855 1608 1215
1880 2 2 1 1 358 1600 1320
1881 2 2 1 1 334 1601 1317
1882 2 2 1 1 322 1602 1321
1883 2 2 1 1 316 1605 1318
1884 2 2 1 1 292 1606 1319
1885 2 2 1 1 328 1603 1322
1886 2 2 1 1 298 1604 1316
1887 2 2 1 1 1278 1380 851
1888 2 2 1 1 1188 1501 1315
1889 2 2 1 1 1233 1507 793
1890 2 2 1 1 361 1348 727
1891 2 2 1 1 331 1349 718
1892 2 2 1 1 295 1350 709
1893 2 2 1 1 301 1347 702
1894 2 2 1 1 319 1346 703
1895 2 2 1 1 789 959 958
1896 2 2 1 1 775 971 970
1897 2 2 1 1 862 975 974
1898 2 2 1 1 632 1281 1043
1899 2 2 1 1 759 963 962
1900 2 2 1 1 767 967 966
1901 2 2 1 1 954 955 857
1902 2 2 1 1 258 1327 1230
1903 2 2 1 1 1234 1513 763
1904 2 2 1 1 1235 1514 799
1905 2 2 1 1 1238 1512 859
1906 2 2 1 1 1236 1516 801
1907 2 2 1 1 1232 1515 777
1908 2 2 1 1 192 1328 1237
1909 2 2 1 1 555 1119 554
1910 2 2 1 1 525 1120 524
1911 2 2 1 1 450 1122 449
1912 2 2 1 1 606 1121 605
1913 2 2 1 1 938 1118 937
1914 2 2 1 1 711 1345 1284
1915 2 2 1 1 705 1488 1017
1916 2 2 1 1 723 1489 1019
1917 2 2 1 1 385 1356 713
1918 2 2 1 1 310 1357 719
1919 2 2 1 1 343 1362 728
1920 2 2 1 1 286 1361 730
1921 2 2 1 1 394 1360 724
1922 2 2 1 1 379 1354 706
1923 2 2 1 1 307 1359 716
1924 2 2 1 1 373 1358 731
1925 2 2 1 1 355 1355 704
1926 2 2 1 1 722 1334 1299
1927 2 2 1 1 968 969 967
1928 2 2 1 1 964 965 963
1929 2 2 1 1 408 1125 407
1930 2 2 1 1 489 1124 488
1931 2 2 1 1 534 1123 533
1932 2 2 1 1 526 1613 1336
1933 2 2 1 1 556 1614 1334
1934 2 2 1 1 535 1615 1330
1935 2 2 1 1 481 1616 1337
1936 2 2 1 1 409 1617 1338
1937 2 2 1 1 694 1620 1339
1938 2 2 1 1 616 1624 1340
1939 2 2 1 1 433 1619 1344
1940 2 2 1 1 688 1622 1341
1941 2 2 1 1 490 1623 1331
1942 2 2 1 1 451 1625 1345
1943 2 2 1 1 640 1618 1335
1944 2 2 1 1 667 1626 1342
1945 2 2 1 1 634 1621 1332
1946 2 2 1 1 805 1027 985
1947 2 2 1 1 825 1024 979
1948 2 2 1 1 850 1025 983
1949 2 2 1 1 773 1026 981
1950 2 2 1 1 722 1119 555
1951 2 2 1 1 737 1120 525
1952 2 2 1 1 711 1122 450
1953 2 2 1 1 700 1121 606
1954 2 2 1 1 361 1627 1348
1955 2 2 1 1 331 1628 1349
1956 2 2 1 1 301 1629 1347
1957 2 2 1 1 295 1630 1350
1958 2 2 1 1 319 1631 1346
1959 2 2 1 1 1032 1390 861
1960 2 2 1 1 941 1118 938
1961 2 2 1 1 1041 1385 847
1962 2 2 1 1 1277 1644 1276
1963 2 2 1 1 729 1124 489
1964 2 2 1 1 707 1123 534
1965 2 2 1 1 726 1125 408
1966 2 2 1 1 951 952 950
1967 2 2 1 1 841 1029 442
1968 2 2 1 1 822 1028 613
1969 2 2 1 1 867 1030 691
1970 2 2 1 1 869 1031 445
1971 2 2 1 1 873 1034 631
1972 2 2 1 1 818 1036 619
1973 2 2 1 1 854 1040 601
1974 2 2 1 1 856 1037 622
1975 2 2 1 1 794 1039 589
1976 2 2 1 1 363 1134 362
1977 2 2 1 1 342 1129 341
1978 2 2 1 1 285 1132 284
1979 2 2 1 1 393 1130 392
1980 2 2 1 1 345 1131 344
1981 2 2 1 1 306 1133 305
1982 2 2 1 1 384 1127 383
1983 2 2 1 1 309 1135 308
1984 2 2 1 1 372 1128 371
1985 2 2 1 1 354 1136 353
1986 2 2 1 1 378 1137 377
1987 2 2 1 1 945 947 946
1988 2 2 1 1 1084 1353 829
1989 2 2 1 1 851 1380 902
1990 2 2 1 1 956 1117 955
1991 2 2 1 1 805 985 984
1992 2 2 1 1 773 981 980
1993 2 2 1 1 850 983 982
1994 2 2 1 1 825 979 978
1995 2 2 1 1 1126 1670 277
1996 2 2 1 1 385 1635 1356
1997 2 2 1 1 343 1638 1362
1998 2 2 1 1 310 1636 1357
1999 2 2 1 1 394 1640 1360
2000 2 2 1 1 286 1639 1361
2001 2 2 1 1 307 1641 1359
2002 2 2 1 1 373 1643 1358
2003 2 2 1 1 379 1637 1354
2004 2 2 1 1 355 1642 1355
2005 2 2 1 1 987 1044 797
2006 2 2 1 1 367 1153 366
2007 2 2 1 1 340 1154 339
2008 2 2 1 1 352 1150 351
2009 2 2 1 1 313 1155 312
2010 2 2 1 1 388 1151 387
2011 2 2 1 1 370 1152 369
2012 2 2 1 1 376 1148 375
2013 2 2 1 1 382 1149 381
2014 2 2 1 1 304 1159 303
2015 2 2 1 1 289 1161 288
2016 2 2 1 1 349 1156 348
2017 2 2 1 1 973 1013 1012
2018 2 2 1 1 977 1011 1010
2019 2 2 1 1 961 1015 1014
2020 2 2 1 1 878 1448 1189
2021 2 2 1 1 868 1449 1186
2022 2 2 1 1 823 1450 1183
2023 2 2 1 1 730 1132 285
2024 2 2 1 1 708 1134 363
2025 2 2 1 1 728 1129 342
2026 2 2 1 1 724 1130 393
2027 2 2 1 1 719 1135 309
2028 2 2 1 1 710 1131 345
2029 2 2 1 1 713 1127 384
2030 2 2 1 1 716 1133 306
2031 2 2 1 1 731 1128 372
2032 2 2 1 1 704 1136 354
2033 2 2 1 1 706 1137 378
2034 2 2 1 1 986 987 797
2035 2 2 1 1 720 1315 480
2036 2 2 1 1 1282 1594 320
2037 2 2 1 1 1283 1595 332
2038 2 2 1 1 705 1324 432
2039 2 2 1 1 723 1323 687
2040 2 2 1 1 954 956 955
2041 2 2 1 1 945 948 947
2042 2 2 1 1 247 1249 1158
2043 2 2 1 1 277 1300 1023
2044 2 2 1 1 1276 1644 708
2045 2 2 1 1 954 957 956
2046 2 2 1 1 977 1010 975
2047 2 2 1 1 973 1012 971
2048 2 2 1 1 961 1014 959
2049 2 2 1 1 1261 1646 1262
2050 2 2 1 1 1251 1652 1252
2051 2 2 1 1 1267 1651 1268
2052 2 2 1 1 1270 1649 1271
2053 2 2 1 1 1264 1648 1265
2054 2 2 1 1 1256 1647 1257
2055 2 2 1 1 1273 1650 1274
2056 2 2 1 1 965 1019 963
2057 2 2 1 1 969 1017 967
2058 2 2 1 1 549 1560 1038
2059 2 2 1 1 546 1565 1041
2060 2 2 1 1 642 1557 1035
2061 2 2 1 1 636 1563 1033
2062 2 2 1 1 651 1588 1032
2063 2 2 1 1 1160 1259 748
2064 2 2 1 1 1162 1254 753
2065 2 2 1 1 953 1146 954
2066 2 2 1 1 836 1140 835
2067 2 2 1 1 952 1008 950
2068 2 2 1 1 657 1506 915
2069 2 2 1 1 576 1505 933
2070 2 2 1 1 1281 1440 1043
2071 2 2 1 1 633 1281 632
2072 2 2 1 1 969 1018 1017
2073 2 2 1 1 965 1020 1019
2074 2 2 1 1 802 1138 803
2075 2 2 1 1 747 1392 365
2076 2 2 1 1 752 1393 347
2077 2 2 1 1 952 1009 1008
2078 2 2 1 1 283 1126 282
2079 2 2 1 1 279 1023 278
2080 2 2 1 1 282 1022 281
2081 2 2 1 1 414 1021 413
2082 2 2 1 1 847 1166 848
2083 2 2 1 1 1038 1402 784
2084 2 2 1 1 1033 1403 875
2085 2 2 1 1 1035 1404 858
2086 2 2 1 1 1213 1214 1212
2087 2 2 1 1 1118 1285 771
2088 2 2 1 1 351 1150 754
2089 2 2 1 1 381 1149 746
2090 2 2 1 1 369 1152 749
2091 2 2 1 1 366 1153 747
2092 2 2 1 1 339 1154 751
2093 2 2 1 1 387 1151 745
2094 2 2 1 1 375 1148 755
2095 2 2 1 1 312 1155 750
2096 2 2 1 1 288 1161 753
2097 2 2 1 1 348 1156 752
2098 2 2 1 1 303 1159 748
2099 2 2 1 1 1209 1210 1208
2100 2 2 1 1 1211 1212 260
2101 2 2 1 1 943 1175 836
2102 2 2 1 1 1207 1208 194
2103 2 2 1 1 954 1146 957
2104 2 2 1 1 692 1530 273
2105 2 2 1 1 638 1531 238
2106 2 2 1 1 614 1529 222
2107 2 2 1 1 994 1570 399
2108 2 2 1 1 1004 1577 498
2109 2 2 1 1 999 1583 420
2110 2 2 1 1 993 1576 468
2111 2 2 1 1 996 1590 396
2112 2 2 1 1 1002 1564 543
2113 2 2 1 1 995 1587 684
2114 2 2 1 1 1001 1575 417
2115 2 2 1 1 1006 1580 504
2116 2 2 1 1 992 1573 471
2117 2 2 1 1 1007 1581 540
2118 2 2 1 1 988 1561 558
2119 2 2 1 1 1000 1571 453
2120 2 2 1 1 997 1584 423
2121 2 2 1 1 1003 1567 579
2122 2 2 1 1 990 1558 501
2123 2 2 1 1 991 1559 537
2124 2 2 1 1 591 1566 998
2125 2 2 1 1 989 1562 561
2126 2 2 1 1 1005 1578 507
2127 2 2 1 1 479 1501 135
2128 2 2 1 1 1076 1280 1075
2129 2 2 1 1 1071 1279 1070
2130 2 2 1 1 1083 1653 948
2131 2 2 1 1 686 1502 269
2132 2 2 1 1 431 1503 100
2133 2 2 1 1 936 1532 495
2134 2 2 1 1 934 1533 519
2135 2 2 1 1 907 1544 492
2136 2 2 1 1 903 1534 528
2137 2 2 1 1 910 1549 516
2138 2 2 1 1 914 1537 483
2139 2 2 1 1 921 1536 477
2140 2 2 1 1 922 1535 435
2141 2 2 1 1 928 1546 696
2142 2 2 1 1 912 1541 459
2143 2 2 1 1 913 1542 462
2144 2 2 1 1 905 1543 669
2145 2 2 1 1 929 1551 411
2146 2 2 1 1 920 1547 570
2147 2 2 1 1 926 1545 402
2148 2 2 1 1 932 1539 429
2149 2 2 1 1 925 1548 678
2150 2 2 1 1 911 1540 513
2151 2 2 1 1 918 1550 567
2152 2 2 1 1 609 1538 935
2153 2 2 1 1 718 1349 1306
2154 2 2 1 1 702 1347 1307
2155 2 2 1 1 727 1348 1303
2156 2 2 1 1 709 1350 1304
2157 2 2 1 1 703 1346 1305
2158 2 2 1 1 148 1684 978
2159 2 2 1 1 91 1683 982
2160 2 2 1 1 173 1685 980
2161 2 2 1 1 145 1681 984
2162 2 2 1 1 766 1172 767
2163 2 2 1 1 758 1173 759
2164 2 2 1 1 788 1171 789
2165 2 2 1 1 774 1170 775
2166 2 2 1 1 861 1169 862
2167 2 2 1 1 857 1168 856
2168 2 2 1 1 320 1594 29
2169 2 2 1 1 332 1595 37
2170 2 2 1 1 551 1593 182
2171 2 2 1 1 446 1591 112
2172 2 2 1 1 602 1592 214
2173 2 2 1 1 904 1458 663
2174 2 2 1 1 975 1141 974
2175 2 2 1 1 971 1142 970
2176 2 2 1 1 959 1143 958
2177 2 2 1 1 986 1147 987
2178 2 2 1 1 38 1601 334
2179 2 2 1 1 26 1605 316
2180 2 2 1 1 14 1604 298
2181 2 2 1 1 10 1606 292
2182 2 2 1 1 35 1603 328
2183 2 2 1 1 55 1600 358
2184 2 2 1 1 30 1602 322
2185 2 2 1 1 302 1508 17
2186 2 2 1 1 287 1509 7
2187 2 2 1 1 963 1144 962
2188 2 2 1 1 967 1145 966
2189 2 2 1 1 58 1517 364
2190 2 2 1 1 239 1618 640
2191 2 2 1 1 235 1621 634
2192 2 2 1 1 141 1623 490
2193 2 2 1 1 223 1624 616
2194 2 2 1 1 136 1616 481
2195 2 2 1 1 101 1619 433
2196 2 2 1 1 169 1615 535
2197 2 2 1 1 164 1613 526
2198 2 2 1 1 270 1622 688
2199 2 2 1 1 184 1614 556
2200 2 2 1 1 256 1626 667
2201 2 2 1 1 274 1620 694
2202 2 2 1 1 87 1617 409
2203 2 2 1 1 114 1625 451
2204 2 2 1 1 28 1631 319
2205 2 2 1 1 12 1630 295
2206 2 2 1 1 16 1629 301
2207 2 2 1 1 53 1627 361
2208 2 2 1 1 33 1628 331
2209 2 2 1 1 69 1635 385
2210 2 2 1 1 52 1642 355
2211 2 2 1 1 68 1637 379
2212 2 2 1 1 64 1643 373
2213 2 2 1 1 23 1636 310
2214 2 2 1 1 20 1641 307
2215 2 2 1 1 6 1639 286
2216 2 2 1 1 41 1638 343
2217 2 2 1 1 76 1640 394
2218 2 2 1 1 901 1393 1157
2219 2 2 1 1 632 1596 234
2220 2 2 1 1 380 1522 70
2221 2 2 1 1 311 1524 24
2222 2 2 1 1 368 1523 61
2223 2 2 1 1 386 1525 73
2224 2 2 1 1 350 1528 49
2225 2 2 1 1 338 1526 42
2226 2 2 1 1 374 1527 65
2227 2 2 1 1 795 1178 794
2228 2 2 1 1 770 1179 771
2229 2 2 1 1 1262 1660 719
2230 2 2 1 1 1252 1655 704
2231 2 2 1 1 1268 1657 706
2232 2 2 1 1 1257 1659 724
2233 2 2 1 1 1265 1658 728
2234 2 2 1 1 1271 1656 731
2235 2 2 1 1 1274 1654 713
2236 2 2 1 1 803 1138 939
2237 2 2 1 1 948 1353 1084
2238 2 2 1 1 828 1180 829
2239 2 2 1 1 874 1181 873
2240 2 2 1 1 750 1646 1261
2241 2 2 1 1 749 1649 1270
2242 2 2 1 1 755 1651 1267
2243 2 2 1 1 745 1647 1256
2244 2 2 1 1 751 1648 1264
2245 2 2 1 1 754 1652 1251
2246 2 2 1 1 746 1650 1273
2247 2 2 1 1 950 1167 949
2248 2 2 1 1 848 1166 951
2249 2 2 1 1 1044 1405 700
2250 2 2 1 1 1044 1202 797
2251 2 2 1 1 940 1351 942
2252 2 2 1 1 767 1172 968
2253 2 2 1 1 759 1173 964
2254 2 2 1 1 775 1170 972
2255 2 2 1 1 789 1171 960
2256 2 2 1 1 862 1169 976
2257 2 2 1 1 819 1182 818
2258 2 2 1 1 712 1302 1071
2259 2 2 1 1 701 1301 1076
2260 2 2 1 1 1157 1393 752
2261 2 2 1 1 955 1168 857
2262 2 2 1 1 692 1288 1164
2263 2 2 1 1 614 1287 1163
2264 2 2 1 1 638 1286 1165
2265 2 2 1 1 715 1286 639
2266 2 2 1 1 714 1287 615
2267 2 2 1 1 734 1288 693
2268 2 2 1 1 283 1645 1459
2269 2 2 1 1 554 1451 183
2270 2 2 1 1 183 1451 553
2271 2 2 1 1 449 1454 113
2272 2 2 1 1 113 1454 448
2273 2 2 1 1 605 1453 215
2274 2 2 1 1 524 1452 163
2275 2 2 1 1 215 1453 604
2276 2 2 1 1 163 1452 523
2277 2 2 1 1 573 1518 924
2278 2 2 1 1 660 1520 930
2279 2 2 1 1 648 1519 923
2280 2 2 1 1 823 1183 822
2281 2 2 1 1 878 1189 877
2282 2 2 1 1 885 1184 886
2283 2 2 1 1 812 1185 813
2284 2 2 1 1 868 1186 867
2285 2 2 1 1 764 1187 765
2286 2 2 1 1 4 1645 283
2287 2 2 1 1 977 1448 1011
2288 2 2 1 1 973 1449 1013
2289 2 2 1 1 961 1450 1015
2290 2 2 1 1 1024 1311 739
2291 2 2 1 1 1025 1312 740
2292 2 2 1 1 1026 1313 744
2293 2 2 1 1 1027 1314 741
2294 2 2 1 1 488 1455 140
2295 2 2 1 1 140 1455 487
2296 2 2 1 1 86 1456 406
2297 2 2 1 1 407 1456 86
2298 2 2 1 1 533 1457 168
2299 2 2 1 1 168 1457 532
2300 2 2 1 1 710 1632 1131
2301 2 2 1 1 566 1550 806
2302 2 2 1 1 569 1547 833
2303 2 2 1 1 458 1541 788
2304 2 2 1 1 461 1542 790
2305 2 2 1 1 677 1548 885
2306 2 2 1 1 668 1543 839
2307 2 2 1 1 401 1545 766
2308 2 2 1 1 410 1551 768
2309 2 2 1 1 695 1546 798
2310 2 2 1 1 428 1539 814
2311 2 2 1 1 835 1538 610
2312 2 2 1 1 434 1535 776
2313 2 2 1 1 512 1540 782
2314 2 2 1 1 476 1536 802
2315 2 2 1 1 527 1534 881
2316 2 2 1 1 482 1537 792
2317 2 2 1 1 494 1532 778
2318 2 2 1 1 518 1533 756
2319 2 2 1 1 491 1544 843
2320 2 2 1 1 515 1549 826
2321 2 2 1 1 1019 1144 963
2322 2 2 1 1 1017 1145 967
2323 2 2 1 1 730 1634 1132
2324 2 2 1 1 716 1633 1133
2325 2 2 1 1 135 1501 134
2326 2 2 1 1 1010 1141 975
2327 2 2 1 1 1012 1142 971
2328 2 2 1 1 1014 1143 959
2329 2 2 1 1 644 1462 60
2330 2 2 1 1 60 1462 367
2331 2 2 1 1 50 1467 352
2332 2 2 1 1 584 1467 50
2333 2 2 1 1 62 1466 370
2334 2 2 1 1 626 1466 62
2335 2 2 1 1 389 1464 74
2336 2 2 1 1 43 1465 340
2337 2 2 1 1 21 1463 313
2338 2 2 1 1 74 1464 388
2339 2 2 1 1 680 1465 43
2340 2 2 1 1 464 1463 21
2341 2 2 1 1 66 1468 376
2342 2 2 1 1 596 1468 66
2343 2 2 1 1 71 1469 382
2344 2 2 1 1 563 1469 71
2345 2 2 1 1 509 1481 8
2346 2 2 1 1 8 1481 289
2347 2 2 1 1 425 1482 18
2348 2 2 1 1 18 1482 304
2349 2 2 1 1 653 1483 45
2350 2 2 1 1 45 1483 349
2351 2 2 1 1 497 1577 804
2352 2 2 1 1 620 1582 828
2353 2 2 1 1 539 1581 845
2354 2 2 1 1 503 1580 871
2355 2 2 1 1 599 1574 808
2356 2 2 1 1 587 1586 760
2357 2 2 1 1 506 1578 852
2358 2 2 1 1 452 1571 816
2359 2 2 1 1 611 1572 770
2360 2 2 1 1 470 1573 831
2361 2 2 1 1 863 1565 547
2362 2 2 1 1 467 1576 820
2363 2 2 1 1 830 1588 652
2364 2 2 1 1 877 1563 637
2365 2 2 1 1 860 1557 643
2366 2 2 1 1 398 1570 774
2367 2 2 1 1 560 1562 887
2368 2 2 1 1 578 1567 764
2369 2 2 1 1 683 1587 837
2370 2 2 1 1 395 1590 879
2371 2 2 1 1 416 1575 851
2372 2 2 1 1 689 1589 800
2373 2 2 1 1 440 1579 758
2374 2 2 1 1 542 1564 772
2375 2 2 1 1 796 1566 592
2376 2 2 1 1 419 1583 849
2377 2 2 1 1 422 1584 812
2378 2 2 1 1 443 1585 786
2379 2 2 1 1 617 1568 762
2380 2 2 1 1 629 1569 810
2381 2 2 1 1 557 1561 883
2382 2 2 1 1 865 1560 550
2383 2 2 1 1 536 1559 780
2384 2 2 1 1 500 1558 824
2385 2 2 1 1 732 1296 1068
2386 2 2 1 1 725 1298 1065
2387 2 2 1 1 717 1294 1078
2388 2 2 1 1 735 1295 1073
2389 2 2 1 1 721 1297 1081
2390 2 2 1 1 269 1502 268
2391 2 2 1 1 100 1503 99
2392 2 2 1 1 179 1283 864
2393 2 2 1 1 109 1282 842
2394 2 2 1 1 804 1199 805
2395 2 2 1 1 772 1198 773
2396 2 2 1 1 849 1197 850
2397 2 2 1 1 824 1196 825
2398 2 2 1 1 5 1480 511
2399 2 2 1 1 284 1480 5
2400 2 2 1 1 63 1471 628
2401 2 2 1 1 362 1476 57
2402 2 2 1 1 308 1477 22
2403 2 2 1 1 57 1476 646
2404 2 2 1 1 19 1479 427
2405 2 2 1 1 22 1477 466
2406 2 2 1 1 371 1471 63
2407 2 2 1 1 392 1478 75
2408 2 2 1 1 305 1479 19
2409 2 2 1 1 341 1474 44
2410 2 2 1 1 44 1474 682
2411 2 2 1 1 75 1478 391
2412 2 2 1 1 344 1475 46
2413 2 2 1 1 67 1472 598
2414 2 2 1 1 46 1475 655
2415 2 2 1 1 377 1472 67
2416 2 2 1 1 353 1473 51
2417 2 2 1 1 51 1473 586
2418 2 2 1 1 383 1470 72
2419 2 2 1 1 72 1470 565
2420 2 2 1 1 1158 1632 710
2421 2 2 1 1 836 1175 1139
2422 2 2 1 1 242 1517 58
2423 2 2 1 1 17 1508 97
2424 2 2 1 1 7 1509 155
2425 2 2 1 1 282 1126 1022
2426 2 2 1 1 117 1504 116
2427 2 2 1 1 118 1504 117
2428 2 2 1 1 1008 1167 950
2429 2 2 1 1 70 1522 188
2430 2 2 1 1 24 1524 124
2431 2 2 1 1 61 1523 231
2432 2 2 1 1 73 1525 276
2433 2 2 1 1 42 1526 266
2434 2 2 1 1 49 1528 203
2435 2 2 1 1 65 1527 211
2436 2 2 1 1 864 1204 1203
2437 2 2 1 1 842 1206 1205
2438 2 2 1 1 134 1188 1187
2439 2 2 1 1 747 1680 1277
2440 2 2 1 1 1139 1140 836
2441 2 2 1 1 415 1201 414
2442 2 2 1 1 280 1200 279
2443 2 2 1 1 927 1496 438
2444 2 2 1 1 917 1493 456
2445 2 2 1 1 916 1495 675
2446 2 2 1 1 931 1494 672
2447 2 2 1 1 906 1497 474
2448 2 2 1 1 908 1492 582
2449 2 2 1 1 919 1499 624
2450 2 2 1 1 909 1498 594
2451 2 2 1 1 1275 1276 242
2452 2 2 1 1 1328 1665 1237
2453 2 2 1 1 1280 1283 1075
2454 2 2 1 1 1279 1282 1070
2455 2 2 1 1 856 1391 1037
2456 2 2 1 1 1157 1632 1158
2457 2 2 1 1 414 1201 1021
2458 2 2 1 1 279 1200 1023
2459 2 2 1 1 281 1511 3
2460 2 2 1 1 3 1511 415
2461 2 2 1 1 413 1510 2
2462 2 2 1 1 2 1510 280
2463 2 2 1 1 944 1353 945
2464 2 2 1 1 211 1267 1266
2465 2 2 1 1 203 1251 1250
2466 2 2 1 1 124 1261 1260
2467 2 2 1 1 231 1270 1269
2468 2 2 1 1 266 1264 1263
2469 2 2 1 1 276 1256 1255
2470 2 2 1 1 188 1273 1272
2471 2 2 1 1 99 1190 1185
2472 2 2 1 1 268 1191 1184
2473 2 2 1 1 829 1353 944
2474 2 2 1 1 850 1197 1025
2475 2 2 1 1 773 1198 1026
2476 2 2 1 1 825 1196 1024
2477 2 2 1 1 805 1199 1027
2478 2 2 1 1 1226 1227 832
2479 2 2 1 1 1216 1217 827
2480 2 2 1 1 1222 1223 757
2481 2 2 1 1 1218 1219 779
2482 2 2 1 1 1228 1229 888
2483 2 2 1 1 1224 1225 787
2484 2 2 1 1 1220 1221 785
2485 2 2 1 1 1023 1408 278
2486 2 2 1 1 797 1202 796
2487 2 2 1 1 864 1203 863
2488 2 2 1 1 842 1205 841
2489 2 2 1 1 1042 1521 202
2490 2 2 1 1 1327 1664 1230
2491 2 2 1 1 213 1309 855
2492 2 2 1 1 181 1308 866
2493 2 2 1 1 111 1310 870
2494 2 2 1 1 1158 1406 247
2495 2 2 1 1 1085 1372 1229
2496 2 2 1 1 1086 1375 1227
2497 2 2 1 1 1087 1374 1217
2498 2 2 1 1 1090 1373 1219
2499 2 2 1 1 1091 1376 1223
2500 2 2 1 1 741 1314 530
2501 2 2 1 1 739 1311 521
2502 2 2 1 1 740 1312 404
2503 2 2 1 1 744 1313 485
2504 2 2 1 1 987 1405 1044
2505 2 2 1 1 699 1363 1204
2506 2 2 1 1 698 1364 1206
2507 2 2 1 1 1057 1607 737
2508 2 2 1 1 733 1653 1083
2509 2 2 1 1 1163 1529 614
2510 2 2 1 1 1165 1531 638
2511 2 2 1 1 1164 1530 692
2512 2 2 1 1 1158 1249 901
2513 2 2 1 1 757 1316 160
2514 2 2 1 1 832 1322 127
2515 2 2 1 1 779 1318 144
2516 2 2 1 1 787 1321 110
2517 2 2 1 1 785 1317 180
2518 2 2 1 1 827 1319 158
2519 2 2 1 1 888 1320 187
2520 2 2 1 1 1061 1610 729
2521 2 2 1 1 1063 1609 726
2522 2 2 1 1 1059 1611 707
2523 2 2 1 1 283 1459 1126
2524 2 2 1 1 700 1352 1044
2525 2 2 1 1 736 1281 633
2526 2 2 1 1 732 1320 1296
2527 2 2 1 1 721 1316 1297
2528 2 2 1 1 725 1322 1298
2529 2 2 1 1 735 1319 1295
2530 2 2 1 1 717 1318 1294
2531 2 2 1 1 712 1321 1302
2532 2 2 1 1 701 1317 1301
2533 2 2 1 1 876 1332 236
2534 2 2 1 1 859 1335 240
2535 2 2 1 1 781 1330 170
2536 2 2 1 1 840 1342 257
2537 2 2 1 1 793 1337 137
2538 2 2 1 1 769 1338 88
2539 2 2 1 1 799 1339 275
2540 2 2 1 1 801 1341 271
2541 2 2 1 1 777 1344 102
2542 2 2 1 1 763 1340 224
2543 2 2 1 1 844 1331 142
2544 2 2 1 1 817 1345 115
2545 2 2 1 1 884 1334 185
2546 2 2 1 1 882 1336 165
2547 2 2 1 1 794 1377 1039
2548 2 2 1 1 818 1379 1036
2549 2 2 1 1 841 1394 1029
2550 2 2 1 1 869 1397 1031
2551 2 2 1 1 822 1381 1028
2552 2 2 1 1 867 1382 1030
2553 2 2 1 1 854 1396 1040
2554 2 2 1 1 873 1378 1034
2555 2 2 1 1 846 1346 172
2556 2 2 1 1 872 1347 152
2557 2 2 1 1 853 1350 154
2558 2 2 1 1 791 1349 123
2559 2 2 1 1 834 1348 191
2560 2 2 1 1 866 1207 865
2561 2 2 1 1 855 1215 854
2562 2 2 1 1 870 1211 869
2563 2 2 1 1 97 1259 1258
2564 2 2 1 1 155 1254 1253
2565 2 2 1 1 325 1364 698
2566 2 2 1 1 337 1363 699
2567 2 2 1 1 693 1288 692
2568 2 2 1 1 639 1286 638
2569 2 2 1 1 615 1287 614
2570 2 2 1 1 202 1521 201
2571 2 2 1 1 201 1521 200
2572 2 2 1 1 1066 1289 1064
2573 2 2 1 1 1082 1290 1080
2574 2 2 1 1 1074 1292 1072
2575 2 2 1 1 1069 1291 1067
2576 2 2 1 1 1079 1293 1077
2577 2 2 1 1 778 1218 779
2578 2 2 1 1 826 1216 827
2579 2 2 1 1 756 1222 757
2580 2 2 1 1 784 1220 785
2581 2 2 1 1 786 1224 787
2582 2 2 1 1 831 1226 832
2583 2 2 1 1 887 1228 888
2584 2 2 1 1 1239 1556 876
2585 2 2 1 1 839 1231 840
2586 2 2 1 1 816 1230 817
2587 2 2 1 1 800 1236 801
2588 2 2 1 1 798 1235 799
2589 2 2 1 1 776 1232 777
2590 2 2 1 1 762 1234 763
2591 2 2 1 1 792 1233 793
2592 2 2 1 1 875 1239 876
2593 2 2 1 1 858 1238 859
2594 2 2 1 1 883 1237 884
2595 2 2 1 1 845 1243 846
2596 2 2 1 1 852 1240 853
2597 2 2 1 1 790 1242 791
2598 2 2 1 1 871 1241 872
2599 2 2 1 1 833 1244 834
2600 2 2 1 1 116 1504 1045
2601 2 2 1 1 1212 1667 260
2602 2 2 1 1 1227 1366 1086
2603 2 2 1 1 1217 1365 1087
2604 2 2 1 1 1219 1368 1090
2605 2 2 1 1 1223 1367 1091
2606 2 2 1 1 1229 1369 1085
2607 2 2 1 1 1208 1668 194
2608 2 2 1 1 708 1644 1134
2609 2 2 1 1 607 1352 700
2610 2 2 1 1 1225 1370 1088
2611 2 2 1 1 1221 1371 1089
2612 2 2 1 1 253 1612 252
2613 2 2 1 1 252 1612 251
2614 2 2 1 1 129 1597 128
2615 2 2 1 1 130 1597 129
2616 2 2 1 1 104 1598 103
2617 2 2 1 1 105 1598 104
2618 2 2 1 1 249 1599 248
2619 2 2 1 1 250 1599 249
2620 2 2 1 1 874 1440 1146
2621 2 2 1 1 1192 1248 148
2622 2 2 1 1 1195 1246 145
2623 2 2 1 1 1194 1247 91
2624 2 2 1 1 1193 1245 173
2625 2 2 1 1 1091 1367 299
2626 2 2 1 1 1090 1368 317
2627 2 2 1 1 1087 1365 293
2628 2 2 1 1 1086 1366 329
2629 2 2 1 1 1085 1369 359
2630 2 2 1 1 809 1354 212
2631 2 2 1 1 761 1355 204
2632 2 2 1 1 811 1358 232
2633 2 2 1 1 807 1356 189
2634 2 2 1 1 815 1359 98
2635 2 2 1 1 880 1360 77
2636 2 2 1 1 821 1357 125
2637 2 2 1 1 783 1361 156
2638 2 2 1 1 838 1362 267
2639 2 2 1 1 943 1285 1175
2640 2 2 1 1 1088 1370 323
2641 2 2 1 1 1089 1371 335
2642 2 2 1 1 699 1325 1089
2643 2 2 1 1 698 1326 1088
2644 2 2 1 1 842 1279 1206
2645 2 2 1 1 864 1280 1204
2646 2 2 1 1 941 1285 1118
2647 2 2 1 1 901 1249 830
2648 2 2 1 1 685 1409 995
2649 2 2 1 1 1043 1596 632
2650 2 2 1 1 364 1517 708
2651 2 2 1 1 1052 1407 743
2652 2 2 1 1 1084 1329 1083
2653 2 2 1 1 475 1410 906
2654 2 2 1 1 664 1411 904
2655 2 2 1 1 538 1417 991
2656 2 2 1 1 502 1418 990
2657 2 2 1 1 505 1419 1006
2658 2 2 1 1 478 1414 921
2659 2 2 1 1 430 1412 932
2660 2 2 1 1 930 1413 659
2661 2 2 1 1 400 1422 994
2662 2 2 1 1 544 1420 1002
2663 2 2 1 1 397 1421 996
2664 2 2 1 1 454 1423 1000
2665 2 2 1 1 559 1425 988
2666 2 2 1 1 469 1424 993
2667 2 2 1 1 1068 1303 1069
2668 2 2 1 1 1073 1304 1074
2669 2 2 1 1 1078 1305 1079
2670 2 2 1 1 1065 1306 1066
2671 2 2 1 1 1081 1307 1082
2672 2 2 1 1 782 1253 783
2673 2 2 1 1 814 1258 815
2674 2 2 1 1 879 1255 880
2675 2 2 1 1 837 1263 838
2676 2 2 1 1 760 1250 761
2677 2 2 1 1 820 1260 821
2678 2 2 1 1 810 1269 811
2679 2 2 1 1 806 1272 807
2680 2 2 1 1 808 1266 809
2681 2 2 1 1 1254 1509 753
2682 2 2 1 1 1259 1508 748
2683 2 2 1 1 1083 1329 665
2684 2 2 1 1 241 1392 900
2685 2 2 1 1 246 1393 901
2686 2 2 1 1 562 1439 989
2687 2 2 1 1 508 1437 1005
2688 2 2 1 1 424 1438 997
2689 2 2 1 1 935 1415 608
2690 2 2 1 1 933 1416 575
2691 2 2 1 1 900 1275 860
2692 2 2 1 1 924 1426 572
2693 2 2 1 1 460 1429 912
2694 2 2 1 1 673 1427 931
2695 2 2 1 1 568 1428 918
2696 2 2 1 1 480 1315 479
2697 2 2 1 1 457 1432 917
2698 2 2 1 1 439 1431 927
2699 2 2 1 1 670 1430 905
2700 2 2 1 1 571 1433 920
2701 2 2 1 1 517 1434 910
2702 2 2 1 1 493 1436 907
2703 2 2 1 1 514 1435 911
2704 2 2 1 1 710 1406 1158
2705 2 2 1 1 948 1653 947
2706 2 2 1 1 595 1445 909
2707 2 2 1 1 625 1446 919
2708 2 2 1 1 583 1441 908
2709 2 2 1 1 679 1444 925
2710 2 2 1 1 697 1442 928
2711 2 2 1 1 463 1443 913
2712 2 2 1 1 923 1447 647
2713 2 2 1 1 864 1283 1280
2714 2 2 1 1 842 1282 1279
2715 2 2 1 1 1149 1650 746
2716 2 2 1 1 1152 1649 749
2717 2 2 1 1 1150 1652 754
2718 2 2 1 1 1151 1647 745
2719 2 2 1 1 1148 1651 755
2720 2 2 1 1 1154 1648 751
2721 2 2 1 1 1155 1646 750
2722 2 2 1 1 432 1324 431
2723 2 2 1 1 687 1323 686
2724 2 2 1 1 915 1395 656
2725 2 2 1 1 753 1509 287
2726 2 2 1 1 748 1508 302
2727 2 2 1 1 346 1406 710
2728 2 2 1 1 1042 1351 940
2729 2 2 1 1 855 1407 1147
2730 2 2 1 1 755 1527 374
2731 2 2 1 1 754 1528 350
2732 2 2 1 1 751 1526 338
2733 2 2 1 1 749 1523 368
2734 2 2 1 1 745 1525 386
2735 2 2 1 1 750 1524 311
2736 2 2 1 1 746 1522 380
2737 2 2 1 1 1214 1327 1212
2738 2 2 1 1 1210 1328 1208
2739 2 2 1 1 1122 1454 449
2740 2 2 1 1 1121 1453 605
2741 2 2 1 1 1120 1452 524
2742 2 2 1 1 1119 1451 554
2743 2 2 1 1 1217 1295 827
2744 2 2 1 1 1219 1294 779
2745 2 2 1 1 1223 1297 757
2746 2 2 1 1 1227 1298 832
2747 2 2 1 1 1229 1296 888
2748 2 2 1 1 998 1383 590
2749 2 2 1 1 421 1387 999
2750 2 2 1 1 472 1388 992
2751 2 2 1 1 580 1384 1003
2752 2 2 1 1 945 1353 948
2753 2 2 1 1 1125 1456 407
2754 2 2 1 1 1124 1455 488
2755 2 2 1 1 1123 1457 533
2756 2 2 1 1 1096 1634 1162
2757 2 2 1 1 1098 1633 1160
2758 2 2 1 1 1225 1302 787
2759 2 2 1 1 1221 1301 785
2760 2 2 1 1 1175 1285 941
2761 2 2 1 1 529 1398 903
2762 2 2 1 1 484 1399 914
2763 2 2 1 1 403 1400 926
2764 2 2 1 1 520 1401 934
2765 2 2 1 1 676 1386 916
2766 2 2 1 1 436 1389 922
2767 2 2 1 1 208 1682 986
2768 2 2 1 1 448 1454 1046
2769 2 2 1 1 604 1453 1051
2770 2 2 1 1 523 1452 1055
2771 2 2 1 1 553 1451 1053
2772 2 2 1 1 978 1684 150
2773 2 2 1 1 982 1683 93
2774 2 2 1 1 980 1685 175
2775 2 2 1 1 984 1681 147
2776 2 2 1 1 1163 1287 1015
2777 2 2 1 1 1165 1286 1011
2778 2 2 1 1 1164 1288 1013
2779 2 2 1 1 1608 1682 210
2780 2 2 1 1 1127 1470 383
2781 2 2 1 1 1134 1476 362
2782 2 2 1 1 1131 1475 344
2783 2 2 1 1 1129 1474 341
2784 2 2 1 1 1130 1478 392
2785 2 2 1 1 1133 1479 305
2786 2 2 1 1 1132 1480 284
2787 2 2 1 1 1128 1471 371
2788 2 2 1 1 1135 1477 308
2789 2 2 1 1 1136 1473 353
2790 2 2 1 1 1137 1472 377
2791 2 2 1 1 406 1456 1049
2792 2 2 1 1 487 1455 1048
2793 2 2 1 1 532 1457 1050
2794 2 2 1 1 228 1669 953
2795 2 2 1 1 708 1517 1276
2796 2 2 1 1 1110 1657 1268
2797 2 2 1 1 1108 1655 1252
2798 2 2 1 1 1102 1660 1262
2799 2 2 1 1 1112 1658 1265
2800 2 2 1 1 1104 1659 1257
2801 2 2 1 1 1116 1654 1274
2802 2 2 1 1 1114 1656 1271
2803 2 2 1 1 313 1463 1155
2804 2 2 1 1 367 1462 1153
2805 2 2 1 1 376 1468 1148
2806 2 2 1 1 340 1465 1154
2807 2 2 1 1 388 1464 1151
2808 2 2 1 1 352 1467 1150
2809 2 2 1 1 370 1466 1152
2810 2 2 1 1 382 1469 1149
2811 2 2 1 1 304 1482 1159
2812 2 2 1 1 349 1483 1156
2813 2 2 1 1 289 1481 1161
2814 2 2 1 1 1297 1316 757
2815 2 2 1 1 1298 1322 832
2816 2 2 1 1 1296 1320 888
2817 2 2 1 1 1294 1318 779
2818 2 2 1 1 1295 1319 827
2819 2 2 1 1 937 1661 133
2820 2 2 1 1 218 1662 943
2821 2 2 1 1 205 1663 1016
2822 2 2 1 1 594 1498 593
2823 2 2 1 1 582 1492 581
2824 2 2 1 1 624 1499 623
2825 2 2 1 1 675 1495 674
2826 2 2 1 1 672 1494 671
2827 2 2 1 1 438 1496 437
2828 2 2 1 1 456 1493 455
2829 2 2 1 1 474 1497 473
2830 2 2 1 1 876 1333 1332
2831 2 2 1 1 1302 1321 787
2832 2 2 1 1 1301 1317 785
2833 2 2 1 1 986 1682 1608
2834 2 2 1 1 944 1666 227
2835 2 2 1 1 1277 1680 1100
2836 2 2 1 1 1055 1452 1120
2837 2 2 1 1 1051 1453 1121
2838 2 2 1 1 1053 1451 1119
2839 2 2 1 1 1046 1454 1122
2840 2 2 1 1 1093 1449 973
2841 2 2 1 1 1092 1450 961
2842 2 2 1 1 1094 1448 977
2843 2 2 1 1 1092 1597 130
2844 2 2 1 1 1093 1598 105
2845 2 2 1 1 1094 1599 250
2846 2 2 1 1 974 1678 245
2847 2 2 1 1 966 1679 83
2848 2 2 1 1 958 1676 121
2849 2 2 1 1 962 1675 108
2850 2 2 1 1 970 1677 80
2851 2 2 1 1 565 1470 889
2852 2 2 1 1 628 1471 893
2853 2 2 1 1 598 1472 899
2854 2 2 1 1 682 1474 891
2855 2 2 1 1 655 1475 890
2856 2 2 1 1 586 1473 898
2857 2 2 1 1 391 1478 892
2858 2 2 1 1 427 1479 896
2859 2 2 1 1 466 1477 897
2860 2 2 1 1 511 1480 895
2861 2 2 1 1 646 1476 894
2862 2 2 1 1 663 1458 662
2863 2 2 1 1 259 1667 258
2864 2 2 1 1 260 1667 259
2865 2 2 1 1 193 1668 192
2866 2 2 1 1 194 1668 193
2867 2 2 1 1 949 1671 178
2868 2 2 1 1 1101 1463 464
2869 2 2 1 1 1099 1462 644
2870 2 2 1 1 1103 1464 389
2871 2 2 1 1 1111 1465 680
2872 2 2 1 1 1113 1466 626
2873 2 2 1 1 1107 1467 584
2874 2 2 1 1 1109 1468 596
2875 2 2 1 1 1115 1469 563
2876 2 2 1 1 1050 1457 1123
2877 2 2 1 1 1049 1456 1125
2878 2 2 1 1 1048 1455 1124
2879 2 2 1 1 1095 1481 509
2880 2 2 1 1 1097 1482 425
2881 2 2 1 1 1105 1483 653
2882 2 2 1 1 251 1612 1117
2883 2 2 1 1 1059 1555 985
2884 2 2 1 1 1061 1553 981
2885 2 2 1 1 1063 1554 983
2886 2 2 1 1 89 1380 1278
2887 2 2 1 1 1057 1552 979
2888 2 2 1 1 902 1459 90
2889 2 2 1 1 661 1520 660
2890 2 2 1 1 649 1519 648
2891 2 2 1 1 574 1518 573
2892 2 2 1 1 1229 1372 1296
2893 2 2 1 1 1219 1373 1294
2894 2 2 1 1 1227 1375 1298
2895 2 2 1 1 1217 1374 1295
2896 2 2 1 1 1223 1376 1297
2897 2 2 1 1 658 1506 657
2898 2 2 1 1 577 1505 576
2899 2 2 1 1 1167 1461 793
2900 2 2 1 1 1270 1523 749
2901 2 2 1 1 1273 1522 746
2902 2 2 1 1 1267 1527 755
2903 2 2 1 1 1264 1526 751
2904 2 2 1 1 1251 1528 754
2905 2 2 1 1 1256 1525 745
2906 2 2 1 1 1261 1524 750
2907 2 2 1 1 207 1663 206
2908 2 2 1 1 133 1661 132
2909 2 2 1 1 206 1663 205
2910 2 2 1 1 220 1662 219
2911 2 2 1 1 132 1661 131
2912 2 2 1 1 219 1662 218
2913 2 2 1 1 229 1669 228
2914 2 2 1 1 230 1669 229
2915 2 2 1 1 226 1666 225
2916 2 2 1 1 227 1666 226
2917 2 2 1 1 178 1671 177
2918 2 2 1 1 177 1671 176
2919 2 2 1 1 245 1678 244
2920 2 2 1 1 79 1677 78
2921 2 2 1 1 244 1678 243
2922 2 2 1 1 121 1676 120
2923 2 2 1 1 120 1676 119
2924 2 2 1 1 80 1677 79
2925 2 2 1 1 82 1679 81
2926 2 2 1 1 108 1675 107
2927 2 2 1 1 83 1679 82
2928 2 2 1 1 107 1675 106
2929 2 2 1 1 1309 1407 855
2930 2 2 1 1 1342 1343 733
2931 2 2 1 1 495 1532 494
2932 2 2 1 1 519 1533 518
2933 2 2 1 1 610 1538 609
2934 2 2 1 1 435 1535 434
2935 2 2 1 1 429 1539 428
2936 2 2 1 1 483 1537 482
2937 2 2 1 1 402 1545 401
2938 2 2 1 1 459 1541 458
2939 2 2 1 1 696 1546 695
2940 2 2 1 1 462 1542 461
2941 2 2 1 1 528 1534 527
2942 2 2 1 1 477 1536 476
2943 2 2 1 1 669 1543 668
2944 2 2 1 1 567 1550 566
2945 2 2 1 1 678 1548 677
2946 2 2 1 1 411 1551 410
2947 2 2 1 1 516 1549 515
2948 2 2 1 1 513 1540 512
2949 2 2 1 1 492 1544 491
2950 2 2 1 1 570 1547 569
2951 2 2 1 1 902 1380 1300
2952 2 2 1 1 643 1557 642
2953 2 2 1 1 612 1572 611
2954 2 2 1 1 637 1563 636
2955 2 2 1 1 504 1580 503
2956 2 2 1 1 558 1561 557
2957 2 2 1 1 540 1581 539
2958 2 2 1 1 550 1560 549
2959 2 2 1 1 579 1567 578
2960 2 2 1 1 618 1568 617
2961 2 2 1 1 630 1569 629
2962 2 2 1 1 543 1564 542
2963 2 2 1 1 592 1566 591
2964 2 2 1 1 423 1584 422
2965 2 2 1 1 561 1562 560
2966 2 2 1 1 588 1586 587
2967 2 2 1 1 453 1571 452
2968 2 2 1 1 471 1573 470
2969 2 2 1 1 417 1575 416
2970 2 2 1 1 621 1582 620
2971 2 2 1 1 652 1588 651
2972 2 2 1 1 600 1574 599
2973 2 2 1 1 468 1576 467
2974 2 2 1 1 507 1578 506
2975 2 2 1 1 684 1587 683
2976 2 2 1 1 690 1589 689
2977 2 2 1 1 537 1559 536
2978 2 2 1 1 498 1577 497
2979 2 2 1 1 501 1558 500
2980 2 2 1 1 396 1590 395
2981 2 2 1 1 420 1583 419
2982 2 2 1 1 399 1570 398
2983 2 2 1 1 444 1585 443
2984 2 2 1 1 441 1579 440
2985 2 2 1 1 547 1565 546
2986 2 2 1 1 199 1672 198
2987 2 2 1 1 198 1672 197
2988 2 2 1 1 96 1673 95
2989 2 2 1 1 95 1673 94
2990 2 2 1 1 265 1674 264
2991 2 2 1 1 264 1674 263
2992 2 2 1 1 737 1607 1120
2993 2 2 1 1 1143 1485 763
2994 2 2 1 1 1142 1486 799
2995 2 2 1 1 1141 1487 859
2996 2 2 1 1 952 1460 1009
2997 2 2 1 1 889 1470 1127
2998 2 2 1 1 898 1473 1136
2999 2 2 1 1 899 1472 1137
3000 2 2 1 1 890 1475 1131
3001 2 2 1 1 893 1471 1128
3002 2 2 1 1 891 1474 1129
3003 2 2 1 1 892 1478 1130
3004 2 2 1 1 896 1479 1133
3005 2 2 1 1 894 1476 1134
3006 2 2 1 1 897 1477 1135
3007 2 2 1 1 895 1480 1132
3008 2 2 1 1 707 1611 1123
3009 2 2 1 1 729 1610 1124
3010 2 2 1 1 726 1609 1125
3011 2 2 1 1 1032 1506 1390
3012 2 2 1 1 1041 1505 1385
3013 2 2 1 1 969 1490 1018
3014 2 2 1 1 965 1491 1020
3015 2 2 1 1 947 1653 1343
3016 2 2 1 1 1145 1488 777
3017 2 2 1 1 1144 1489 801
3018 2 2 1 1 1118 1484 937
3019 2 2 1 1 953 1500 1146
3020 2 2 1 1 1140 1383 835
3021 2 2 1 1 1043 1440 874
3022 2 2 1 1 1149 1469 1115
3023 2 2 1 1 1148 1468 1109
3024 2 2 1 1 1155 1463 1101
3025 2 2 1 1 1151 1464 1103
3026 2 2 1 1 1154 1465 1111
3027 2 2 1 1 1153 1462 1099
3028 2 2 1 1 1152 1466 1113
3029 2 2 1 1 1150 1467 1107
3030 2 2 1 1 1156 1483 1105
3031 2 2 1 1 1159 1482 1097
3032 2 2 1 1 1161 1481 1095
3033 2 2 1 1 1327 1667 1212
3034 2 2 1 1 802 1384 1138
3035 2 2 1 1 847 1385 1166
3036 2 2 1 1 956 1556 1117
3037 2 2 1 1 92 1683 91
3038 2 2 1 1 93 1683 92
3039 2 2 1 1 150 1684 149
3040 2 2 1 1 209 1682 208
3041 2 2 1 1 210 1682 209
3042 2 2 1 1 146 1681 145
3043 2 2 1 1 174 1685 173
3044 2 2 1 1 175 1685 174
3045 2 2 1 1 149 1684 148
3046 2 2 1 1 147 1681 146
3047 2 2 1 1 1328 1668 1208
3048 2 2 1 1 1391 1458 1037
3049 2 2 1 1 766 1387 1172
3050 2 2 1 1 788 1388 1171
3051 2 2 1 1 861 1390 1169
3052 2 2 1 1 758 1386 1173
3053 2 2 1 1 774 1389 1170
3054 2 2 1 1 1168 1391 856
3055 2 2 1 1 1056 1607 1057
3056 2 2 1 1 1062 1609 1063
3057 2 2 1 1 1060 1610 1061
3058 2 2 1 1 1058 1611 1059
3059 2 2 1 1 1146 1440 957
3060 2 2 1 1 233 1596 1043
3061 2 2 1 1 804 1398 1199
3062 2 2 1 1 772 1399 1198
3063 2 2 1 1 849 1400 1197
3064 2 2 1 1 824 1401 1196
3065 2 2 1 1 1100 1644 1277
3066 2 2 1 1 1106 1632 1157
3067 2 2 1 1 238 1531 237
3068 2 2 1 1 222 1529 221
3069 2 2 1 1 273 1530 272
3070 2 2 1 1 979 1552 978
3071 2 2 1 1 981 1553 980
3072 2 2 1 1 983 1554 982
3073 2 2 1 1 985 1555 984
3074 2 2 1 1 1249 1395 830
3075 2 2 1 1 234 1596 233
3076 2 2 1 1 1268 1651 1110
3077 2 2 1 1 1271 1649 1114
3078 2 2 1 1 1265 1648 1112
3079 2 2 1 1 1257 1647 1104
3080 2 2 1 1 1262 1646 1102
3081 2 2 1 1 1274 1650 1116
3082 2 2 1 1 1252 1652 1108
3083 2 2 1 1 29 1594 109
3084 2 2 1 1 37 1595 179
3085 2 2 1 1 112 1591 111
3086 2 2 1 1 214 1592 213
3087 2 2 1 1 182 1593 181
3088 2 2 1 1 131 1484 1179
3089 2 2 1 1 160 1604 14
3090 2 2 1 1 187 1600 55
3091 2 2 1 1 144 1605 26
3092 2 2 1 1 110 1602 30
3093 2 2 1 1 180 1601 38
3094 2 2 1 1 127 1603 35
3095 2 2 1 1 158 1606 10
3096 2 2 1 1 986 1608 1147
3097 2 2 1 1 165 1613 164
3098 2 2 1 1 185 1614 184
3099 2 2 1 1 170 1615 169
3100 2 2 1 1 224 1624 223
3101 2 2 1 1 275 1620 274
3102 2 2 1 1 88 1617 87
3103 2 2 1 1 137 1616 136
3104 2 2 1 1 102 1619 101
3105 2 2 1 1 271 1622 270
3106 2 2 1 1 115 1625 114
3107 2 2 1 1 142 1623 141
3108 2 2 1 1 240 1618 239
3109 2 2 1 1 257 1626 256
3110 2 2 1 1 236 1621 235
3111 2 2 1 1 1021 1510 413
3112 2 2 1 1 1022 1511 281
3113 2 2 1 1 152 1629 16
3114 2 2 1 1 123 1628 33
3115 2 2 1 1 191 1627 53
3116 2 2 1 1 154 1630 12
3117 2 2 1 1 172 1631 28
3118 2 2 1 1 267 1638 41
3119 2 2 1 1 212 1637 68
3120 2 2 1 1 156 1639 6
3121 2 2 1 1 204 1642 52
3122 2 2 1 1 98 1641 20
3123 2 2 1 1 125 1636 23
3124 2 2 1 1 77 1640 76
3125 2 2 1 1 189 1635 69
3126 2 2 1 1 232 1643 64
3127 2 2 1 1 1181 1500 230
3128 2 2 1 1 1141 1512 974
3129 2 2 1 1 1142 1514 970
3130 2 2 1 1 1143 1513 958
3131 2 2 1 1 1144 1516 962
3132 2 2 1 1 1145 1515 966
3133 2 2 1 1 131 1661 1484
3134 2 2 1 1 1484 1661 937
3135 2 2 1 1 134 1501 1188
3136 2 2 1 1 1332 1333 736
3137 2 2 1 1 1178 1377 794
3138 2 2 1 1 1276 1517 242
3139 2 2 1 1 1181 1378 873
3140 2 2 1 1 1182 1379 818
3141 2 2 1 1 1183 1381 822
3142 2 2 1 1 1186 1382 867
3143 2 2 1 1 731 1656 1128
3144 2 2 1 1 719 1660 1135
3145 2 2 1 1 713 1654 1127
3146 2 2 1 1 704 1655 1136
3147 2 2 1 1 724 1659 1130
3148 2 2 1 1 728 1658 1129
3149 2 2 1 1 706 1657 1137
3150 2 2 1 1 1167 1507 949
3151 2 2 1 1 770 1410 1179
3152 2 2 1 1 828 1411 1180
3153 2 2 1 1 1500 1669 230
3154 2 2 1 1 885 1409 1184
3155 2 2 1 1 1205 1394 841
3156 2 2 1 1 1010 1487 1141
3157 2 2 1 1 1014 1485 1143
3158 2 2 1 1 1012 1486 1142
3159 2 2 1 1 812 1412 1185
3160 2 2 1 1 1189 1413 877
3161 2 2 1 1 764 1414 1187
3162 2 2 1 1 268 1502 1191
3163 2 2 1 1 99 1503 1190
3164 2 2 1 1 90 1645 4
3165 2 2 1 1 89 1408 1380
3166 2 2 1 1 1337 1461 720
3167 2 2 1 1 1215 1396 854
3168 2 2 1 1 1211 1397 869
3169 2 2 1 1 1019 1489 1144
3170 2 2 1 1 1017 1488 1145
3171 2 2 1 1 188 1522 1273
3172 2 2 1 1 124 1524 1261
3173 2 2 1 1 276 1525 1256
3174 2 2 1 1 266 1526 1264
3175 2 2 1 1 231 1523 1270
3176 2 2 1 1 203 1528 1251
3177 2 2 1 1 211 1527 1267
3178 2 2 1 1 784 1402 1220
3179 2 2 1 1 953 1669 1500
3180 2 2 1 1 875 1403 1239
3181 2 2 1 1 858 1404 1238
3182 2 2 1 1 840 1343 1342
3183 2 2 1 1 1008 1461 1167
3184 2 2 1 1 1294 1373 1078
3185 2 2 1 1 1296 1372 1068
3186 2 2 1 1 1295 1374 1073
3187 2 2 1 1 1298 1375 1065
3188 2 2 1 1 1297 1376 1081
3189 2 2 1 1 1202 1415 796
3190 2 2 1 1 1203 1416 863
3191 2 2 1 1 176 1671 1507
3192 2 2 1 1 176 1507 1233
3193 2 2 1 1 243 1678 1512
3194 2 2 1 1 78 1677 1514
3195 2 2 1 1 119 1676 1513
3196 2 2 1 1 81 1679 1515
3197 2 2 1 1 106 1675 1516
3198 2 2 1 1 778 1417 1218
3199 2 2 1 1 756 1418 1222
3200 2 2 1 1 826 1419 1216
3201 2 2 1 1 1207 1426 865
3202 2 2 1 1 1078 1373 1305
3203 2 2 1 1 1073 1374 1304
3204 2 2 1 1 1068 1372 1303
3205 2 2 1 1 1065 1375 1306
3206 2 2 1 1 1081 1376 1307
3207 2 2 1 1 243 1512 1238
3208 2 2 1 1 78 1514 1235
3209 2 2 1 1 119 1513 1234
3210 2 2 1 1 81 1515 1232
3211 2 2 1 1 106 1516 1236
3212 2 2 1 1 839 1423 1231
3213 2 2 1 1 776 1422 1232
3214 2 2 1 1 798 1421 1235
3215 2 2 1 1 792 1420 1233
3216 2 2 1 1 790 1424 1242
3217 2 2 1 1 833 1425 1244
3218 2 2 1 1 786 1427 1224
3219 2 2 1 1 887 1428 1228
3220 2 2 1 1 831 1429 1226
3221 2 2 1 1 97 1508 1259
3222 2 2 1 1 155 1509 1254
3223 2 2 1 1 816 1430 1230
3224 2 2 1 1 800 1431 1236
3225 2 2 1 1 762 1432 1234
3226 2 2 1 1 883 1433 1237
3227 2 2 1 1 1038 1518 1402
3228 2 2 1 1 1035 1519 1404
3229 2 2 1 1 1033 1520 1403
3230 2 2 1 1 852 1435 1240
3231 2 2 1 1 871 1434 1241
3232 2 2 1 1 845 1436 1243
3233 2 2 1 1 876 1556 1333
3234 2 2 1 1 1344 1488 705
3235 2 2 1 1 1341 1489 723
3236 2 2 1 1 1340 1485 714
3237 2 2 1 1 1339 1486 734
3238 2 2 1 1 1335 1487 715
3239 2 2 1 1 1009 1460 1188
3240 2 2 1 1 1153 1680 747
3241 2 2 1 1 782 1437 1253
3242 2 2 1 1 814 1438 1258
3243 2 2 1 1 806 1439 1272
3244 2 2 1 1 272 1530 1164
3245 2 2 1 1 221 1529 1163
3246 2 2 1 1 237 1531 1165
3247 2 2 1 1 1507 1671 949
3248 2 2 1 1 879 1442 1255
3249 2 2 1 1 760 1441 1250
3250 2 2 1 1 837 1444 1263
3251 2 2 1 1 820 1443 1260
3252 2 2 1 1 808 1445 1266
3253 2 2 1 1 810 1446 1269
3254 2 2 1 1 1275 1447 860
3255 2 2 1 1 1174 1672 199
3256 2 2 1 1 1215 1608 210
3257 2 2 1 1 1380 1408 1300
3258 2 2 1 1 1377 1492 1039
3259 2 2 1 1 1379 1493 1036
3260 2 2 1 1 1382 1496 1030
3261 2 2 1 1 1381 1497 1028
3262 2 2 1 1 1397 1494 1031
3263 2 2 1 1 1394 1495 1029
3264 2 2 1 1 1396 1498 1040
3265 2 2 1 1 1378 1499 1034
3266 2 2 1 1 1512 1678 974
3267 2 2 1 1 1514 1677 970
3268 2 2 1 1 1513 1676 958
3269 2 2 1 1 1515 1679 966
3270 2 2 1 1 1516 1675 962
3271 2 2 1 1 415 1511 1201
3272 2 2 1 1 280 1510 1200
3273 2 2 1 1 1177 1674 265
3274 2 2 1 1 1176 1673 96
3275 2 2 1 1 1020 1491 1191
3276 2 2 1 1 1018 1490 1190
3277 2 2 1 1 1315 1501 479
3278 2 2 1 1 1300 1670 902
3279 2 2 1 1 1324 1503 431
3280 2 2 1 1 1323 1502 686
3281 2 2 1 1 978 1552 1192
3282 2 2 1 1 980 1553 1193
3283 2 2 1 1 982 1554 1194
3284 2 2 1 1 984 1555 1195
3285 2 2 1 1 743 1407 1309
3286 2 2 1 1 1300 1408 1023
3287 2 2 1 1 1343 1653 733
3288 2 2 1 1 1333 1556 956
3289 2 2 1 1 1200 1510 1021
3290 2 2 1 1 1201 1511 1022
3291 2 2 1 1 1230 1664 817
3292 2 2 1 1 859 1487 1335
3293 2 2 1 1 799 1486 1339
3294 2 2 1 1 763 1485 1340
3295 2 2 1 1 801 1489 1341
3296 2 2 1 1 777 1488 1344
3297 2 2 1 1 793 1461 1337
3298 2 2 1 1 109 1594 1282
3299 2 2 1 1 179 1595 1283
3300 2 2 1 1 1237 1665 884
3301 2 2 1 1 111 1591 1310
3302 2 2 1 1 181 1593 1308
3303 2 2 1 1 213 1592 1309
3304 2 2 1 1 581 1492 1377
3305 2 2 1 1 593 1498 1396
3306 2 2 1 1 623 1499 1378
3307 2 2 1 1 674 1495 1394
3308 2 2 1 1 437 1496 1382
3309 2 2 1 1 671 1494 1397
3310 2 2 1 1 455 1493 1379
3311 2 2 1 1 473 1497 1381
3312 2 2 1 1 1317 1601 180
3313 2 2 1 1 1316 1604 160
3314 2 2 1 1 1320 1600 187
3315 2 2 1 1 1318 1605 144
3316 2 2 1 1 1321 1602 110
3317 2 2 1 1 1322 1603 127
3318 2 2 1 1 1319 1606 158
3319 2 2 1 1 277 1670 1300
3320 2 2 1 1 1330 1615 170
3321 2 2 1 1 1337 1616 137
3322 2 2 1 1 1336 1613 165
3323 2 2 1 1 1334 1614 185
3324 2 2 1 1 1335 1618 240
3325 2 2 1 1 1332 1621 236
3326 2 2 1 1 1331 1623 142
3327 2 2 1 1 1344 1619 102
3328 2 2 1 1 1339 1620 275
3329 2 2 1 1 1340 1624 224
3330 2 2 1 1 1342 1626 257
3331 2 2 1 1 1341 1622 271
3332 2 2 1 1 1338 1617 88
3333 2 2 1 1 1345 1625 115
3334 2 2 1 1 1347 1629 152
3335 2 2 1 1 1350 1630 154
3336 2 2 1 1 1346 1631 172
3337 2 2 1 1 1348 1627 191
3338 2 2 1 1 1349 1628 123
3339 2 2 1 1 1354 1637 212
3340 2 2 1 1 1355 1642 204
3341 2 2 1 1 1356 1635 189
3342 2 2 1 1 1357 1636 125
3343 2 2 1 1 1358 1643 232
3344 2 2 1 1 1359 1641 98
3345 2 2 1 1 1361 1639 156
3346 2 2 1 1 1360 1640 77
3347 2 2 1 1 1362 1638 267
3348 2 2 1 1 902 1670 1459
3349 2 2 1 1 258 1667 1327
3350 2 2 1 1 662 1458 1391
3351 2 2 1 1 192 1668 1328
3352 2 2 1 1 1210 1665 1328
3353 2 2 1 1 1403 1520 661
3354 2 2 1 1 1404 1519 649
3355 2 2 1 1 1402 1518 574
3356 2 2 1 1 1214 1664 1327
3357 2 2 1 1 1459 1645 90
3358 2 2 1 1 1385 1505 577
3359 2 2 1 1 1390 1506 658
3360 2 2 1 1 1459 1670 1126
3361 2 2 1 1 1 1408 89
3362 2 2 1 1 9 1292 157
3363 2 2 1 1 13 1290 159
3364 2 2 1 1 25 1293 143
3365 2 2 1 1 34 1289 126
3366 2 2 1 1 48 1393 246
3367 2 2 1 1 54 1291 186
3368 2 2 1 1 59 1392 241
$EndElements
