$MeshFormat
2.2 0 8
$EndMeshFormat
$Nodes
1229
1 9.919639073093561e-17 1.62 0
2 -0.05196152422706622 1.53 0
3 -0.1558845726811989 1.53 0
4 -0.1039230484541325 1.44 0
5 -0.1558845726811988 1.35 0
6 -0.2598076211353315 1.35 0
7 -0.3117691453623979 1.44 0
8 -0.3637306695894642 1.35 0
9 -0.4676537180435968 1.35 0
10 -0.4156921938165304 1.26 0
11 -0.4676537180435968 1.17 0
12 -0.3637306695894642 1.17 0
13 -0.3117691453623978 1.08 0
14 -0.3637306695894642 0.99 0
15 -0.4676537180435968 0.99 0
16 -0.4156921938165304 0.9 0
17 -0.4676537180435968 0.8099999999999999 0
18 -0.5715767664977295 0.8099999999999999 0
19 -0.6235382907247958 0.8999999999999999 0
20 -0.6754998149518621 0.8099999999999999 0
21 -0.7794228634059948 0.8099999999999999 0
22 -0.8313843876330611 0.9 0
23 -0.7794228634059948 0.9900000000000001 0
24 -0.8833459118601275 0.99 0
25 -0.9353074360871938 1.08 0
26 -0.98726896031426 0.99 0
27 -1.091192008768393 0.9899999999999999 0
28 -1.039230484541326 0.8999999999999999 0
29 -1.091192008768393 0.8099999999999998 0
30 -1.195115057222525 0.8099999999999998 0
31 -1.247076581449592 0.8999999999999999 0
32 -1.299038105676658 0.8099999999999998 0
33 -1.402961154130791 0.8099999999999998 0
34 -1.350999629903724 0.7199999999999999 0
35 -1.402961154130791 0.6299999999999999 0
36 -1.299038105676658 0.6299999999999998 0
37 -1.247076581449592 0.5399999999999998 0
38 -1.299038105676658 0.4499999999999998 0
39 -1.402961154130791 0.4499999999999998 0
40 -1.350999629903724 0.3599999999999998 0
41 -1.402961154130791 0.2699999999999998 0
42 -1.299038105676658 0.2699999999999998 0
43 -1.247076581449592 0.1799999999999998 0
44 -1.195115057222525 0.2699999999999998 0
45 -1.091192008768393 0.2699999999999998 0
46 -1.039230484541326 0.1799999999999998 0
47 -1.091192008768393 0.08999999999999977 0
48 -0.98726896031426 0.08999999999999977 0
49 -0.9353074360871937 -2.220446049250313e-16 0
50 -0.98726896031426 -0.09000000000000023 0
51 -1.091192008768393 -0.09000000000000025 0
52 -1.039230484541326 -0.1800000000000002 0
53 -1.091192008768393 -0.2700000000000002 0
54 -1.195115057222525 -0.2700000000000002 0
55 -1.247076581449592 -0.1800000000000002 0
56 -1.299038105676658 -0.2700000000000002 0
57 -1.402961154130791 -0.2700000000000002 0
58 -1.350999629903724 -0.3600000000000003 0
59 -1.402961154130791 -0.4500000000000003 0
60 -1.299038105676658 -0.4500000000000003 0
61 -1.247076581449592 -0.5400000000000003 0
62 -1.299038105676658 -0.6300000000000002 0
63 -1.402961154130791 -0.6300000000000002 0
64 -1.350999629903724 -0.7200000000000003 0
65 -1.402961154130791 -0.8100000000000003 0
66 -1.299038105676658 -0.8100000000000003 0
67 -1.247076581449592 -0.9000000000000002 0
68 -1.195115057222526 -0.8100000000000003 0
69 -1.091192008768393 -0.8100000000000003 0
70 -1.039230484541326 -0.9000000000000002 0
71 -1.091192008768393 -0.9900000000000002 0
72 -0.9872689603142603 -0.9900000000000003 0
73 -0.9353074360871939 -1.08 0
74 -0.8833459118601276 -0.9900000000000003 0
75 -0.779422863405995 -0.9900000000000003 0
76 -0.8313843876330612 -0.9000000000000004 0
77 -0.7794228634059949 -0.8100000000000004 0
78 -0.6754998149518623 -0.8100000000000004 0
79 -0.6235382907247959 -0.9000000000000004 0
80 -0.5715767664977296 -0.8100000000000004 0
81 -0.467653718043597 -0.8100000000000004 0
82 -0.4156921938165307 -0.9000000000000005 0
83 -0.4676537180435971 -0.9900000000000004 0
84 -0.3637306695894644 -0.9900000000000004 0
85 -0.3117691453623981 -1.080000000000001 0
86 -0.3637306695894644 -1.170000000000001 0
87 -0.4676537180435971 -1.170000000000001 0
88 -0.4156921938165308 -1.26 0
89 -0.4676537180435971 -1.350000000000001 0
90 -0.3637306695894645 -1.350000000000001 0
91 -0.3117691453623982 -1.440000000000001 0
92 -0.2598076211353318 -1.350000000000001 0
93 -0.1558845726811992 -1.350000000000001 0
94 -0.1039230484541329 -1.440000000000001 0
95 -0.1558845726811992 -1.530000000000001 0
96 -0.05196152422706658 -1.53 0
97 -2.775557561562891e-16 -1.620000000000001 0
98 0.05196152422706605 -1.53 0
99 0.1558845726811987 -1.53 0
100 0.1039230484541324 -1.440000000000001 0
101 0.1558845726811987 -1.350000000000001 0
102 0.2598076211353313 -1.350000000000001 0
103 0.3117691453623976 -1.440000000000001 0
104 0.363730669589464 -1.350000000000001 0
105 0.4676537180435966 -1.350000000000001 0
106 0.4156921938165303 -1.26 0
107 0.4676537180435966 -1.17 0
108 0.363730669589464 -1.170000000000001 0
109 0.3117691453623977 -1.080000000000001 0
110 0.363730669589464 -0.9900000000000005 0
111 0.4676537180435967 -0.9900000000000005 0
112 0.4156921938165303 -0.9000000000000006 0
113 0.4676537180435967 -0.8100000000000006 0
114 0.5715767664977293 -0.8100000000000006 0
115 0.6235382907247956 -0.9000000000000006 0
116 0.675499814951862 -0.8100000000000006 0
117 0.7794228634059945 -0.8100000000000006 0
118 0.8313843876330609 -0.9000000000000006 0
119 0.7794228634059945 -0.9900000000000005 0
120 0.8833459118601271 -0.9900000000000005 0
121 0.9353074360871935 -1.080000000000001 0
122 0.9872689603142598 -0.9900000000000005 0
123 1.091192008768392 -0.9900000000000005 0
124 1.039230484541326 -0.9000000000000007 0
125 1.091192008768392 -0.8100000000000007 0
126 1.195115057222525 -0.8100000000000007 0
127 1.247076581449591 -0.9000000000000007 0
128 1.299038105676658 -0.8100000000000007 0
129 1.40296115413079 -0.8100000000000007 0
130 1.350999629903724 -0.7200000000000008 0
131 1.40296115413079 -0.6300000000000008 0
132 1.299038105676658 -0.6300000000000007 0
133 1.247076581449591 -0.5400000000000007 0
134 1.299038105676658 -0.4500000000000007 0
135 1.40296115413079 -0.4500000000000007 0
136 1.350999629903724 -0.3600000000000007 0
137 1.40296115413079 -0.2700000000000007 0
138 1.299038105676658 -0.2700000000000006 0
139 1.247076581449591 -0.1800000000000006 0
140 1.195115057222525 -0.2700000000000006 0
141 1.091192008768392 -0.2700000000000006 0
142 1.039230484541326 -0.1800000000000005 0
143 1.091192008768392 -0.09000000000000058 0
144 0.9872689603142598 -0.09000000000000055 0
145 0.9353074360871936 -5.551115123125783e-16 0
146 0.9872689603142599 0.08999999999999943 0
147 1.091192008768393 0.0899999999999994 0
148 1.039230484541326 0.1799999999999994 0
149 1.091192008768393 0.2699999999999994 0
150 1.195115057222525 0.2699999999999994 0
151 1.247076581449592 0.1799999999999994 0
152 1.299038105676658 0.2699999999999994 0
153 1.40296115413079 0.2699999999999994 0
154 1.350999629903724 0.3599999999999994 0
155 1.40296115413079 0.4499999999999993 0
156 1.299038105676658 0.4499999999999994 0
157 1.247076581449592 0.5399999999999994 0
158 1.299038105676658 0.6299999999999993 0
159 1.402961154130791 0.6299999999999993 0
160 1.350999629903724 0.7199999999999994 0
161 1.402961154130791 0.8099999999999994 0
162 1.299038105676658 0.8099999999999994 0
163 1.247076581449592 0.8999999999999995 0
164 1.195115057222525 0.8099999999999995 0
165 1.091192008768393 0.8099999999999995 0
166 1.039230484541326 0.8999999999999996 0
167 1.091192008768393 0.9899999999999995 0
168 0.98726896031426 0.9899999999999995 0
169 0.9353074360871937 1.08 0
170 0.8833459118601273 0.9899999999999995 0
171 0.7794228634059946 0.9899999999999995 0
172 0.8313843876330611 0.8999999999999996 0
173 0.7794228634059948 0.8099999999999995 0
174 0.6754998149518621 0.8099999999999995 0
175 0.6235382907247957 0.8999999999999995 0
176 0.5715767664977295 0.8099999999999996 0
177 0.4676537180435968 0.8099999999999996 0
178 0.4156921938165305 0.8999999999999997 0
179 0.4676537180435969 0.9899999999999998 0
180 0.3637306695894642 0.9899999999999998 0
181 0.3117691453623979 1.08 0
182 0.3637306695894643 1.17 0
183 0.4676537180435969 1.17 0
184 0.4156921938165306 1.26 0
185 0.467653718043597 1.35 0
186 0.3637306695894643 1.35 0
187 0.311769145362398 1.44 0
188 0.2598076211353316 1.35 0
189 0.155884572681199 1.35 0
190 0.1039230484541327 1.44 0
191 0.155884572681199 1.53 0
192 0.0519615242270664 1.53 0
193 -0.02598076211345996 1.575000000000127 0
194 -0.1039230484539943 1.53 0
195 -0.1299038105677383 1.485000000000126 0
196 -0.1299038105673516 1.395000000000544 0
197 -0.2078460969081133 1.35 0
198 -0.2857883832485507 1.394999999999456 0
199 -0.3377499074756144 1.395000000000548 0
200 -0.4156921938164004 1.35 0
201 -0.4416729559301334 1.305000000000121 0
202 -0.4416729559299937 1.215000000000121 0
203 -0.4156921938166606 1.17 0
204 -0.337749907476245 1.125000000000544 0
205 -0.3377499074758799 1.035000000000089 0
206 -0.4156921938164004 0.99 0
207 -0.4416729559301335 0.9450000000001211 0
208 -0.4416729559299937 0.855000000000121 0
209 -0.5196152422705764 0.8099999999999999 0
210 -0.5975575286111955 0.8549999999998836 0
211 -0.6495190528382564 0.8550000000001257 0
212 -0.7274613391788417 0.8099999999999999 0
213 -0.8054036255194608 0.8549999999998836 0
214 -0.8054036255195951 0.9449999999998837 0
215 -0.8313843876329744 0.9900000000000001 0
216 -0.9093266739735841 1.034999999999868 0
217 -0.9612881982006731 1.035000000000093 0
218 -1.039230484541326 0.9899999999999999 0
219 -1.065211246654916 0.9450000000000974 0
220 -1.065211246654803 0.8550000000000975 0
221 -1.143153532995329 0.8099999999999998 0
222 -1.221095819336002 0.8549999999999023 0
223 -1.273057343563058 0.8550000000001162 0
224 -1.350999629903594 0.8099999999999998 0
225 -1.376980392017314 0.7650000000000974 0
226 -1.376980392017201 0.6750000000000974 0
227 -1.350999629903854 0.6299999999999999 0
228 -1.273057343563192 0.5850000000001161 0
229 -1.273057343563049 0.4950000000001324 0
230 -1.350999629903594 0.4499999999999998 0
231 -1.376980392017309 0.4050000000000893 0
232 -1.376980392017206 0.3150000000000893 0
233 -1.350999629903854 0.2699999999999998 0
234 -1.273057343563188 0.2250000000001081 0
235 -1.221095819336113 0.2249999999999062 0
236 -1.143153532995589 0.2699999999999998 0
237 -1.065211246654911 0.2250000000000893 0
238 -1.065211246654803 0.1350000000000974 0
239 -1.039230484541543 0.08999999999999977 0
240 -0.9612881982007904 0.04500000000010976 0
241 -0.961288198200666 -0.04499999999989489 0
242 -1.039230484541326 -0.09000000000000025 0
243 -1.065211246654909 -0.1349999999999148 0
244 -1.065211246654806 -0.2249999999999066 0
245 -1.143153532995329 -0.2700000000000002 0
246 -1.221095819336007 -0.2250000000000897 0
247 -1.27305734356306 -0.2249999999998878 0
248 -1.350999629903594 -0.2700000000000002 0
249 -1.376980392017314 -0.3149999999999026 0
250 -1.376980392017206 -0.4049999999999108 0
251 -1.350999629903854 -0.4500000000000003 0
252 -1.273057343563183 -0.4949999999999002 0
253 -1.273057343563058 -0.5849999999998839 0
254 -1.350999629903594 -0.6300000000000002 0
255 -1.376980392017314 -0.6749999999999027 0
256 -1.376980392017201 -0.7649999999999028 0
257 -1.350999629903854 -0.8100000000000003 0
258 -1.273057343563192 -0.854999999999884 0
259 -1.221095819336115 -0.8550000000000978 0
260 -1.14315353299559 -0.8100000000000003 0
261 -1.065211246654916 -0.8549999999999027 0
262 -1.065211246654803 -0.9449999999999027 0
263 -1.039230484541348 -0.9900000000000002 0
264 -0.9612881982007661 -1.034999999999933 0
265 -0.9093266739737654 -1.035000000000182 0
266 -0.8313843876331913 -0.9900000000000003 0
267 -0.8054036255194555 -0.9450000000001261 0
268 -0.8054036255195952 -0.8550000000001167 0
269 -0.7274613391790586 -0.8100000000000004 0
270 -0.6495190528383963 -0.8549999999998841 0
271 -0.5975575286113299 -0.8550000000001167 0
272 -0.5196152422708042 -0.8100000000000004 0
273 -0.4416729559301364 -0.8549999999998746 0
274 -0.441672955929994 -0.9449999999998794 0
275 -0.4156921938166717 -0.9900000000000004 0
276 -0.3377499074759756 -1.034999999999924 0
277 -0.3377499074758586 -1.124999999999875 0
278 -0.4156921938163898 -1.170000000000001 0
279 -0.4416729559301499 -1.214999999999852 0
280 -0.4416729559299968 -1.304999999999884 0
281 -0.4156921938166609 -1.350000000000001 0
282 -0.3377499074760039 -1.394999999999875 0
283 -0.2857883832489349 -1.395000000000122 0
284 -0.2078460969083794 -1.350000000000001 0
285 -0.1299038105677414 -1.394999999999871 0
286 -0.1299038105673507 -1.484999999999455 0
287 -0.1039230484542698 -1.53 0
288 -0.02598076211360716 -1.574999999999873 0
289 0.0259807621134594 -1.575000000000128 0
290 0.1039230484539914 -1.53 0
291 0.1299038105677597 -1.485000000000164 0
292 0.1299038105675943 -1.395000000000124 0
293 0.2078460969081457 -1.350000000000001 0
294 0.2857883832487919 -1.394999999999875 0
295 0.3377499074758609 -1.395000000000122 0
296 0.4156921938164002 -1.350000000000001 0
297 0.4416729559301306 -1.305000000000117 0
298 0.4416729559299963 -1.215000000000116 0
299 0.4156921938166604 -1.17 0
300 0.3377499074760034 -1.125000000000127 0
301 0.3377499074758676 -1.03500000000011 0
302 0.4156921938164436 -0.9900000000000005 0
303 0.4416729559301334 -0.9450000000001216 0
304 0.4416729559299936 -0.8550000000001217 0
305 0.5196152422705004 -0.8100000000000006 0
306 0.5975575286111953 -0.8549999999998843 0
307 0.6495190528382616 -0.8550000000001169 0
308 0.7274613391787982 -0.8100000000000006 0
309 0.8054036255194605 -0.8549999999998843 0
310 0.8054036255195949 -0.9449999999998843 0
311 0.8313843876329308 -0.9900000000000005 0
312 0.9093266739736026 -1.034999999999901 0
313 0.9612881982006689 -1.035000000000101 0
314 1.039230484541239 -0.9900000000000005 0
315 1.06521124665517 -0.9450000000005399 0
316 1.065211246654792 -0.855000000000117 0
317 1.143153532995459 -0.8100000000000007 0
318 1.221095819335991 -0.8549999999998844 0
319 1.273057343563068 -0.8550000000000982 0
320 1.350999629903594 -0.8100000000000007 0
321 1.376980392017313 -0.7650000000000983 0
322 1.376980392017201 -0.6750000000000983 0
323 1.350999629903854 -0.6300000000000008 0
324 1.273057343563181 -0.5850000000000982 0
325 1.273057343563059 -0.4950000000001146 0
326 1.350999629903594 -0.4500000000000007 0
327 1.376980392017309 -0.4050000000000902 0
328 1.376980392017205 -0.3150000000000902 0
329 1.350999629903854 -0.2700000000000006 0
330 1.273057343563172 -0.225000000000082 0
331 1.221095819336116 -0.2249999999999004 0
332 1.143153532995459 -0.2700000000000006 0
333 1.065211246654919 -0.2250000000001047 0
334 1.065211246654796 -0.1350000000001088 0
335 1.039230484541499 -0.09000000000000057 0
336 0.9612881982007956 -0.04500000000011993 0
337 0.9612881982006639 0.04499999999989055 0
338 1.039230484541326 0.08999999999999941 0
339 1.065211246654905 0.1349999999999201 0
340 1.065211246654806 0.2249999999999058 0
341 1.143153532995329 0.2699999999999994 0
342 1.221095819336007 0.2250000000000889 0
343 1.27305734356306 0.2249999999998871 0
344 1.350999629903594 0.2699999999999994 0
345 1.376980392017309 0.3149999999999099 0
346 1.376980392017205 0.4049999999999099 0
347 1.350999629903854 0.4499999999999993 0
348 1.273057343563183 0.4949999999998994 0
349 1.273057343563058 0.5849999999998831 0
350 1.350999629903594 0.6299999999999993 0
351 1.376980392017314 0.6749999999999018 0
352 1.376980392017201 0.7649999999999019 0
353 1.350999629903854 0.8099999999999994 0
354 1.273057343563192 0.8549999999998831 0
355 1.221095819336115 0.855000000000097 0
356 1.143153532995589 0.8099999999999995 0
357 1.065211246654916 0.8549999999999019 0
358 1.065211246654803 0.944999999999902 0
359 1.039230484541543 0.9899999999999995 0
360 0.9612881982007658 1.034999999999932 0
361 0.909326673973737 1.035000000000132 0
362 0.8313843876331477 0.9899999999999995 0
363 0.8054036255194553 0.9450000000001253 0
364 0.8054036255195951 0.8550000000001159 0
365 0.7274613391790151 0.8099999999999995 0
366 0.6495190528383961 0.8549999999998832 0
367 0.5975575286115793 0.8550000000005481 0
368 0.5196152422707607 0.8099999999999996 0
369 0.4416729559301362 0.8549999999998739 0
370 0.4416729559299938 0.9449999999998787 0
371 0.4156921938166173 0.9899999999999998 0
372 0.3377499074759661 1.034999999999939 0
373 0.3377499074756171 1.124999999999456 0
374 0.4156921938164005 1.17 0
375 0.4416729559301363 1.214999999999874 0
376 0.4416729559299939 1.304999999999879 0
377 0.4156921938166174 1.35 0
378 0.3377499074762478 1.394999999999452 0
379 0.2857883832491788 1.395000000000544 0
380 0.2078460969083955 1.35 0
381 0.1299038105679819 1.394999999999452 0
382 0.1299038105675933 1.484999999999874 0
383 0.1039230484542777 1.53 0
384 0.02598076211360698 1.574999999999872 0
385 -0.4140194781011741 -0.8085729709580748 0
386 -0.4416729559301365 -0.7615192378865301 0
387 0.4932349946125572 -0.7628378711762372 0
388 0.9093266739737232 0.04499999999989054 0
389 0.4140194781011771 0.8085729709580738 0
390 -0.9055111501184488 0.05225655046478456 0
391 0.4416729559301362 0.7615192378865293 0
392 0.8763105665380918 -0.0002102904249650314 0
393 0.4386585275152338 -0.7632596189433397 0
394 -0.8752906245784156 0.003286237463278878 0
395 -0.4118651009446735 0.8101911324230671 0
396 -0.4416729559299865 0.7615192378865591 0
397 0.3806094417039188 0.7587569525807372 0
398 0.4153786911892097 0.6981608809951857 0
399 -0.3810183956113492 -0.7588916230174716 0
400 -0.4165085063146408 -0.6985710275193716 0
401 0.4666004836597529 -0.7093824428297506 0
402 -0.842818093500275 0.06068784213869476 0
403 1.011719319822594 0.2276208245783601 0
404 -1.011719319822594 -0.227620824578361 0
405 -0.2843566027208732 1.029862393991622 0
406 0.7503346828234261 -0.7640120299845503 0
407 0.2857883832489275 -1.03500000000011 0
408 -0.7534421012924182 0.7650000000000956 0
409 -0.3806089225878725 0.7581997260870811 0
410 -0.4181860812148986 0.6979153081658178 0
411 0.3967825352732942 -0.7097263018595845 0
412 -0.8105481336687648 -0.001144548419458329 0
413 0.4371841519086966 -0.6413775461558258 0
414 0.8473408026678695 0.05491059058898035 0
415 -0.7014805770654604 -0.7650000000001149 0
416 1.013249722427915 -0.2249999999999993 0
417 0.6924211088872291 0.7503809006135534 0
418 0.2854998458739121 1.030347891882085 0
419 -0.28401509880754 -1.030841296751067 0
420 -1.03469469890477 0.2708189076224475 0
421 -0.3386176052214105 0.6994954746415045 0
422 0.8104242291575019 -0.001363253473430939 0
423 -0.3803572872175896 0.6176075673493682 0
424 0.3499857017448685 -0.6360908375592835 0
425 0.773136943595904 0.06307630226745327 0
426 0.731064885114477 -0.0126380121978989 0
427 0.3351973160084219 0.6991193628356891 0
428 0.37457932460392 0.6248452379671017 0
429 -0.3364394952906161 -0.6988055249002212 0
430 -0.3739819464004107 -0.6180773116110936 0
431 -0.7681134610861027 0.06894471222157608 0
432 -0.7305690560369876 -0.008696697995701096 0
433 -0.2830564872788499 0.625125441463788 0
434 -0.3286320050453835 0.5232365669414658 0
435 -0.2766645794989334 -0.6194223081774117 0
436 -0.3256852859950912 -0.5225278195079988 0
437 0.3989537334011251 -0.5574793930135242 0
438 0.6811480430421577 0.07414975030671171 0
439 0.2567931927207717 1.081740381056544 0
440 0.2223661315290226 1.024411198721687 0
441 -0.2564188142646507 -1.083006262868904 0
442 -0.2193859492809062 -1.023989256844086 0
443 -0.808418053934266 0.7632596189432411 0
444 -0.7740047309018299 0.7067058291838255 0
445 0.8080848201737089 -0.763882946637285 0
446 0.7734204290137068 -0.7076026306396794 0
447 -1.064743932994814 0.3199757994256153 0
448 -1.003436177523993 0.3213744691065477 0
449 -0.250159634551006 1.079354606157529 0
450 -0.2217518766044817 1.020432141162044 0
451 0.2514610905905078 -1.08134173059287 0
452 0.2210451604120288 -1.023429532281564 0
453 -0.1936753627394124 0.5341095656041858 0
454 -0.2744509362408115 0.4143836113368352 0
455 0.2955732672598516 -0.5483819562455389 0
456 0.6281865092891272 -0.02016564234215226 0
457 0.5605748723736265 0.08382029694662166 0
458 0.1873171743410359 1.09129660737332 0
459 -0.1859855165682133 -1.090766518780913 0
460 -0.8519050120552869 0.7102654671258378 0
461 0.8429846823185093 -0.7096973986711373 0
462 0.8125986654855125 -0.6388861613953566 0
463 -0.1811019996037694 1.081557626087296 0
464 -1.036599644966076 0.3661193206422616 0
465 0.1819960049088523 -1.084505175393401 0
466 0.1400808589871146 1.020245199900188 0
467 -0.1371953806832059 -1.017428523203429 0
468 -0.8088579244512655 0.6438925626422581 0
469 -0.4286248412393646 -0.5366221464782279 0
470 0.7131384201189549 -0.1094416030714499 0
471 -0.1298586195546627 0.4078106409847096 0
472 -0.2074841976145004 0.3130792557872522 0
473 0.6484061301663052 0.2032887523793233 0
474 0.1008881464881126 1.34998504475509 0
475 -0.09888337133776866 -1.348680930859672 0
476 -1.118677270243045 0.7623642201767098 0
477 -1.120107773276835 -0.3153902921536733 0
478 1.120107773276835 0.3153902921536726 0
479 1.222206035678142 -0.4919723336808839 0
480 1.187921264182981 -0.5422208679276221 0
481 1.221969179796508 0.5876141520020408 0
482 -1.221969179796508 -0.5876141520020415 0
483 -1.03723024371855 -0.8120801702559441 0
484 1.03723024371855 0.8120801702559435 0
485 -0.3927356295409551 -0.4263622567390107 0
486 -0.2713165419397562 -0.4098328801380434 0
487 -0.5152711273722201 -0.4607794439368882 0
488 0.2532115951840841 -0.6428459050645925 0
489 1.189917027390629 0.5392712182416446 0
490 -1.189917027390629 -0.5392712182416448 0
491 1.062848545625816 0.7596933142436871 0
492 -1.062848545625816 -0.7596933142436879 0
493 0.4954777519780802 -0.03176420154184651 0
494 -1.002855144806661 -0.7596855923095421 0
495 1.160432954444036 -0.4880195793631065 0
496 1.002855144806661 0.7596855923095416 0
497 1.119547315395893 -0.5459695962641753 0
498 -0.7944807223130737 -0.08523799114767228 0
499 0.4644718353580933 0.6323016897697524 0
500 -0.7301506286053079 0.6427951206027691 0
501 -0.7668206120705113 0.5656638416319006 0
502 -0.6765574648521989 0.07224593111511479 0
503 1.084910884955479 -0.4808911363771812 0
504 -0.7315213427663628 0.1588976359530659 0
505 -0.2491319906654866 0.7333549545313239 0
506 -0.3528454001881551 -0.2837542103126608 0
507 -0.2045373313434634 -0.2890249551358546 0
508 0.4193304736987341 0.07600012032617143 0
509 -0.1449469144850442 1.013733993795956 0
510 0.1444235523840157 -1.021565367800377 0
511 -1.032064064550468 -0.700212745435264 0
512 -0.9584698757038599 -0.6979188606051433 0
513 1.032092065328588 0.700193431604325 0
514 0.9586207201107344 0.698305854719331 0
515 -0.1003591319925314 1.08877609671623 0
516 0.1041103880694194 -1.091259485522031 0
517 -0.8968157313093333 0.639783353908798 0
518 -0.1015983118279878 1.349492789980914 0
519 -1.218758856804806 0.5889565958438588 0
520 0.100888146487707 -1.349985044755182 0
521 1.00364533326547 0.6205933117683551 0
522 0.9073469879669416 0.6230875647684384 0
523 -1.003521672705904 -0.6206608370028254 0
524 -0.9065944167642929 -0.6206618043813231 0
525 -0.2296281327883314 1.304163158898337 0
526 0.2347282255228496 1.30515145334571 0
527 1.008942733696834 -0.8404308283716599 0
528 -1.244944912664405 0.453389882663589 0
529 -0.2347142347581858 -1.305137586891347 0
530 -1.010322400398138 0.8554124183439293 0
531 0.2296359147922777 -1.304189069818655 0
532 1.165558057150048 -0.760796960103197 0
533 -0.1888431834243962 -0.9503137137285014 0
534 0.1897458477221022 0.9528739813829327 0
535 0.7300302352760824 -0.6444431283606433 0
536 0.7659660993588406 -0.5594267890944696 0
537 0.2807594465621325 0.624252120795846 0
538 0.3528818631189027 -0.04607163740292185 0
539 0.8220614838287901 0.1105099024607239 0
540 0.0958040031356822 0.9388712526713936 0
541 -0.09128813327823071 -0.9304452116722599 0
542 -0.5440915050229543 0.76236422017667 0
543 -0.5440915050230802 -0.7623642201767181 0
544 0.9353074360873314 -0.09000000000000065 0
545 0.388181029097811 -0.8523791754216556 0
546 0.1877118670128503 -0.9551121836017649 0
547 0.422402489019256 0.5425782849464198 0
548 0.5427326890023445 0.5634463485227622 0
549 -1.192100628807747 0.5382596189433619 0
550 -0.129995789716764 -1.296934665680805 0
551 1.062196818240026 0.3167403810566815 0
552 -1.062196818240026 -0.3167403810566822 0
553 0.130434115758901 1.297395808068845 0
554 0.06690526885471779 1.297743759316216 0
555 -0.06689965946416125 -1.295893956097554 0
556 -1.157126731123298 0.5919409035420476 0
557 1.09261598254677 0.3702965487567176 0
558 1.020993990056201 0.3684832941288986 0
559 -1.09261598254677 -0.3702965487567183 0
560 -1.021023448203753 -0.368251017087157 0
561 -0.07661992457426056 0.2634850780829363 0
562 1.169613880671196 0.7647083471808052 0
563 -1.169613880671196 -0.7647083471808062 0
564 -0.3979839790938746 0.4174931409219039 0
565 -0.6868666640960586 -0.09491891227766594 0
566 0.178262638766235 -0.5513443248154845 0
567 -0.7416158258450626 -0.1812262981997463 0
568 -0.2688499428054396 0.9715078289724723 0
569 -0.9715685631700846 0.2652417967822346 0
570 -0.935418099486527 0.3252996186141294 0
571 -0.3634029495609645 -0.8099651885695311 0
572 0.363402949560984 0.8099651885695283 0
573 0.5197489547017763 -0.7196987804147722 0
574 -0.4713835270351602 0.6291725385197995 0
575 1.039731709775994 -0.551425714255192 0
576 0.9996776835402258 -0.4751950942450363 0
577 -0.1610623134633342 -0.8610223853644962 0
578 -0.0508980952010287 -0.8239446076426267 0
579 0.6708321727881562 -0.5748592438234574 0
580 0.7095417162323685 -0.4705233476194485 0
581 0.1587673688268422 0.8662439711586201 0
582 0.3624592296643584 -0.4555193624238238 0
583 -0.2671640002577217 -0.168351814608622 0
584 -0.1282386284399686 -0.1674670594715677 0
585 -0.3125540362642396 1.171123666153723 0
586 0.3094093117301074 1.167080084820927 0
587 -0.3094093117301989 -1.167080084821201 0
588 0.8551295354172692 -0.8508596886632356 0
589 -0.8588955523517385 0.8523791754214933 0
590 0.3125596135329223 -1.171133217263638 0
591 -1.170077353911905 0.3144807878677206 0
592 1.24786147235113 -0.6311236661536508 0
593 0.04953783419668405 0.8458537173139579 0
594 1.057723571686649 0.4319148182332672 0
595 -1.05772357168665 -0.4319148182332676 0
596 0.8588955523517872 0.8523791754216496 0
597 -0.8588955523517845 -0.8523791754216515 0
598 1.247063795480184 0.4494388403102513 0
599 -1.247063795480184 -0.4494388403102519 0
600 1.167629795747843 -0.317635779823359 0
601 -0.8807634321820671 0.1091133112426939 0
602 -0.3526414411426743 0.8151144653483963 0
603 0.1049705817627694 1.236923101008304 0
604 -1.12653419279819 0.5304038661079574 0
605 -0.1044677879129519 -1.237399169926722 0
606 -1.061927725176678 0.7599599655940541 0
607 -1.085917207763162 0.5979432360376864 0
608 -0.1378229275687534 1.300757408357093 0
609 0.03281784199526865 1.239088129380825 0
610 0.137514199842479 -1.301075395929848 0
611 -0.03281784199507126 -1.239088129380601 0
612 -0.6208878692017785 0.1725457821586983 0
613 -0.5614066903853923 0.05385291833083733 0
614 -0.6964244875683099 0.2682961853053317 0
615 0.4843315656505036 0.4390839718787004 0
616 0.3384066468746508 0.4427240191721805 0
617 0.614910431008416 0.4558494159931427 0
618 0.2753788086590451 0.06257264142827945 0
619 0.01488901690537649 0.408697792041108 0
620 0.03518380961672821 1.364995266729404 0
621 -1.192589410530486 0.64691945409427 0
622 -0.03587539188180421 -1.35471447321043 0
623 0.9786787336409812 0.4371732214357125 0
624 0.9415876438234376 0.3607033386223569 0
625 0.8908025039349059 0.4354697049421947 0
626 -0.9784767547270229 -0.437283512652014 0
627 -0.9417696710892681 -0.3595866998031504 0
628 -0.8884687174611843 -0.4374393196982859 0
629 -0.6624386290988629 0.5768930585021416 0
630 -0.5819906463109077 -0.5581237929455203 0
631 -0.0663256336504324 -0.2917173318273659 0
632 -0.9353074360872089 -0.08999999999992132 0
633 0.5440915050230705 0.7623642201766945 0
634 -0.9012575410632691 0.2540120171013135 0
635 0.2185959851202842 -0.06249936021666659 0
636 -1.035731810653038 0.5268131377802743 0
637 0.06883583869288541 1.171433150211519 0
638 -0.06875664701949483 -1.17141357415748 0
639 -0.6292415669400409 -0.1973961597271842 0
640 1.08623919170163 -0.6154771838735711 0
641 -0.2044229652389895 -0.04121369614555215 0
642 -0.7042481178374499 -0.298412563438137 0
643 0.6683997474067128 0.5770425107928621 0
644 1.162731380935591 0.5947338649558485 0
645 -1.162712450767384 -0.594744201833276 0
646 0.8446732590585055 0.3351762186478696 0
647 0.4359920610024198 -0.1652166257138759 0
648 1.002396745605603 -0.6335657338048023 0
649 1.213339703158317 0.6515365667917777 0
650 -1.213335322040041 -0.6515389591150861 0
651 -1.17041633944507 -0.3549640724137323 0
652 1.170416381579334 0.3549640494061855 0
653 -0.9788045982325541 -0.8342556124137751 0
654 0.9788045982325537 0.8342556124137751 0
655 1.212038914474581 -0.430593054968831 0
656 0.3362552061188661 1.214548570875807 0
657 -0.2841954797394368 1.30138058350758 0
658 -0.3362550551927349 -1.214548420786268 0
659 -0.884554257310545 0.8991251838688754 0
660 -1.271623000934161 0.4055344778066964 0
661 0.2842039463639705 -1.301391205228595 0
662 0.8824562366108839 -0.8972209923479295 0
663 -0.599323762931727 0.7592458927963481 0
664 -0.5685515215131473 0.7069153541667588 0
665 1.219626676533449 -0.7608846316848326 0
666 -0.5994635909296574 -0.7616848255214361 0
667 -1.222392465416539 -0.7623372296051245 0
668 1.222392465416537 0.7623372296051238 0
669 -0.8861921013002851 -0.8986902411591593 0
670 0.5974982443511339 0.7632670152604037 0
671 0.5699008919472235 0.7082024234152774 0
672 0.9598760210379154 -0.1383057930873843 0
673 0.9010392125584834 -0.141808253173739 0
674 1.271400195668992 0.402545305899214 0
675 -1.271400195668992 -0.402545305899215 0
676 0.3576423474404649 -0.8977014051436176 0
677 0.3270869537115588 -0.8437233324134472 0
678 0.8861921013002836 0.8986902411591567 0
679 1.220950933137209 -0.3183045115611283 0
680 -0.9834449038386499 -0.1800068888503773 0
681 -0.9516394820772588 -0.2318898270046199 0
682 0.982476789027545 0.1816852296277554 0
683 0.9505510715301924 0.2363764780182955 0
684 -0.1444063079367875 -0.7545629118874218 0
685 0.1286159568706643 0.7516982920245749 0
686 -0.008248185976573383 0.745264748457407 0
687 0.5811104983802284 -0.4918313158354655 0
688 0.653681846736249 -0.3493969533901686 0
689 0.7674226774553994 -0.3728182675645642 0
690 -0.1492384800320442 1.150845033089593 0
691 -0.9433465561360889 0.7222042969494635 0
692 0.1502559264554665 -1.152090044980801 0
693 -0.4762582954367052 0.1932465392685426 0
694 0.1387686481504312 -0.6796580527324929 0
695 0.0487013343419545 -0.5491080096386909 0
696 -0.05374910638863283 1.014303675492109 0
697 -0.1116757804426405 0.9307649286675987 0
698 0.05886509353241996 -1.017719083672257 0
699 0.09868348443003173 0.2835304231727893 0
700 0.03513781612041172 0.1422048981069693 0
701 -0.8697060440946838 -0.7167756761780872 0
702 -0.8154458779590367 -0.6261139117611667 0
703 1.056144063580474 -0.3967858955712321 0
704 0.8697060440946837 0.7167756761780867 0
705 0.817150745789889 0.6322777454159094 0
706 -0.3396781597356526 1.214718627730472 0
707 0.2852382883807004 1.305242435650557 0
708 0.3396792097769579 -1.214720425933274 0
709 0.9854467254456398 -0.8967854141846853 0
710 -1.220692131483306 0.3146408932323975 0
711 -0.2852356399002088 -1.305239809783225 0
712 -0.98732578526658 0.9014496322269961 0
713 1.274985595822773 -0.6747186277304644 0
714 -0.721590061441591 0.477204885352629 0
715 -0.8429834432891311 0.486639917407536 0
716 -0.2539446099293931 1.24394349980541 0
717 0.2816051418485523 1.215080267945968 0
718 -1.216912577935848 0.404919732053634 0
719 -0.2816051418486584 -1.215080267946367 0
720 0.9084234387171375 -0.8470472225835497 0
721 0.2539446099294255 -1.243943499805305 0
722 -0.9147684825329516 0.8508798043179007 0
723 1.189252046016664 -0.7039434998052703 0
724 -0.572534472290347 -0.7054465255811222 0
725 -0.9463017724752405 0.1961903228231873 0
726 -0.3340329177272074 -0.0458362550836756 0
727 0.966044821997035 -0.3953041223957763 0
728 0.9106980963698655 -0.4711095736269661 0
729 -0.645710657806276 -0.7177927373701911 0
730 0.9442666437268579 -0.203714498248721 0
731 0.8598850696003466 -0.2050242301397757 0
732 0.8229218074734425 -0.1235802690152213 0
733 0.904180430141601 -0.2703366398995709 0
734 0.6326448827046689 0.7179715334291682 0
735 -0.9195791462397972 -0.1616938472921189 0
736 -0.8790610939799397 -0.2374612487057683 0
737 1.12473947951345 0.5353737303845176 0
738 -1.12474510666646 -0.5354291850834876 0
739 -1.099593392254352 0.3764971773636169 0
740 1.093848877108531 0.7089270130407634 0
741 -1.093848877108531 -0.7089270130407646 0
742 1.161898219182895 0.4873881216609217 0
743 -1.161896196738236 -0.4873892260231398 0
744 -0.1688633149436824 -1.247600574367174 0
745 0.168898795164951 1.247609007596681 0
746 0.1963306515573382 -0.799496907449694 0
747 0.4114438731071713 0.314843088806919 0
748 -0.8648081227625619 0.3184484328612877 0
749 -0.07396634682148377 1.295059460098682 0
750 0.07270421183024579 -1.296904498734176 0
751 -1.09453805225289 0.7085972603187307 0
752 1.060584387559695 -0.7077570226414316 0
753 0.9730674974360114 -0.7156248072022149 0
754 0.04109134160962795 0.6269483294595095 0
755 -0.7842890918851664 -0.7042855513460371 0
756 -0.7342442909300246 -0.6377052919040843 0
757 -0.7501659147038238 -0.5455891986728525 0
758 1.009226146656507 -0.3316413276164621 0
759 0.7884322401228473 0.7038193433999755 0
760 0.4957101239425096 0.7124127665753375 0
761 0.9933341458694298 0.2941304985829982 0
762 -0.9935291086678264 -0.2940774900886167 0
763 0.3686433837417836 -0.785156577770741 0
764 -0.4956578042816375 -0.7113412258961765 0
765 -0.496892441127593 0.7129296642035921 0
766 0.1879752674362809 -1.265877322943024 0
767 0.8720735493445996 -0.7876191388211736 0
768 -1.181872698301123 0.4693593100366697 0
769 -0.879987075683288 0.7857471410832058 0
770 -0.2451682923262223 -1.151403630801173 0
771 -0.1880163230168651 1.265641059081322 0
772 0.2451682923262219 1.151403630800827 0
773 -0.6544136002364721 -0.4590332111228344 0
774 0.1071183445217123 -0.429931564306782 0
775 0.2959809231741316 -0.8978620286243986 0
776 0.9195379108882873 0.1780138762431462 0
777 -0.6322140888075458 0.7073876936818024 0
778 0.008776411101543981 -0.1517709593416642 0
779 -0.2735630781151225 0.07092010078878666 0
780 -0.2509005254961933 -0.8974299282399333 0
781 0.6526662734580957 -0.6676556232323618 0
782 0.25203763900439 0.8980183862547753 0
783 0.7309036550178931 0.4857886903394448 0
784 -0.845786731764125 -0.3293129928175729 0
785 -1.042749285047364 -0.5178828103335054 0
786 1.042637351971811 0.5175927671981412 0
787 -0.6238485897912374 0.4848029069403199 0
788 0.7690466379328 -0.2052913732247695 0
789 0.1594734743386803 1.173464119876497 0
790 -1.106456080140773 0.458106990307705 0
791 -0.1594734743385375 -1.173464119876719 0
792 0.171620513783642 0.4131257584792045 0
793 -0.07222249788011585 1.167068127401891 0
794 -0.9980131400533736 0.6300241658479149 0
795 -0.929730177468525 0.5542647464628569 0
796 0.07219303076952326 -1.167177000764698 0
797 0.2582476992928414 0.3023124278828924 0
798 0.4917456763861066 -0.3733208194640704 0
799 0.8751950331926951 0.2430213450810447 0
800 0.9048600599903627 -0.6516294787359392 0
801 -0.0382795551161535 1.355695040767871 0
802 0.03685379895064898 -1.364690425862152 0
803 -1.164970473234455 0.7142689326163911 0
804 0.7114541644472844 0.3530938513863712 0
805 -0.4595226518612802 -0.6279949303009063 0
806 0.3182091791202334 -0.7167328288976536 0
807 0.04523115083298043 1.017503143806568 0
808 -0.03940003510170992 -1.013747916515631 0
809 0.7413070245096602 0.6437785240072058 0
810 1.016187525662236 -0.7726383489616576 0
811 -0.9529675143077447 0.4646940577389743 0
812 0.7788762459154596 0.2425931275613543 0
813 -0.8789566928262392 0.1792227155746905 0
814 0.5635339290856616 -0.2435108534253316 0
815 -0.6033490434689248 0.6441286434931262 0
816 -0.08218387718862885 0.6211850577855422 0
817 0.075350736431696 -0.7942384484202148 0
818 1.132876246338727 -0.7166606280780845 0
819 0.8360998427546569 0.5279204490439382 0
820 -0.1157659978097054 0.08041742891734066 0
821 0.01396920051069815 -0.002799868930954828 0
822 0.2852309224313737 -0.1789079453735956 0
823 0.3511945549904192 -0.3101908678973562 0
824 0.2008285891868472 -0.3084686158332783 0
825 -1.089486715514026 -0.5935925487201823 0
826 1.089543933058651 0.5935613049013755 0
827 -0.1413189290426804 -0.4125509935802476 0
828 -0.5750513559363025 -0.08287735302782581 0
829 -0.4909637298615506 -0.2040513292272759 0
830 -1.19497814218065 -0.7121943029370572 0
831 -1.247002295266688 -0.7131204243176523 0
832 1.194978142180648 0.7121943029370568 0
833 1.247002295266687 0.7131204243176513 0
834 -1.214267429864358 -0.4012157233729468 0
835 -1.241088088105147 -0.3566200716950542 0
836 1.214267429864358 0.4012157233729461 0
837 1.241088088105147 0.3566200716950534 0
838 0.9128537242384234 0.8413271991791463 0
839 0.9412103079311209 0.8927695949269183 0
840 0.872203517594851 0.7942647159389322 0
841 -0.913074067252493 -0.8416893377260933 0
842 -0.9412470152906363 -0.8928299175409258 0
843 -0.872191428671903 -0.7943362145680387 0
844 1.185870812147471 -0.3698839505565032 0
845 1.243908580491297 -0.3687885662969764 0
846 1.124861044157058 -0.3590546751608752 0
847 -0.3429131504972468 0.2873593915793505 0
848 -0.08004501554755358 -1.485495419687019 0
849 -0.0303550902999809 -1.482515206530875 0
850 0.3115900933572591 1.350052158859537 0
851 -0.3118490251132414 1.349586247587926 0
852 0.3895135824923457 1.30500596783887 0
853 -0.3902790560175418 1.21509527651237 0
854 -0.08003731552521312 1.485390669790807 0
855 -0.02985948235941775 1.481632087107023 0
856 1.012824402910409 -0.9442346245654594 0
857 0.6226319982804378 0.8106189685935733 0
858 0.07790836078105615 1.483675667547621 0
859 0.05028047724215606 1.431200973942332 0
860 -0.0007540840659185406 -1.529375624731714 0
861 -0.0004002044363599429 1.52958085307509 0
862 0.07768048647501523 -1.484029392178368 0
863 0.05006779987758708 -1.433109666252211 0
864 -0.8575665406549811 0.9451385410926423 0
865 0.3118490251133545 -1.349586247587933 0
866 -0.3895082009204199 -1.21501037037152 0
867 -0.389513418112266 -1.305005804232625 0
868 0.3901145823967137 -1.214812851189423 0
869 -0.623801324479246 -0.8107897134654802 0
870 -0.3115895334269532 -1.350051603336781 0
871 0.3895082009204067 1.215010370371487 0
872 -0.3900806158746883 0.9452131485809574 0
873 -0.3287696245914306 0.9388759986784896 0
874 1.24713150835538 -0.8095502564526238 0
875 -0.3897830048184056 1.304783998430478 0
876 1.247384830481743 0.8092361171778473 0
877 0.6235382907247508 -0.8093990473581002 0
878 0.5952788792771244 -0.7699649758848213 0
879 -1.247384830481744 -0.8092361171778482 0
880 0.3898348813805436 -1.304755140132941 0
881 -0.8581534879836665 -0.944592414430408 0
882 1.014118709035331 -0.1349319529768092 0
883 0.8571324745306389 -0.9443354868825808 0
884 -1.24693267638276 0.2699234070060572 0
885 1.325154018414415 -0.7647844578847026 0
886 1.325087412951116 0.673276868728212 0
887 -1.32483176732048 0.7641099683917632 0
888 -1.297915502858523 0.7146598103504409 0
889 -1.325087412951116 -0.6732768687282129 0
890 -0.389190991448665 -0.9446995236790104 0
891 -0.369185701747186 -0.9005114249383666 0
892 1.324925608470891 -0.4069594155658003 0
893 1.3248327512544 0.3144860516837276 0
894 -1.324832751254401 -0.314486051683727 0
895 -1.324760279735648 0.405054048759507 0
896 -1.326191325060966 0.6733887411676117 0
897 -1.325370549453032 -0.7645816752850596 0
898 1.325370549453032 0.7645816752850587 0
899 -0.6247074231514413 0.8082946739171764 0
900 -1.246257340876776 0.8090973414869265 0
901 -1.216180375899347 0.7595840489214987 0
902 -1.015151376052094 0.1346596432175134 0
903 0.3891909914486559 0.94469952367901 0
904 0.369159920831803 0.9005103485966909 0
905 1.325421663085836 -0.6748094767316133 0
906 1.245618760159497 0.2690789482305052 0
907 -1.245618760159497 -0.2690789482305059 0
908 -1.324838369415944 0.3149908930035558 0
909 1.324511770312014 0.404350888121714 0
910 -1.324511770312014 -0.4043508881217148 0
911 0.9351306155195085 -0.9896119929529581 0
912 0.3876186836593737 -0.9449882796448497 0
913 0.8581534879836585 0.9445924144304065 0
914 -0.9354268594641857 0.9900728478503755 0
915 -1.014856997842391 -0.9439133447538781 0
916 1.014857014318587 0.9439133785643624 0
917 1.324925206187814 -0.3159768676476815 0
918 -0.9360942952829507 -0.989417982788793 0
919 0.9360943163640506 0.9894180273230528 0
920 1.247371612375368 -0.2703780075297618 0
921 -1.013301260151941 0.9453108122273757 0
922 -1.013707960204561 -0.1343701786342718 0
923 1.012533749180235 0.1348062616166585 0
924 -0.247968244171525 -0.7133185833624652 0
925 -0.1650443582307847 -0.6387572715789399 0
926 0.4967012579381447 -0.5756190278787884 0
927 0.2458778651461308 0.7134994177359242 0
928 0.2694190740241995 0.9694538753295576 0
929 0.7046977805739232 -0.7182283072244336 0
930 -0.2638516667394549 -0.9715835453230393 0
931 0.9497600089612591 -0.7941630464575408 0
932 -0.8348699862233566 -0.1681116308418761 0
933 0.5360276943913207 0.6523666196117081 0
934 -0.5378696423640479 -0.6350539880051675 0
935 0.2858305895833233 -0.7856024130975465 0
936 -0.9644214505961261 0.8069867167125998 0
937 0.1000206449308697 1.096514936392462 0
938 -0.09826910946658926 -1.095308807903388 0
939 -0.07516509823992037 1.399829467318361 0
940 -0.01427995086596642 1.421707433972267 0
941 0.2921779699230232 1.12104481933555 0
942 -0.07474096254454182 -1.399542469467581 0
943 -0.01390124755040345 -1.42161207603496 0
944 0.08403585847382231 1.396236257085256 0
945 0.185057260306011 1.302113900248178 0
946 -0.2818041795985329 1.128059168398069 0
947 -0.2585907151057799 1.176679091910815 0
948 -1.227810432957183 0.4992017623287505 0
949 -0.1838964289278483 1.314045147311855 0
950 -0.1229103952016162 1.230798853266402 0
951 0.4209463121900789 -0.813209063498327 0
952 0.5465294613629281 -0.7630888392098467 0
953 -0.2921779699230455 -1.121044819335784 0
954 -0.4937932242273202 -0.7710687756177025 0
955 -0.3876534253057671 -0.8548595184107157 0
956 0.08432732086753396 -1.396557027373934 0
957 0.3875640211562912 0.854853404052319 0
958 -0.3868453015571724 0.8593812571787562 0
959 -0.3302399144746583 0.8729626727586475 0
960 -0.2856021621498387 0.8240974995606483 0
961 -0.2673915487280187 0.8994780259634094 0
962 -0.1899231337156724 0.8428610712829157 0
963 -0.1314729400861128 0.7363501456221704 0
964 0.2821355002053855 -1.128584278879124 0
965 0.2585943300020067 -1.176685282444884 0
966 -0.8264254341789498 0.813277187089565 0
967 0.8240228787722064 -0.8134723548243156 0
968 -1.249442472885439 0.6350235986194692 0
969 -1.23820557783636 0.6984418059520446 0
970 -0.1849759608013081 -1.302033326569507 0
971 -1.255376394715667 -0.6236772601736245 0
972 0.9077203231168101 -0.04619805802098492 0
973 -0.8264775059861335 -0.8160239118423864 0
974 1.255376394715667 0.6236772601736236 0
975 1.255351424801648 -0.4562121810399992 0
976 -0.753720784436231 -0.7605750911966718 0
977 -0.9364095450930134 0.09664450427467193 0
978 -1.221095819336182 -0.4950000000000039 0
979 1.221095819336182 0.4950000000000031 0
980 -1.033344260540718 0.8084126071402831 0
981 1.217977116675792 -0.5888011202967278 0
982 1.193898151192633 -0.6366790919106149 0
983 -0.9055211974353354 -0.04621983447308765 0
984 -0.8739355551895983 -0.09976190379724953 0
985 1.117172770881991 0.7650000000001046 0
986 0.4938384178040442 0.7711751684116899 0
987 -1.1675702745805 0.7710908508596572 0
988 -1.117172770881992 -0.7650000000001053 0
989 1.037996200009574 -0.2745177039165592 0
990 1.044735707249284 0.2666089328183134 0
991 0.1838342816679926 -1.314137626955756 0
992 0.1229292878085516 -1.231385534556303 0
993 -1.04473545688372 -0.266609069531212 0
994 -1.119500071359501 0.3177790750298418 0
995 -1.167816392897089 -0.304645411929348 0
996 -0.3157326394270093 0.992857755680906 0
997 1.167816392897088 0.3046454119293474 0
998 -1.022743174037176 -0.8590392639528069 0
999 1.022743174037176 0.8590392639528066 0
1000 0.8263210328134427 0.8157584558779338 0
1001 -1.012016264316426 0.2233213804201985 0
1002 0.3171392952682645 -0.9928110731301736 0
1003 -0.4939851724789415 0.7713626244533642 0
1004 -0.7017119150720401 0.7714970849507761 0
1005 0.7557325133475746 0.7578107089582615 0
1006 0.9423804824652459 0.08513945720651829 0
1007 1.12017483897592 -0.3078053291453089 0
1008 1.113324783793468 -0.7632930010509937 0
1009 -0.7817930344855564 -0.4335752607007444 0
1010 0.5615539916720435 0.3246826735629925 0
1011 -1.027263145767355 0.7071565234638046 0
1012 0.1888398695629756 0.171319845081689 0
1013 0.9505887524678021 -0.5588776943539714 0
1014 -0.6674234682890917 -0.5854428413177173 0
1015 -0.02609737387391784 -0.6827490913368468 0
1016 0.7633874810342424 0.5701128551625031 0
1017 -0.0008146276074783242 1.105147397186684 0
1018 0.001674136634391966 -1.105348520980042 0
1019 0.1432499948335587 -0.8761999253685359 0
1020 0.6482057051029845 -0.7496804105573448 0
1021 -0.3248152440905497 -0.9358303083695094 0
1022 0.3250934111980859 0.9362241237159284 0
1023 -0.6538009984399985 0.3833149204386052 0
1024 -0.9653523983490397 0.1388299326244004 0
1025 -1.273057343563067 0.7650000000000415 0
1026 0.3404918079985771 0.1883314325845723 0
1027 -0.8104919956593306 0.2396692159521662 0
1028 -0.4174376534811995 0.06778925284728596 0
1029 -0.4663741855212817 0.3222177182538903 0
1030 0.8477439342222743 -0.0536110216468058 0
1031 0.2300855187932127 0.5288644631551531 0
1032 -0.8972896827055559 0.3989861385514993 0
1033 -0.8476750284773764 -0.5316638600846592 0
1034 0.5775989659205413 -0.1234865477355234 0
1035 0.3372250910740725 1.305070210744237 0
1036 0.3630673992596752 1.259965088736698 0
1037 -0.3376779245946769 1.303645581560623 0
1038 0.02484248552156034 -1.482792305412182 0
1039 -0.3642293173097424 1.259198082904521 0
1040 0.02745825574111089 1.485853031343521 0
1041 -0.3372243780160934 -1.305069503155192 0
1042 -0.3630671228027575 -1.259964814160955 0
1043 0.3642178957640299 -1.259152805235885 0
1044 -1.298414358769534 0.3600460604199712 0
1045 -0.6491911930465004 -0.7730534552714444 0
1046 -0.9097908128432383 0.9450218459651213 0
1047 0.9088202979272363 -0.9437919289476704 0
1048 0.3376905531391872 -1.303642851816835 0
1049 -1.273610191675434 -0.763079473461982 0
1050 1.273610191675434 0.763079473461981 0
1051 0.9938950571221903 -0.1762859247733607 0
1052 1.299526625176275 -0.719138232632886 0
1053 -1.272597152223527 0.3148997746346862 0
1054 1.297652668701648 0.3585600228311622 0
1055 -1.297652668701649 -0.3585600228311628 0
1056 -0.911210513955878 -0.9438642454231611 0
1057 0.6441392098350663 0.7704476835793397 0
1058 0.3312817413632064 -0.9472282727253589 0
1059 -0.6548012727480967 0.7605134147910615 0
1060 0.9605545811577564 -0.9436166203522041 0
1061 1.273054929864461 -0.3171933873006865 0
1062 0.9112105139558754 0.9438642454231585 0
1063 -0.961540599593238 0.9454152411371606 0
1064 1.273010825426379 -0.7635534874430299 0
1065 0.961288198200667 0.1332939373128258 0
1066 -0.9678616813368954 -0.1312141829553379 0
1067 1.06539059698404 -0.7676600815504943 0
1068 -0.002862882493473161 1.298075205954827 0
1069 0.002319091304956796 -1.297866980628718 0
1070 -1.127032351298556 0.6528848879918274 0
1071 0.1695574528068064 0.6265274589978871 0
1072 -0.799987897660397 -0.2432805317659426 0
1073 0.701189367260272 -0.7684560680916953 0
1074 -0.3148998809342737 -0.9914802104077699 0
1075 0.3149016241311152 0.9914818961847824 0
1076 -0.4422679777017631 0.5307000749727141 0
1077 -0.5755735816846048 -0.3246022836773444 0
1078 0.9758321080651214 -0.2721642825512791 0
1079 -0.7153695091463095 -0.7071654167738557 0
1080 0.7313941398380313 0.7058679966919409 0
1081 -0.5532207978874087 0.5636239079125844 0
1082 0.2368629320315304 0.8101481973040863 0
1083 -0.2399446124807745 -0.8094167794404605 0
1084 0.5825657424627249 -0.6126126640184212 0
1085 -0.2009645146310724 0.9465630845272835 0
1086 -0.8143012864133521 -0.76699940752187 0
1087 0.8153030352298989 0.7664048167255315 0
1088 1.073265717024654 -0.3233008219017396 0
1089 0.7851083828689092 -0.06008952929467024 0
1090 -0.9360779113011501 -0.769516508323818 0
1091 0.936078745202062 0.7694995516872395 0
1092 1.134752057503598 -0.4260386956457913 0
1093 0.9046162568369124 -0.7339952126119194 0
1094 -0.009918619294694635 0.9298948635949773 0
1095 0.2191693185094422 1.215098235711309 0
1096 -0.2191693185097795 -1.215098235712172 0
1097 -1.157806246770198 0.4038913783042835 0
1098 0.946073404140694 -0.3277756099724379 0
1099 0.8750835138432054 -0.3694316773991009 0
1100 0.2676446675187347 -0.9633813526320252 0
1101 0.2259865957046844 -0.8915004069153015 0
1102 0.8927303816369153 0.1124033487199851 0
1103 -0.7016512497349144 0.7159443981675924 0
1104 -0.7834444773385292 0.3676168676904336 0
1105 -0.1867349033070472 0.6451612150387449 0
1106 0.4661940791539927 -0.4907539837231345 0
1107 0.02981318265095445 -0.9162373516624124 0
1108 -1.006551613487667 0.7632291824647972 0
1109 0.2305667919942648 -0.4470114532453202 0
1110 -0.9435822094903645 -0.5266036652935824 0
1111 -0.07055239414072666 0.837232883312351 0
1112 0.7540578556493988 0.1455693769488945 0
1113 0.6680859306980171 -0.2201185378965816 0
1114 -0.8166522841840538 0.131684195012739 0
1115 0.6083541466484098 0.6442623832614532 0
1116 1.049471602104082 -0.80927454781733 0
1117 0.1518924811693689 -0.1810005651774745 0
1118 -1.066552779427067 0.6593212147319928 0
1119 0.5141993437369408 -0.6596592650438113 0
1120 0.3139567970250662 0.7751944866477738 0
1121 -0.3140669884705636 -0.7759157882711016 0
1122 -1.138251447990317 -0.6625110473512951 0
1123 -1.142927887957107 -0.4256247963930182 0
1124 1.138263185650045 0.662504637965569 0
1125 1.142928182896952 0.4256246353401946 0
1126 -0.3203646235153357 0.7647698539049297 0
1127 0.1128127380827599 -0.9573667824210693 0
1128 -0.9225033199147039 -0.2904786625124795 0
1129 -0.5380615410330274 0.6523733880269784 0
1130 0.9210432303806037 0.2937870939964684 0
1131 -0.3463882769661776 0.1612280220707148 0
1132 0.1396214529085995 0.04002021606123032 0
1133 -0.6130500899692282 -0.6432489523409588 0
1134 -0.6468434053581518 -0.01206752769440598 0
1135 0.3292466851706344 0.5526528252073403 0
1136 0.9424214480963535 0.5248378783145804 0
1137 -0.3122655648756469 1.256945013193184 0
1138 0.3122959540742469 -1.256985562342837 0
1139 0.9338310161663302 -0.8972678143608342 0
1140 0.3102097850458267 1.260155240538665 0
1141 -1.245666957683919 0.3597975521148938 0
1142 -0.3102091535589322 -1.260154614185159 0
1143 -0.9363107081763526 0.900379261841675 0
1144 1.247588018402101 -0.716963346003134 0
1145 0.4911777380641735 0.1991121899423235 0
1146 0.07811874071515912 -0.3068272870691534 0
1147 -0.6727716527546992 -0.6576338288260347 0
1148 -0.04029749156513368 1.235543249100641 0
1149 0.0399494303898827 -1.235910400487393 0
1150 -0.2107121790827255 -0.5235772906499734 0
1151 -0.3219472726786108 -0.8551075259984469 0
1152 0.579884908586082 -0.7060515083373399 0
1153 0.3214366286971171 0.8550719161897475 0
1154 -0.4625823675356081 -0.33767992730806 0
1155 0.8178556855612082 -0.2854143474600045 0
1156 -0.9767880802110191 0.38435288089822 0
1157 0.8583305140023789 -0.5605174986571613 0
1158 0.8144632923685464 -0.4673313547107512 0
1159 -0.8490415777177532 0.5780488844106699 0
1160 -0.3806131444545166 -0.150717718303145 0
1161 0.09091458785906986 0.513902130816315 0
1162 -0.578400242003861 0.2877326896390217 0
1163 1.298478549746877 -0.3636678186034241 0
1164 1.271315413690548 0.3135180267876899 0
1165 -1.271315413690549 -0.3135180267876906 0
1166 1.299449376642332 0.7177498871787164 0
1167 -1.299449376642333 -0.7177498871787172 0
1168 -0.9641255133826361 -0.9426436512867733 0
1169 0.964125639879539 0.9426439185150954 0
1170 -0.9946146819115946 0.1741279266805832 0
1171 -0.8519979344689309 -0.0458433405047388 0
1172 -0.219950618069675 1.136195526896482 0
1173 0.2206784641783659 -1.137345690494372 0
1174 1.158047887315238 -0.5977830957883802 0
1175 0.8839782961788913 -0.09022472965156239 0
1176 -0.3693033635288971 0.9030830892642813 0
1177 -1.282158596863589 0.6703027912179134 0
1178 -0.06065297908893003 1.445711931637692 0
1179 -0.06058980420122195 -1.445832834675402 0
1180 0.8442901848209909 0.1761719627329862 0
1181 -0.6656076824735575 0.6575784586684915 0
1182 1.101708964541122 0.4796951053491806 0
1183 -1.101708964541124 -0.4796951053491791 0
1184 -1.0707337710543 -0.6539555035442424 0
1185 1.0707337710543 0.6539555035442427 0
1186 0.2662431427462073 -0.8436370177000776 0
1187 -0.08420189582904533 -0.5381787133214484 0
1188 -0.2951886098757321 1.212928542625482 0
1189 0.2578675835930943 1.261024869278725 0
1190 -1.193762524757137 0.3587443745419777 0
1191 -0.25786758359314 -1.261024869278946 0
1192 0.9572807845974401 -0.8551388651916541 0
1193 0.2951940539550822 -1.212936399882713 0
1194 -0.9626297653940297 0.8630215666886202 0
1195 1.230497961292917 -0.6729308807992548 0
1196 0.106571106162099 -0.07161010752110596 0
1197 0.6790778123228449 0.6735505064807078 0
1198 -1.034689420422167 0.4294305941218419 0
1199 -0.05449425932580727 0.5089085962898012 0
1200 -0.01073986908611798 -0.4223296231439924 0
1201 -1.273057343563075 -0.6669113251906569 0
1202 1.273057343563074 0.6669113251906561 0
1203 0.9940752699800518 0.8958363528711785 0
1204 -0.9940752976097011 -0.8958364172138826 0
1205 1.214090821468187 0.3109556625953668 0
1206 -1.214090821468187 -0.3109556625953671 0
1207 1.273057343563077 -0.4130886748093991 0
1208 -0.4599175819743614 -0.06030674741063315 0
1209 0.4640476613812117 -0.2720432098157141 0
1210 0.7315157843938971 -0.2895838965322464 0
1211 -0.2166382088797202 0.1880152910257769 0
1212 -0.9182731313934746 0.1446672313160431 0
1213 -0.08822482449095496 -0.05768980050657733 0
1214 -0.002336187272914765 1.183656010656312 0
1215 0.002448421755846368 -1.183787525154043 0
1216 -0.1987751902258955 1.200683844008337 0
1217 0.1996279329079768 -1.200867630675151 0
1218 1.139011017580071 -0.658358380002608 0
1219 0.8008554382923685 0.4242780812204711 0
1220 0.238470132719082 -0.7248672214483959 0
1221 -0.5045524062662308 -0.5639911167734705 0
1222 -0.5311104693684511 0.4270959902716339 0
1223 -1.148240207231953 0.3557206855220982 0
1224 -0.2125517557996382 -1.262527132477716 0
1225 0.21255175579977 1.262527132477831 0
1226 1.142666492054276 0.7226239095879192 0
1227 -1.142664857267287 -0.7226248022684573 0
1228 1.20186673087754 0.4538980806021432 0
1229 -1.201866730877541 -0.4538980806021434 0
$EndNodes
$Elements
2456
1 1 2 1 1 1 193
2 1 2 1 1 193 2
3 1 2 1 2 2 194
4 1 2 1 2 194 3
5 1 2 1 3 3 195
6 1 2 1 3 195 4
7 1 2 1 4 4 196
8 1 2 1 4 196 5
9 1 2 1 5 5 197
10 1 2 1 5 197 6
11 1 2 1 6 6 198
12 1 2 1 6 198 7
13 1 2 1 7 7 199
14 1 2 1 7 199 8
15 1 2 1 8 8 200
16 1 2 1 8 200 9
17 1 2 1 9 9 201
18 1 2 1 9 201 10
19 1 2 1 10 10 202
20 1 2 1 10 202 11
21 1 2 1 11 11 203
22 1 2 1 11 203 12
23 1 2 1 12 12 204
24 1 2 1 12 204 13
25 1 2 1 13 13 205
26 1 2 1 13 205 14
27 1 2 1 14 14 206
28 1 2 1 14 206 15
29 1 2 1 15 15 207
30 1 2 1 15 207 16
31 1 2 1 16 16 208
32 1 2 1 16 208 17
33 1 2 1 17 17 209
34 1 2 1 17 209 18
35 1 2 1 18 18 210
36 1 2 1 18 210 19
37 1 2 1 19 19 211
38 1 2 1 19 211 20
39 1 2 1 20 20 212
40 1 2 1 20 212 21
41 1 2 1 21 21 213
42 1 2 1 21 213 22
43 1 2 1 22 22 214
44 1 2 1 22 214 23
45 1 2 1 23 23 215
46 1 2 1 23 215 24
47 1 2 1 24 24 216
48 1 2 1 24 216 25
49 1 2 1 25 25 217
50 1 2 1 25 217 26
51 1 2 1 26 26 218
52 1 2 1 26 218 27
53 1 2 1 27 27 219
54 1 2 1 27 219 28
55 1 2 1 28 28 220
56 1 2 1 28 220 29
57 1 2 1 29 29 221
58 1 2 1 29 221 30
59 1 2 1 30 30 222
60 1 2 1 30 222 31
61 1 2 1 31 31 223
62 1 2 1 31 223 32
63 1 2 1 32 32 224
64 1 2 1 32 224 33
65 1 2 1 33 33 225
66 1 2 1 33 225 34
67 1 2 1 34 34 226
68 1 2 1 34 226 35
69 1 2 1 35 35 227
70 1 2 1 35 227 36
71 1 2 1 36 36 228
72 1 2 1 36 228 37
73 1 2 1 37 37 229
74 1 2 1 37 229 38
75 1 2 1 38 38 230
76 1 2 1 38 230 39
77 1 2 1 39 39 231
78 1 2 1 39 231 40
79 1 2 1 40 40 232
80 1 2 1 40 232 41
81 1 2 1 41 41 233
82 1 2 1 41 233 42
83 1 2 1 42 42 234
84 1 2 1 42 234 43
85 1 2 1 43 43 235
86 1 2 1 43 235 44
87 1 2 1 44 44 236
88 1 2 1 44 236 45
89 1 2 1 45 45 237
90 1 2 1 45 237 46
91 1 2 1 46 46 238
92 1 2 1 46 238 47
93 1 2 1 47 47 239
94 1 2 1 47 239 48
95 1 2 1 48 48 240
96 1 2 1 48 240 49
97 1 2 1 49 49 241
98 1 2 1 49 241 50
99 1 2 1 50 50 242
100 1 2 1 50 242 51
101 1 2 1 51 51 243
102 1 2 1 51 243 52
103 1 2 1 52 52 244
104 1 2 1 52 244 53
105 1 2 1 53 53 245
106 1 2 1 53 245 54
107 1 2 1 54 54 246
108 1 2 1 54 246 55
109 1 2 1 55 55 247
110 1 2 1 55 247 56
111 1 2 1 56 56 248
112 1 2 1 56 248 57
113 1 2 1 57 57 249
114 1 2 1 57 249 58
115 1 2 1 58 58 250
116 1 2 1 58 250 59
117 1 2 1 59 59 251
118 1 2 1 59 251 60
119 1 2 1 60 60 252
120 1 2 1 60 252 61
121 1 2 1 61 61 253
122 1 2 1 61 253 62
123 1 2 1 62 62 254
124 1 2 1 62 254 63
125 1 2 1 63 63 255
126 1 2 1 63 255 64
127 1 2 1 64 64 256
128 1 2 1 64 256 65
129 1 2 1 65 65 257
130 1 2 1 65 257 66
131 1 2 1 66 66 258
132 1 2 1 66 258 67
133 1 2 1 67 67 259
134 1 2 1 67 259 68
135 1 2 1 68 68 260
136 1 2 1 68 260 69
137 1 2 1 69 69 261
138 1 2 1 69 261 70
139 1 2 1 70 70 262
140 1 2 1 70 262 71
141 1 2 1 71 71 263
142 1 2 1 71 263 72
143 1 2 1 72 72 264
144 1 2 1 72 264 73
145 1 2 1 73 73 265
146 1 2 1 73 265 74
147 1 2 1 74 74 266
148 1 2 1 74 266 75
149 1 2 1 75 75 267
150 1 2 1 75 267 76
151 1 2 1 76 76 268
152 1 2 1 76 268 77
153 1 2 1 77 77 269
154 1 2 1 77 269 78
155 1 2 1 78 78 270
156 1 2 1 78 270 79
157 1 2 1 79 79 271
158 1 2 1 79 271 80
159 1 2 1 80 80 272
160 1 2 1 80 272 81
161 1 2 1 81 81 273
162 1 2 1 81 273 82
163 1 2 1 82 82 274
164 1 2 1 82 274 83
165 1 2 1 83 83 275
166 1 2 1 83 275 84
167 1 2 1 84 84 276
168 1 2 1 84 276 85
169 1 2 1 85 85 277
170 1 2 1 85 277 86
171 1 2 1 86 86 278
172 1 2 1 86 278 87
173 1 2 1 87 87 279
174 1 2 1 87 279 88
175 1 2 1 88 88 280
176 1 2 1 88 280 89
177 1 2 1 89 89 281
178 1 2 1 89 281 90
179 1 2 1 90 90 282
180 1 2 1 90 282 91
181 1 2 1 91 91 283
182 1 2 1 91 283 92
183 1 2 1 92 92 284
184 1 2 1 92 284 93
185 1 2 1 93 93 285
186 1 2 1 93 285 94
187 1 2 1 94 94 286
188 1 2 1 94 286 95
189 1 2 1 95 95 287
190 1 2 1 95 287 96
191 1 2 1 96 96 288
192 1 2 1 96 288 97
193 1 2 1 97 97 289
194 1 2 1 97 289 98
195 1 2 1 98 98 290
196 1 2 1 98 290 99
197 1 2 1 99 99 291
198 1 2 1 99 291 100
199 1 2 1 100 100 292
200 1 2 1 100 292 101
201 1 2 1 101 101 293
202 1 2 1 101 293 102
203 1 2 1 102 102 294
204 1 2 1 102 294 103
205 1 2 1 103 103 295
206 1 2 1 103 295 104
207 1 2 1 104 104 296
208 1 2 1 104 296 105
209 1 2 1 105 105 297
210 1 2 1 105 297 106
211 1 2 1 106 106 298
212 1 2 1 106 298 107
213 1 2 1 107 107 299
214 1 2 1 107 299 108
215 1 2 1 108 108 300
216 1 2 1 108 300 109
217 1 2 1 109 109 301
218 1 2 1 109 301 110
219 1 2 1 110 110 302
220 1 2 1 110 302 111
221 1 2 1 111 111 303
222 1 2 1 111 303 112
223 1 2 1 112 112 304
224 1 2 1 112 304 113
225 1 2 1 113 113 305
226 1 2 1 113 305 114
227 1 2 1 114 114 306
228 1 2 1 114 306 115
229 1 2 1 115 115 307
230 1 2 1 115 307 116
231 1 2 1 116 116 308
232 1 2 1 116 308 117
233 1 2 1 117 117 309
234 1 2 1 117 309 118
235 1 2 1 118 118 310
236 1 2 1 118 310 119
237 1 2 1 119 119 311
238 1 2 1 119 311 120
239 1 2 1 120 120 312
240 1 2 1 120 312 121
241 1 2 1 121 121 313
242 1 2 1 121 313 122
243 1 2 1 122 122 314
244 1 2 1 122 314 123
245 1 2 1 123 123 315
246 1 2 1 123 315 124
247 1 2 1 124 124 316
248 1 2 1 124 316 125
249 1 2 1 125 125 317
250 1 2 1 125 317 126
251 1 2 1 126 126 318
252 1 2 1 126 318 127
253 1 2 1 127 127 319
254 1 2 1 127 319 128
255 1 2 1 128 128 320
256 1 2 1 128 320 129
257 1 2 1 129 129 321
258 1 2 1 129 321 130
259 1 2 1 130 130 322
260 1 2 1 130 322 131
261 1 2 1 131 131 323
262 1 2 1 131 323 132
263 1 2 1 132 132 324
264 1 2 1 132 324 133
265 1 2 1 133 133 325
266 1 2 1 133 325 134
267 1 2 1 134 134 326
268 1 2 1 134 326 135
269 1 2 1 135 135 327
270 1 2 1 135 327 136
271 1 2 1 136 136 328
272 1 2 1 136 328 137
273 1 2 1 137 137 329
274 1 2 1 137 329 138
275 1 2 1 138 138 330
276 1 2 1 138 330 139
277 1 2 1 139 139 331
278 1 2 1 139 331 140
279 1 2 1 140 140 332
280 1 2 1 140 332 141
281 1 2 1 141 141 333
282 1 2 1 141 333 142
283 1 2 1 142 142 334
284 1 2 1 142 334 143
285 1 2 1 143 143 335
286 1 2 1 143 335 144
287 1 2 1 144 144 336
288 1 2 1 144 336 145
289 1 2 1 145 145 337
290 1 2 1 145 337 146
291 1 2 1 146 146 338
292 1 2 1 146 338 147
293 1 2 1 147 147 339
294 1 2 1 147 339 148
295 1 2 1 148 148 340
296 1 2 1 148 340 149
297 1 2 1 149 149 341
298 1 2 1 149 341 150
299 1 2 1 150 150 342
300 1 2 1 150 342 151
301 1 2 1 151 151 343
302 1 2 1 151 343 152
303 1 2 1 152 152 344
304 1 2 1 152 344 153
305 1 2 1 153 153 345
306 1 2 1 153 345 154
307 1 2 1 154 154 346
308 1 2 1 154 346 155
309 1 2 1 155 155 347
310 1 2 1 155 347 156
311 1 2 1 156 156 348
312 1 2 1 156 348 157
313 1 2 1 157 157 349
314 1 2 1 157 349 158
315 1 2 1 158 158 350
316 1 2 1 158 350 159
317 1 2 1 159 159 351
318 1 2 1 159 351 160
319 1 2 1 160 160 352
320 1 2 1 160 352 161
321 1 2 1 161 161 353
322 1 2 1 161 353 162
323 1 2 1 162 162 354
324 1 2 1 162 354 163
325 1 2 1 163 163 355
326 1 2 1 163 355 164
327 1 2 1 164 164 356
328 1 2 1 164 356 165
329 1 2 1 165 165 357
330 1 2 1 165 357 166
331 1 2 1 166 166 358
332 1 2 1 166 358 167
333 1 2 1 167 167 359
334 1 2 1 167 359 168
335 1 2 1 168 168 360
336 1 2 1 168 360 169
337 1 2 1 169 169 361
338 1 2 1 169 361 170
339 1 2 1 170 170 362
340 1 2 1 170 362 171
341 1 2 1 171 171 363
342 1 2 1 171 363 172
343 1 2 1 172 172 364
344 1 2 1 172 364 173
345 1 2 1 173 173 365
346 1 2 1 173 365 174
347 1 2 1 174 174 366
348 1 2 1 174 366 175
349 1 2 1 175 175 367
350 1 2 1 175 367 176
351 1 2 1 176 176 368
352 1 2 1 176 368 177
353 1 2 1 177 177 369
354 1 2 1 177 369 178
355 1 2 1 178 178 370
356 1 2 1 178 370 179
357 1 2 1 179 179 371
358 1 2 1 179 371 180
359 1 2 1 180 180 372
360 1 2 1 180 372 181
361 1 2 1 181 181 373
362 1 2 1 181 373 182
363 1 2 1 182 182 374
364 1 2 1 182 374 183
365 1 2 1 183 183 375
366 1 2 1 183 375 184
367 1 2 1 184 184 376
368 1 2 1 184 376 185
369 1 2 1 185 185 377
370 1 2 1 185 377 186
371 1 2 1 186 186 378
372 1 2 1 186 378 187
373 1 2 1 187 187 379
374 1 2 1 187 379 188
375 1 2 1 188 188 380
376 1 2 1 188 380 189
377 1 2 1 189 189 381
378 1 2 1 189 381 190
379 1 2 1 190 190 382
380 1 2 1 190 382 191
381 1 2 1 191 191 383
382 1 2 1 191 383 192
383 1 2 1 192 192 384
384 1 2 1 192 384 1
385 2 2 1 1 808 1107 541
386 2 2 1 1 636 794 607
387 2 2 1 1 396 765 410
388 2 2 1 1 445 767 461
389 2 2 1 1 558 761 551
390 2 2 1 1 560 762 552
391 2 2 1 1 400 764 386
392 2 2 1 1 549 768 604
393 2 2 1 1 398 760 391
394 2 2 1 1 411 763 393
395 2 2 1 1 443 769 460
396 2 2 1 1 441 770 459
397 2 2 1 1 439 772 458
398 2 2 1 1 730 1078 416
399 2 2 1 1 729 1079 415
400 2 2 1 1 735 984 632
401 2 2 1 1 859 940 620
402 2 2 1 1 802 943 863
403 2 2 1 1 901 969 803
404 2 2 1 1 792 797 616
405 2 2 1 1 415 1045 729
406 2 2 1 1 416 1051 730
407 2 2 1 1 417 1057 734
408 2 2 1 1 632 1066 735
409 2 2 1 1 654 1203 839
410 2 2 1 1 653 1204 842
411 2 2 1 1 650 1201 831
412 2 2 1 1 649 1202 833
413 2 2 1 1 652 1205 837
414 2 2 1 1 651 1206 835
415 2 2 1 1 655 1207 845
416 2 2 1 1 794 1118 607
417 2 2 1 1 780 1021 930
418 2 2 1 1 781 1020 929
419 2 2 1 1 782 1022 928
420 2 2 1 1 1121 1151 1083
421 2 2 1 1 1119 1152 1084
422 2 2 1 1 1120 1153 1082
423 2 2 1 1 572 1153 1120
424 2 2 1 1 571 1151 1121
425 2 2 1 1 573 1152 1119
426 2 2 1 1 873 961 568
427 2 2 1 1 561 820 700
428 2 2 1 1 561 1211 820
429 2 2 1 1 1007 1088 846
430 2 2 1 1 1000 1087 840
431 2 2 1 1 973 1086 843
432 2 2 1 1 603 789 745
433 2 2 1 1 605 791 744
434 2 2 1 1 1022 1153 904
435 2 2 1 1 1020 1152 878
436 2 2 1 1 1021 1151 891
437 2 2 1 1 530 980 936
438 2 2 1 1 999 1203 654
439 2 2 1 1 998 1204 653
440 2 2 1 1 997 1205 652
441 2 2 1 1 995 1206 651
442 2 2 1 1 975 1207 655
443 2 2 1 1 971 1201 650
444 2 2 1 1 974 1202 649
445 2 2 1 1 780 1151 1021
446 2 2 1 1 781 1152 1020
447 2 2 1 1 782 1153 1022
448 2 2 1 1 616 797 747
449 2 2 1 1 943 1038 863
450 2 2 1 1 859 1040 940
451 2 2 1 1 732 1089 470
452 2 2 1 1 846 1088 703
453 2 2 1 1 840 1087 704
454 2 2 1 1 843 1086 701
455 2 2 1 1 698 1107 808
456 2 2 1 1 849 1038 943
457 2 2 1 1 940 1040 855
458 2 2 1 1 1012 1026 797
459 2 2 1 1 618 1026 1012
460 2 2 1 1 810 931 527
461 2 2 1 1 901 1025 969
462 2 2 1 1 440 928 418
463 2 2 1 1 446 929 406
464 2 2 1 1 442 930 419
465 2 2 1 1 798 823 582
466 2 2 1 1 824 1109 823
467 2 2 1 1 969 1025 888
468 2 2 1 1 823 1109 582
469 2 2 1 1 629 1081 815
470 2 2 1 1 654 839 838
471 2 2 1 1 653 842 841
472 2 2 1 1 650 831 830
473 2 2 1 1 649 833 832
474 2 2 1 1 652 837 836
475 2 2 1 1 651 835 834
476 2 2 1 1 655 845 844
477 2 2 1 1 417 1197 1080
478 2 2 1 1 396 1003 765
479 2 2 1 1 760 986 391
480 2 2 1 1 608 949 771
481 2 2 1 1 568 996 873
482 2 2 1 1 761 990 551
483 2 2 1 1 762 993 552
484 2 2 1 1 610 991 766
485 2 2 1 1 803 987 901
486 2 2 1 1 445 967 767
487 2 2 1 1 764 954 386
488 2 2 1 1 549 948 768
489 2 2 1 1 763 951 393
490 2 2 1 1 443 966 769
491 2 2 1 1 441 953 770
492 2 2 1 1 863 956 802
493 2 2 1 1 620 944 859
494 2 2 1 1 439 941 772
495 2 2 1 1 410 765 574
496 2 2 1 1 460 769 691
497 2 2 1 1 400 805 764
498 2 2 1 1 411 806 763
499 2 2 1 1 624 761 558
500 2 2 1 1 627 762 560
501 2 2 1 1 499 760 398
502 2 2 1 1 444 1103 408
503 2 2 1 1 388 1102 414
504 2 2 1 1 407 1100 452
505 2 2 1 1 608 950 749
506 2 2 1 1 610 992 750
507 2 2 1 1 1131 1211 847
508 2 2 1 1 931 1192 527
509 2 2 1 1 616 1031 792
510 2 2 1 1 498 984 932
511 2 2 1 1 408 1103 1004
512 2 2 1 1 1006 1102 388
513 2 2 1 1 1002 1100 407
514 2 2 1 1 734 1197 417
515 2 2 1 1 646 812 799
516 2 2 1 1 959 961 873
517 2 2 1 1 695 1200 1187
518 2 2 1 1 847 1211 472
519 2 2 1 1 637 789 603
520 2 2 1 1 638 791 605
521 2 2 1 1 527 1116 810
522 2 2 1 1 703 758 727
523 2 2 1 1 701 755 702
524 2 2 1 1 704 759 705
525 2 2 1 1 818 1218 752
526 2 2 1 1 817 1015 578
527 2 2 1 1 773 1077 642
528 2 2 1 1 733 1078 730
529 2 2 1 1 578 1015 684
530 2 2 1 1 752 1067 1008
531 2 2 1 1 703 1088 758
532 2 2 1 1 704 1087 759
533 2 2 1 1 701 1086 755
534 2 2 1 1 615 1010 617
535 2 2 1 1 757 1014 773
536 2 2 1 1 620 940 801
537 2 2 1 1 622 943 802
538 2 2 1 1 803 969 621
539 2 2 1 1 1027 1104 748
540 2 2 1 1 1015 1187 925
541 2 2 1 1 568 1085 450
542 2 2 1 1 470 788 732
543 2 2 1 1 541 1107 578
544 2 2 1 1 729 1147 1079
545 2 2 1 1 691 1108 1011
546 2 2 1 1 1187 1200 827
547 2 2 1 1 936 1194 530
548 2 2 1 1 582 1106 798
549 2 2 1 1 932 984 735
550 2 2 1 1 636 795 794
551 2 2 1 1 539 1180 1112
552 2 2 1 1 522 1136 521
553 2 2 1 1 786 826 521
554 2 2 1 1 785 825 523
555 2 2 1 1 768 790 604
556 2 2 1 1 770 791 459
557 2 2 1 1 772 789 458
558 2 2 1 1 648 800 753
559 2 2 1 1 505 962 960
560 2 2 1 1 524 1110 523
561 2 2 1 1 523 1110 785
562 2 2 1 1 521 1136 786
563 2 2 1 1 784 1009 642
564 2 2 1 1 836 1228 1125
565 2 2 1 1 834 1229 1123
566 2 2 1 1 830 1227 1122
567 2 2 1 1 832 1226 1124
568 2 2 1 1 753 810 752
569 2 2 1 1 642 1009 773
570 2 2 1 1 450 1085 509
571 2 2 1 1 812 1180 799
572 2 2 1 1 980 1108 936
573 2 2 1 1 950 1148 749
574 2 2 1 1 992 1149 750
575 2 2 1 1 473 812 804
576 2 2 1 1 695 1187 1015
577 2 2 1 1 1083 1151 780
578 2 2 1 1 1084 1152 781
579 2 2 1 1 1082 1153 782
580 2 2 1 1 684 1015 925
581 2 2 1 1 766 992 610
582 2 2 1 1 771 950 608
583 2 2 1 1 487 1077 773
584 2 2 1 1 752 1008 818
585 2 2 1 1 767 1093 461
586 2 2 1 1 697 1085 962
587 2 2 1 1 648 752 640
588 2 2 1 1 614 1104 1027
589 2 2 1 1 797 1026 747
590 2 2 1 1 813 1114 1027
591 2 2 1 1 804 812 646
592 2 2 1 1 498 1171 984
593 2 2 1 1 782 928 534
594 2 2 1 1 781 929 535
595 2 2 1 1 780 930 533
596 2 2 1 1 733 1155 1099
597 2 2 1 1 643 1115 548
598 2 2 1 1 534 928 440
599 2 2 1 1 535 929 446
600 2 2 1 1 533 930 442
601 2 2 1 1 642 1072 784
602 2 2 1 1 569 1001 725
603 2 2 1 1 928 1075 418
604 2 2 1 1 929 1073 406
605 2 2 1 1 930 1074 419
606 2 2 1 1 799 1130 646
607 2 2 1 1 736 1128 784
608 2 2 1 1 1081 1222 1076
609 2 2 1 1 747 1010 615
610 2 2 1 1 960 1126 505
611 2 2 1 1 737 826 786
612 2 2 1 1 738 825 785
613 2 2 1 1 506 1160 829
614 2 2 1 1 472 1211 561
615 2 2 1 1 809 1197 643
616 2 2 1 1 830 1122 650
617 2 2 1 1 832 1124 649
618 2 2 1 1 836 1125 652
619 2 2 1 1 834 1123 651
620 2 2 1 1 1027 1114 504
621 2 2 1 1 1112 1180 812
622 2 2 1 1 754 1199 1161
623 2 2 1 1 648 753 752
624 2 2 1 1 829 1154 506
625 2 2 1 1 548 1115 933
626 2 2 1 1 752 1218 640
627 2 2 1 1 847 1029 693
628 2 2 1 1 773 1009 757
629 2 2 1 1 1065 1102 1006
630 2 2 1 1 1004 1103 1059
631 2 2 1 1 1058 1100 1002
632 2 2 1 1 816 1199 754
633 2 2 1 1 1001 1170 725
634 2 2 1 1 693 1131 847
635 2 2 1 1 819 1016 783
636 2 2 1 1 795 811 715
637 2 2 1 1 617 643 548
638 2 2 1 1 838 1091 654
639 2 2 1 1 841 1090 653
640 2 2 1 1 844 1092 655
641 2 2 1 1 962 1111 697
642 2 2 1 1 579 781 535
643 2 2 1 1 577 780 533
644 2 2 1 1 581 782 534
645 2 2 1 1 840 1091 838
646 2 2 1 1 843 1090 841
647 2 2 1 1 846 1092 844
648 2 2 1 1 798 1209 823
649 2 2 1 1 1071 1161 1031
650 2 2 1 1 691 1011 794
651 2 2 1 1 464 1198 739
652 2 2 1 1 514 704 522
653 2 2 1 1 512 701 524
654 2 2 1 1 503 703 576
655 2 2 1 1 807 1094 540
656 2 2 1 1 643 1016 809
657 2 2 1 1 617 1010 804
658 2 2 1 1 804 1010 473
659 2 2 1 1 569 725 634
660 2 2 1 1 811 1032 715
661 2 2 1 1 820 821 700
662 2 2 1 1 628 1033 1009
663 2 2 1 1 498 932 567
664 2 2 1 1 1009 1033 757
665 2 2 1 1 1026 1145 747
666 2 2 1 1 800 1093 753
667 2 2 1 1 810 1067 752
668 2 2 1 1 784 1072 736
669 2 2 1 1 574 1076 423
670 2 2 1 1 1101 1186 746
671 2 2 1 1 701 702 524
672 2 2 1 1 704 705 522
673 2 2 1 1 703 727 576
674 2 2 1 1 755 756 702
675 2 2 1 1 759 809 705
676 2 2 1 1 787 1081 629
677 2 2 1 1 646 1219 804
678 2 2 1 1 486 1150 827
679 2 2 1 1 821 1213 778
680 2 2 1 1 630 1221 487
681 2 2 1 1 746 1220 694
682 2 2 1 1 402 1114 601
683 2 2 1 1 786 1182 737
684 2 2 1 1 785 1183 738
685 2 2 1 1 891 1151 955
686 2 2 1 1 878 1152 952
687 2 2 1 1 904 1153 957
688 2 2 1 1 822 823 647
689 2 2 1 1 739 1198 790
690 2 2 1 1 618 1132 635
691 2 2 1 1 787 1222 1081
692 2 2 1 1 538 822 647
693 2 2 1 1 614 1027 504
694 2 2 1 1 507 827 631
695 2 2 1 1 723 1195 982
696 2 2 1 1 721 1193 965
697 2 2 1 1 716 1188 947
698 2 2 1 1 690 1172 463
699 2 2 1 1 692 1173 465
700 2 2 1 1 640 1174 497
701 2 2 1 1 412 1171 498
702 2 2 1 1 822 824 823
703 2 2 1 1 696 1094 807
704 2 2 1 1 378 187 379
705 2 2 1 1 199 198 7
706 2 2 1 1 287 286 95
707 2 2 1 1 366 175 367
708 2 2 1 1 314 123 315
709 2 2 1 1 291 290 99
710 2 2 1 1 1 193 384
711 2 2 1 1 289 288 97
712 2 2 1 1 279 278 87
713 2 2 1 1 382 191 383
714 2 2 1 1 217 216 25
715 2 2 1 1 294 103 295
716 2 2 1 1 283 282 91
717 2 2 1 1 275 274 83
718 2 2 1 1 195 194 3
719 2 2 1 1 203 202 11
720 2 2 1 1 211 210 19
721 2 2 1 1 271 270 79
722 2 2 1 1 306 115 307
723 2 2 1 1 310 119 311
724 2 2 1 1 281 280 89
725 2 2 1 1 298 107 299
726 2 2 1 1 334 143 335
727 2 2 1 1 374 183 375
728 2 2 1 1 267 266 75
729 2 2 1 1 201 200 9
730 2 2 1 1 207 206 15
731 2 2 1 1 376 185 377
732 2 2 1 1 296 105 297
733 2 2 1 1 370 179 371
734 2 2 1 1 318 127 319
735 2 2 1 1 354 163 355
736 2 2 1 1 259 258 67
737 2 2 1 1 358 167 359
738 2 2 1 1 239 238 47
739 2 2 1 1 320 129 321
740 2 2 1 1 225 224 33
741 2 2 1 1 249 248 57
742 2 2 1 1 255 254 63
743 2 2 1 1 350 159 351
744 2 2 1 1 215 214 23
745 2 2 1 1 326 135 327
746 2 2 1 1 344 153 345
747 2 2 1 1 231 230 39
748 2 2 1 1 235 234 43
749 2 2 1 1 223 222 31
750 2 2 1 1 312 121 313
751 2 2 1 1 322 131 323
752 2 2 1 1 227 226 35
753 2 2 1 1 257 256 65
754 2 2 1 1 352 161 353
755 2 2 1 1 342 151 343
756 2 2 1 1 328 137 329
757 2 2 1 1 346 155 347
758 2 2 1 1 233 232 41
759 2 2 1 1 251 250 59
760 2 2 1 1 247 246 55
761 2 2 1 1 265 264 73
762 2 2 1 1 330 139 331
763 2 2 1 1 263 262 71
764 2 2 1 1 362 171 363
765 2 2 1 1 302 111 303
766 2 2 1 1 360 169 361
767 2 2 1 1 219 218 27
768 2 2 1 1 243 242 51
769 2 2 1 1 338 147 339
770 2 2 1 1 641 820 779
771 2 2 1 1 641 779 726
772 2 2 1 1 699 797 792
773 2 2 1 1 631 778 584
774 2 2 1 1 641 726 583
775 2 2 1 1 699 792 619
776 2 2 1 1 561 700 699
777 2 2 1 1 584 641 583
778 2 2 1 1 507 631 584
779 2 2 1 1 561 699 619
780 2 2 1 1 635 822 538
781 2 2 1 1 774 1109 824
782 2 2 1 1 507 584 583
783 2 2 1 1 561 619 471
784 2 2 1 1 618 635 538
785 2 2 1 1 769 936 691
786 2 2 1 1 453 1199 816
787 2 2 1 1 487 1221 469
788 2 2 1 1 694 1220 488
789 2 2 1 1 778 1196 821
790 2 2 1 1 1150 1187 827
791 2 2 1 1 486 827 507
792 2 2 1 1 507 583 506
793 2 2 1 1 472 561 471
794 2 2 1 1 508 618 538
795 2 2 1 1 538 647 493
796 2 2 1 1 636 811 795
797 2 2 1 1 779 1028 726
798 2 2 1 1 505 963 962
799 2 2 1 1 1012 1132 618
800 2 2 1 1 503 1092 703
801 2 2 1 1 512 1090 701
802 2 2 1 1 514 1091 704
803 2 2 1 1 580 689 688
804 2 2 1 1 733 1099 1098
805 2 2 1 1 454 847 472
806 2 2 1 1 1059 1103 777
807 2 2 1 1 776 1102 1065
808 2 2 1 1 775 1100 1058
809 2 2 1 1 684 925 924
810 2 2 1 1 685 1071 927
811 2 2 1 1 486 507 506
812 2 2 1 1 783 1219 819
813 2 2 1 1 704 1091 840
814 2 2 1 1 701 1090 843
815 2 2 1 1 703 1092 846
816 2 2 1 1 454 472 471
817 2 2 1 1 508 538 493
818 2 2 1 1 687 1106 926
819 2 2 1 1 646 1130 624
820 2 2 1 1 784 1128 627
821 2 2 1 1 566 774 695
822 2 2 1 1 699 1012 797
823 2 2 1 1 500 1103 444
824 2 2 1 1 452 1100 546
825 2 2 1 1 414 1102 539
826 2 2 1 1 773 1014 630
827 2 2 1 1 814 1034 647
828 2 2 1 1 539 1112 425
829 2 2 1 1 1162 1222 1023
830 2 2 1 1 617 783 643
831 2 2 1 1 487 773 630
832 2 2 1 1 694 817 746
833 2 2 1 1 1029 1222 1162
834 2 2 1 1 431 1114 402
835 2 2 1 1 689 1158 1099
836 2 2 1 1 774 1200 695
837 2 2 1 1 753 931 810
838 2 2 1 1 643 1197 1115
839 2 2 1 1 816 1105 453
840 2 2 1 1 936 1108 691
841 2 2 1 1 722 936 769
842 2 2 1 1 631 1146 778
843 2 2 1 1 1019 1101 746
844 2 2 1 1 686 963 816
845 2 2 1 1 1125 1228 742
846 2 2 1 1 1123 1229 743
847 2 2 1 1 1124 1226 740
848 2 2 1 1 1122 1227 741
849 2 2 1 1 725 813 634
850 2 2 1 1 779 1211 1131
851 2 2 1 1 1156 1198 464
852 2 2 1 1 747 1145 1010
853 2 2 1 1 1099 1158 728
854 2 2 1 1 688 814 798
855 2 2 1 1 686 816 754
856 2 2 1 1 635 1117 822
857 2 2 1 1 778 1146 1117
858 2 2 1 1 748 1104 1032
859 2 2 1 1 924 1083 684
860 2 2 1 1 926 1084 687
861 2 2 1 1 927 1082 685
862 2 2 1 1 648 1013 800
863 2 2 1 1 819 1219 625
864 2 2 1 1 733 1098 1078
865 2 2 1 1 962 1085 961
866 2 2 1 1 471 1199 453
867 2 2 1 1 469 805 430
868 2 2 1 1 488 806 424
869 2 2 1 1 801 1068 620
870 2 2 1 1 802 1069 622
871 2 2 1 1 621 1070 803
872 2 2 1 1 982 1218 723
873 2 2 1 1 965 1217 721
874 2 2 1 1 947 1216 716
875 2 2 1 1 564 847 454
876 2 2 1 1 955 1151 571
877 2 2 1 1 952 1152 573
878 2 2 1 1 957 1153 572
879 2 2 1 1 783 1016 643
880 2 2 1 1 793 950 690
881 2 2 1 1 796 992 692
882 2 2 1 1 807 1017 696
883 2 2 1 1 808 1018 698
884 2 2 1 1 1081 1129 815
885 2 2 1 1 700 1012 699
886 2 2 1 1 1014 1133 630
887 2 2 1 1 820 1213 821
888 2 2 1 1 805 934 764
889 2 2 1 1 806 935 763
890 2 2 1 1 1099 1155 689
891 2 2 1 1 829 1208 828
892 2 2 1 1 637 937 789
893 2 2 1 1 638 938 791
894 2 2 1 1 583 1160 506
895 2 2 1 1 824 1146 774
896 2 2 1 1 470 1089 426
897 2 2 1 1 1163 1207 892
898 2 2 1 1 1169 1203 916
899 2 2 1 1 1168 1204 915
900 2 2 1 1 1167 1201 889
901 2 2 1 1 1166 1202 886
902 2 2 1 1 1164 1205 906
903 2 2 1 1 1165 1206 907
904 2 2 1 1 778 1213 584
905 2 2 1 1 641 1213 820
906 2 2 1 1 671 1115 734
907 2 2 1 1 434 564 454
908 2 2 1 1 499 933 760
909 2 2 1 1 759 1080 809
910 2 2 1 1 755 1079 756
911 2 2 1 1 765 1129 574
912 2 2 1 1 624 1130 761
913 2 2 1 1 627 1128 762
914 2 2 1 1 647 1034 493
915 2 2 1 1 961 1085 568
916 2 2 1 1 486 506 485
917 2 2 1 1 8 851 199
918 2 2 1 1 188 850 379
919 2 2 1 1 176 857 367
920 2 2 1 1 124 856 315
921 2 2 1 1 96 848 287
922 2 2 1 1 379 850 378
923 2 2 1 1 199 851 198
924 2 2 1 1 4 854 195
925 2 2 1 1 12 853 203
926 2 2 1 1 190 944 381
927 2 2 1 1 5 518 196
928 2 2 1 1 182 586 373
929 2 2 1 1 13 946 204
930 2 2 1 1 186 852 377
931 2 2 1 1 48 902 239
932 2 2 1 1 100 862 291
933 2 2 1 1 367 857 366
934 2 2 1 1 315 856 314
935 2 2 1 1 168 916 359
936 2 2 1 1 88 866 279
937 2 2 1 1 74 918 265
938 2 2 1 1 144 882 335
939 2 2 1 1 287 848 286
940 2 2 1 1 98 860 289
941 2 2 1 1 192 858 383
942 2 2 1 1 2 861 193
943 2 2 1 1 184 871 375
944 2 2 1 1 104 865 295
945 2 2 1 1 76 881 267
946 2 2 1 1 16 872 207
947 2 2 1 1 10 875 201
948 2 2 1 1 92 870 283
949 2 2 1 1 80 869 271
950 2 2 1 1 90 867 281
951 2 2 1 1 108 868 299
952 2 2 1 1 116 877 307
953 2 2 1 1 106 880 297
954 2 2 1 1 20 899 211
955 2 2 1 1 84 890 275
956 2 2 1 1 120 883 311
957 2 2 1 1 32 900 223
958 2 2 1 1 36 896 227
959 2 2 1 1 162 898 353
960 2 2 1 1 66 897 257
961 2 2 1 1 172 913 363
962 2 2 1 1 112 912 303
963 2 2 1 1 128 874 319
964 2 2 1 1 68 879 259
965 2 2 1 1 152 906 343
966 2 2 1 1 164 876 355
967 2 2 1 1 56 907 247
968 2 2 1 1 132 905 323
969 2 2 1 1 42 908 233
970 2 2 1 1 60 910 251
971 2 2 1 1 156 909 347
972 2 2 1 1 34 887 225
973 2 2 1 1 64 889 255
974 2 2 1 1 160 886 351
975 2 2 1 1 44 884 235
976 2 2 1 1 130 885 321
977 2 2 1 1 170 919 361
978 2 2 1 1 58 894 249
979 2 2 1 1 196 939 4
980 2 2 1 1 138 917 329
981 2 2 1 1 373 941 181
982 2 2 1 1 24 864 215
983 2 2 1 1 40 895 231
984 2 2 1 1 136 892 327
985 2 2 1 1 154 893 345
986 2 2 1 1 122 911 313
987 2 2 1 1 26 914 217
988 2 2 1 1 180 903 371
989 2 2 1 1 140 920 331
990 2 2 1 1 28 921 219
991 2 2 1 1 6 525 197
992 2 2 1 1 94 942 285
993 2 2 1 1 52 922 243
994 2 2 1 1 189 945 380
995 2 2 1 1 148 923 339
996 2 2 1 1 291 862 290
997 2 2 1 1 359 916 358
998 2 2 1 1 239 902 238
999 2 2 1 1 114 952 305
1000 2 2 1 1 279 866 278
1001 2 2 1 1 72 915 263
1002 2 2 1 1 38 528 229
1003 2 2 1 1 335 882 334
1004 2 2 1 1 193 861 384
1005 2 2 1 1 289 860 288
1006 2 2 1 1 86 587 277
1007 2 2 1 1 82 955 273
1008 2 2 1 1 178 957 369
1009 2 2 1 1 383 858 382
1010 2 2 1 1 109 964 300
1011 2 2 1 1 265 918 264
1012 2 2 1 1 195 854 194
1013 2 2 1 1 113 951 304
1014 2 2 1 1 283 870 282
1015 2 2 1 1 295 865 294
1016 2 2 1 1 81 954 272
1017 2 2 1 1 275 890 274
1018 2 2 1 1 211 899 210
1019 2 2 1 1 101 520 292
1020 2 2 1 1 267 881 266
1021 2 2 1 1 375 871 374
1022 2 2 1 1 145 972 336
1023 2 2 1 1 37 519 228
1024 2 2 1 1 203 853 202
1025 2 2 1 1 207 872 206
1026 2 2 1 1 201 875 200
1027 2 2 1 1 118 588 309
1028 2 2 1 1 271 869 270
1029 2 2 1 1 307 877 306
1030 2 2 1 1 17 395 208
1031 2 2 1 1 22 589 213
1032 2 2 1 1 281 867 280
1033 2 2 1 1 77 973 268
1034 2 2 1 1 299 868 298
1035 2 2 1 1 62 971 253
1036 2 2 1 1 158 974 349
1037 2 2 1 1 311 883 310
1038 2 2 1 1 297 880 296
1039 2 2 1 1 134 975 325
1040 2 2 1 1 217 914 216
1041 2 2 1 1 78 415 269
1042 2 2 1 1 117 406 308
1043 2 2 1 1 181 418 372
1044 2 2 1 1 173 1000 364
1045 2 2 1 1 69 988 260
1046 2 2 1 1 165 985 356
1047 2 2 1 1 30 987 221
1048 2 2 1 1 45 994 236
1049 2 2 1 1 54 995 245
1050 2 2 1 1 150 997 341
1051 2 2 1 1 49 390 240
1052 2 2 1 1 223 900 222
1053 2 2 1 1 259 879 258
1054 2 2 1 1 110 1002 301
1055 2 2 1 1 319 874 318
1056 2 2 1 1 225 887 224
1057 2 2 1 1 355 876 354
1058 2 2 1 1 249 894 248
1059 2 2 1 1 102 531 293
1060 2 2 1 1 351 886 350
1061 2 2 1 1 323 905 322
1062 2 2 1 1 353 898 352
1063 2 2 1 1 255 889 254
1064 2 2 1 1 227 896 226
1065 2 2 1 1 257 897 256
1066 2 2 1 1 142 416 333
1067 2 2 1 1 321 885 320
1068 2 2 1 1 247 907 246
1069 2 2 1 1 343 906 342
1070 2 2 1 1 231 895 230
1071 2 2 1 1 93 970 284
1072 2 2 1 1 157 979 348
1073 2 2 1 1 61 978 252
1074 2 2 1 1 235 884 234
1075 2 2 1 1 329 917 328
1076 2 2 1 1 233 908 232
1077 2 2 1 1 251 910 250
1078 2 2 1 1 347 909 346
1079 2 2 1 1 327 892 326
1080 2 2 1 1 345 893 344
1081 2 2 1 1 363 913 362
1082 2 2 1 1 361 919 360
1083 2 2 1 1 377 852 376
1084 2 2 1 1 133 981 324
1085 2 2 1 1 313 911 312
1086 2 2 1 1 29 980 220
1087 2 2 1 1 303 912 302
1088 2 2 1 1 166 999 357
1089 2 2 1 1 70 998 261
1090 2 2 1 1 371 903 370
1091 2 2 1 1 146 1006 337
1092 2 2 1 1 215 864 214
1093 2 2 1 1 53 993 244
1094 2 2 1 1 149 990 340
1095 2 2 1 1 50 632 241
1096 2 2 1 1 14 996 205
1097 2 2 1 1 331 920 330
1098 2 2 1 1 46 1001 237
1099 2 2 1 1 177 986 368
1100 2 2 1 1 85 419 276
1101 2 2 1 1 21 408 212
1102 2 2 1 1 174 417 365
1103 2 2 1 1 18 542 209
1104 2 2 1 1 219 921 218
1105 2 2 1 1 229 948 37
1106 2 2 1 1 197 949 5
1107 2 2 1 1 277 953 85
1108 2 2 1 1 292 956 100
1109 2 2 1 1 208 958 16
1110 2 2 1 1 263 915 262
1111 2 2 1 1 213 966 21
1112 2 2 1 1 228 968 36
1113 2 2 1 1 243 922 242
1114 2 2 1 1 309 967 117
1115 2 2 1 1 269 976 77
1116 2 2 1 1 240 977 48
1117 2 2 1 1 339 923 338
1118 2 2 1 1 241 983 49
1119 2 2 1 1 293 991 101
1120 2 2 1 1 333 989 141
1121 2 2 1 1 209 1003 17
1122 2 2 1 1 212 1004 20
1123 2 2 1 1 365 1005 173
1124 2 2 1 1 126 532 317
1125 2 2 1 1 141 1007 332
1126 2 2 1 1 218 921 26
1127 2 2 1 1 242 922 50
1128 2 2 1 1 338 923 146
1129 2 2 1 1 332 600 140
1130 2 2 1 1 317 1008 125
1131 2 2 1 1 314 856 122
1132 2 2 1 1 360 919 168
1133 2 2 1 1 264 918 72
1134 2 2 1 1 302 912 110
1135 2 2 1 1 362 913 170
1136 2 2 1 1 330 920 138
1137 2 2 1 1 368 633 176
1138 2 2 1 1 205 405 13
1139 2 2 1 1 346 909 154
1140 2 2 1 1 237 420 45
1141 2 2 1 1 246 907 54
1142 2 2 1 1 342 906 150
1143 2 2 1 1 232 908 40
1144 2 2 1 1 250 910 58
1145 2 2 1 1 328 917 136
1146 2 2 1 1 244 404 52
1147 2 2 1 1 340 403 148
1148 2 2 1 1 226 896 34
1149 2 2 1 1 220 530 28
1150 2 2 1 1 256 897 64
1151 2 2 1 1 262 915 70
1152 2 2 1 1 352 898 160
1153 2 2 1 1 358 916 166
1154 2 2 1 1 222 900 30
1155 2 2 1 1 261 483 69
1156 2 2 1 1 324 592 132
1157 2 2 1 1 357 484 165
1158 2 2 1 1 366 857 174
1159 2 2 1 1 238 902 46
1160 2 2 1 1 322 905 130
1161 2 2 1 1 284 529 92
1162 2 2 1 1 312 911 120
1163 2 2 1 1 252 599 60
1164 2 2 1 1 348 598 156
1165 2 2 1 1 334 882 142
1166 2 2 1 1 234 884 42
1167 2 2 1 1 337 388 145
1168 2 2 1 1 301 407 109
1169 2 2 1 1 224 887 32
1170 2 2 1 1 230 895 38
1171 2 2 1 1 248 894 56
1172 2 2 1 1 254 889 62
1173 2 2 1 1 260 563 68
1174 2 2 1 1 350 886 158
1175 2 2 1 1 266 881 74
1176 2 2 1 1 206 872 14
1177 2 2 1 1 380 526 188
1178 2 2 1 1 221 476 29
1179 2 2 1 1 236 591 44
1180 2 2 1 1 245 477 53
1181 2 2 1 1 320 885 128
1182 2 2 1 1 326 892 134
1183 2 2 1 1 341 478 149
1184 2 2 1 1 344 893 152
1185 2 2 1 1 356 562 164
1186 2 2 1 1 200 875 8
1187 2 2 1 1 296 880 104
1188 2 2 1 1 374 871 182
1189 2 2 1 1 325 479 133
1190 2 2 1 1 280 867 88
1191 2 2 1 1 253 482 61
1192 2 2 1 1 210 899 18
1193 2 2 1 1 270 869 78
1194 2 2 1 1 306 877 114
1195 2 2 1 1 214 864 22
1196 2 2 1 1 268 597 76
1197 2 2 1 1 310 883 118
1198 2 2 1 1 364 596 172
1199 2 2 1 1 298 868 106
1200 2 2 1 1 316 527 124
1201 2 2 1 1 258 879 66
1202 2 2 1 1 318 874 126
1203 2 2 1 1 354 876 162
1204 2 2 1 1 349 481 157
1205 2 2 1 1 336 544 144
1206 2 2 1 1 194 854 2
1207 2 2 1 1 370 903 178
1208 2 2 1 1 202 853 10
1209 2 2 1 1 274 890 82
1210 2 2 1 1 376 852 184
1211 2 2 1 1 304 545 112
1212 2 2 1 1 272 543 80
1213 2 2 1 1 290 862 98
1214 2 2 1 1 278 866 86
1215 2 2 1 1 273 385 81
1216 2 2 1 1 369 389 177
1217 2 2 1 1 382 858 190
1218 2 2 1 1 282 870 90
1219 2 2 1 1 294 865 102
1220 2 2 1 1 300 590 108
1221 2 2 1 1 288 860 96
1222 2 2 1 1 384 861 192
1223 2 2 1 1 285 475 93
1224 2 2 1 1 216 914 24
1225 2 2 1 1 305 387 113
1226 2 2 1 1 204 585 12
1227 2 2 1 1 198 851 6
1228 2 2 1 1 286 848 94
1229 2 2 1 1 381 474 189
1230 2 2 1 1 378 850 186
1231 2 2 1 1 515 1017 793
1232 2 2 1 1 516 1018 796
1233 2 2 1 1 1014 1147 1133
1234 2 2 1 1 739 994 447
1235 2 2 1 1 741 988 492
1236 2 2 1 1 740 985 491
1237 2 2 1 1 742 979 489
1238 2 2 1 1 743 978 490
1239 2 2 1 1 744 970 550
1240 2 2 1 1 745 945 553
1241 2 2 1 1 1079 1147 756
1242 2 2 1 1 603 745 553
1243 2 2 1 1 605 744 550
1244 2 2 1 1 737 742 489
1245 2 2 1 1 464 739 447
1246 2 2 1 1 513 740 491
1247 2 2 1 1 511 741 492
1248 2 2 1 1 738 743 490
1249 2 2 1 1 548 933 499
1250 2 2 1 1 423 1076 434
1251 2 2 1 1 1160 1208 829
1252 2 2 1 1 454 471 453
1253 2 2 1 1 457 508 493
1254 2 2 1 1 574 1129 1081
1255 2 2 1 1 574 1081 1076
1256 2 2 1 1 688 798 687
1257 2 2 1 1 686 754 685
1258 2 2 1 1 688 1113 814
1259 2 2 1 1 924 1121 1083
1260 2 2 1 1 926 1119 1084
1261 2 2 1 1 927 1120 1082
1262 2 2 1 1 793 1148 950
1263 2 2 1 1 796 1149 992
1264 2 2 1 1 696 1017 515
1265 2 2 1 1 698 1018 516
1266 2 2 1 1 460 691 517
1267 2 2 1 1 412 498 432
1268 2 2 1 1 410 574 423
1269 2 2 1 1 515 690 463
1270 2 2 1 1 575 640 497
1271 2 2 1 1 626 627 560
1272 2 2 1 1 623 624 558
1273 2 2 1 1 516 692 465
1274 2 2 1 1 428 499 398
1275 2 2 1 1 430 805 400
1276 2 2 1 1 424 806 411
1277 2 2 1 1 509 1085 697
1278 2 2 1 1 456 470 426
1279 2 2 1 1 436 469 430
1280 2 2 1 1 455 488 424
1281 2 2 1 1 96 849 848
1282 2 2 1 1 100 863 862
1283 2 2 1 1 34 888 887
1284 2 2 1 1 600 679 140
1285 2 2 1 1 126 665 532
1286 2 2 1 1 17 396 395
1287 2 2 1 1 18 663 542
1288 2 2 1 1 21 443 408
1289 2 2 1 1 49 394 390
1290 2 2 1 1 101 610 520
1291 2 2 1 1 85 441 419
1292 2 2 1 1 117 445 406
1293 2 2 1 1 118 662 588
1294 2 2 1 1 22 659 589
1295 2 2 1 1 102 661 531
1296 2 2 1 1 38 660 528
1297 2 2 1 1 86 658 587
1298 2 2 1 1 37 549 519
1299 2 2 1 1 633 670 176
1300 2 2 1 1 405 449 13
1301 2 2 1 1 420 447 45
1302 2 2 1 1 403 682 148
1303 2 2 1 1 404 680 52
1304 2 2 1 1 900 901 30
1305 2 2 1 1 530 712 28
1306 2 2 1 1 592 713 132
1307 2 2 1 1 484 491 165
1308 2 2 1 1 483 492 69
1309 2 2 1 1 529 711 92
1310 2 2 1 1 599 675 60
1311 2 2 1 1 598 674 156
1312 2 2 1 1 388 392 145
1313 2 2 1 1 182 656 586
1314 2 2 1 1 407 451 109
1315 2 2 1 1 476 606 29
1316 2 2 1 1 591 710 44
1317 2 2 1 1 477 552 53
1318 2 2 1 1 526 707 188
1319 2 2 1 1 563 667 68
1320 2 2 1 1 478 551 149
1321 2 2 1 1 872 873 14
1322 2 2 1 1 562 668 164
1323 2 2 1 1 479 480 133
1324 2 2 1 1 5 608 518
1325 2 2 1 1 597 669 76
1326 2 2 1 1 482 490 61
1327 2 2 1 1 596 678 172
1328 2 2 1 1 877 878 114
1329 2 2 1 1 481 489 157
1330 2 2 1 1 527 709 124
1331 2 2 1 1 544 672 144
1332 2 2 1 1 854 855 2
1333 2 2 1 1 903 904 178
1334 2 2 1 1 890 891 82
1335 2 2 1 1 545 676 112
1336 2 2 1 1 543 666 80
1337 2 2 1 1 858 859 190
1338 2 2 1 1 385 386 81
1339 2 2 1 1 590 708 108
1340 2 2 1 1 389 391 177
1341 2 2 1 1 475 550 93
1342 2 2 1 1 387 393 113
1343 2 2 1 1 181 439 418
1344 2 2 1 1 6 657 525
1345 2 2 1 1 585 706 12
1346 2 2 1 1 474 553 189
1347 2 2 1 1 821 1132 700
1348 2 2 1 1 604 790 636
1349 2 2 1 1 575 1013 648
1350 2 2 1 1 817 1019 746
1351 2 2 1 1 537 1071 1031
1352 2 2 1 1 515 793 690
1353 2 2 1 1 516 796 692
1354 2 2 1 1 575 648 640
1355 2 2 1 1 691 794 517
1356 2 2 1 1 566 695 694
1357 2 2 1 1 461 1093 800
1358 2 2 1 1 473 1112 812
1359 2 2 1 1 576 1013 575
1360 2 2 1 1 508 1026 618
1361 2 2 1 1 798 1106 687
1362 2 2 1 1 1031 1161 792
1363 2 2 1 1 873 1176 959
1364 2 2 1 1 943 1179 849
1365 2 2 1 1 855 1178 940
1366 2 2 1 1 844 845 679
1367 2 2 1 1 836 837 674
1368 2 2 1 1 834 835 675
1369 2 2 1 1 832 833 668
1370 2 2 1 1 830 831 667
1371 2 2 1 1 841 842 669
1372 2 2 1 1 838 839 678
1373 2 2 1 1 580 1158 689
1374 2 2 1 1 508 1145 1026
1375 2 2 1 1 779 1131 1028
1376 2 2 1 1 789 1095 745
1377 2 2 1 1 790 1097 739
1378 2 2 1 1 791 1096 744
1379 2 2 1 1 963 1111 962
1380 2 2 1 1 687 1084 579
1381 2 2 1 1 684 1083 577
1382 2 2 1 1 685 1082 581
1383 2 2 1 1 546 1101 1019
1384 2 2 1 1 617 804 783
1385 2 2 1 1 688 1210 1113
1386 2 2 1 1 758 1098 727
1387 2 2 1 1 647 1209 814
1388 2 2 1 1 749 801 518
1389 2 2 1 1 717 772 586
1390 2 2 1 1 474 620 554
1391 2 2 1 1 716 771 525
1392 2 2 1 1 718 768 528
1393 2 2 1 1 719 770 587
1394 2 2 1 1 556 621 519
1395 2 2 1 1 750 802 520
1396 2 2 1 1 722 769 589
1397 2 2 1 1 720 767 588
1398 2 2 1 1 409 602 395
1399 2 2 1 1 402 601 390
1400 2 2 1 1 721 766 531
1401 2 2 1 1 664 765 542
1402 2 2 1 1 387 573 401
1403 2 2 1 1 475 622 555
1404 2 2 1 1 389 572 397
1405 2 2 1 1 385 571 399
1406 2 2 1 1 545 763 677
1407 2 2 1 1 543 764 724
1408 2 2 1 1 481 649 644
1409 2 2 1 1 596 840 838
1410 2 2 1 1 597 843 841
1411 2 2 1 1 482 650 645
1412 2 2 1 1 479 655 495
1413 2 2 1 1 476 803 751
1414 2 2 1 1 478 652 557
1415 2 2 1 1 477 651 559
1416 2 2 1 1 483 653 494
1417 2 2 1 1 484 654 496
1418 2 2 1 1 404 762 681
1419 2 2 1 1 403 761 683
1420 2 2 1 1 420 569 448
1421 2 2 1 1 405 568 450
1422 2 2 1 1 633 760 671
1423 2 2 1 1 723 818 532
1424 2 2 1 1 600 846 844
1425 2 2 1 1 715 1159 795
1426 2 2 1 1 637 1017 937
1427 2 2 1 1 638 1018 938
1428 2 2 1 1 635 1196 1117
1429 2 2 1 1 845 1061 679
1430 2 2 1 1 835 1055 675
1431 2 2 1 1 837 1054 674
1432 2 2 1 1 842 1056 669
1433 2 2 1 1 839 1062 678
1434 2 2 1 1 831 1049 667
1435 2 2 1 1 833 1050 668
1436 2 2 1 1 564 1029 847
1437 2 2 1 1 764 934 724
1438 2 2 1 1 763 935 677
1439 2 2 1 1 276 1074 84
1440 2 2 1 1 308 1073 116
1441 2 2 1 1 372 1075 180
1442 2 2 1 1 438 473 457
1443 2 2 1 1 754 1071 685
1444 2 2 1 1 639 829 828
1445 2 2 1 1 616 747 615
1446 2 2 1 1 828 1208 613
1447 2 2 1 1 540 1094 593
1448 2 2 1 1 707 850 188
1449 2 2 1 1 96 860 849
1450 2 2 1 1 5 949 608
1451 2 2 1 1 670 857 176
1452 2 2 1 1 709 856 124
1453 2 2 1 1 449 946 13
1454 2 2 1 1 711 870 92
1455 2 2 1 1 855 861 2
1456 2 2 1 1 182 871 656
1457 2 2 1 1 859 944 190
1458 2 2 1 1 668 876 164
1459 2 2 1 1 667 879 68
1460 2 2 1 1 666 869 80
1461 2 2 1 1 708 868 108
1462 2 2 1 1 669 881 76
1463 2 2 1 1 710 884 44
1464 2 2 1 1 672 882 144
1465 2 2 1 1 679 920 140
1466 2 2 1 1 713 905 132
1467 2 2 1 1 675 910 60
1468 2 2 1 1 674 909 156
1469 2 2 1 1 100 956 863
1470 2 2 1 1 678 913 172
1471 2 2 1 1 676 912 112
1472 2 2 1 1 17 1003 396
1473 2 2 1 1 101 991 610
1474 2 2 1 1 37 948 549
1475 2 2 1 1 117 967 445
1476 2 2 1 1 49 983 394
1477 2 2 1 1 21 966 443
1478 2 2 1 1 706 853 12
1479 2 2 1 1 85 953 441
1480 2 2 1 1 712 921 28
1481 2 2 1 1 680 922 52
1482 2 2 1 1 682 923 148
1483 2 2 1 1 34 896 888
1484 2 2 1 1 447 994 45
1485 2 2 1 1 492 988 69
1486 2 2 1 1 878 952 114
1487 2 2 1 1 491 985 165
1488 2 2 1 1 901 987 30
1489 2 2 1 1 451 964 109
1490 2 2 1 1 392 972 145
1491 2 2 1 1 904 957 178
1492 2 2 1 1 891 955 82
1493 2 2 1 1 606 980 29
1494 2 2 1 1 386 954 81
1495 2 2 1 1 480 981 133
1496 2 2 1 1 489 979 157
1497 2 2 1 1 490 978 61
1498 2 2 1 1 552 993 53
1499 2 2 1 1 551 990 149
1500 2 2 1 1 181 941 439
1501 2 2 1 1 873 996 14
1502 2 2 1 1 393 951 113
1503 2 2 1 1 550 970 93
1504 2 2 1 1 391 986 177
1505 2 2 1 1 38 895 660
1506 2 2 1 1 118 883 662
1507 2 2 1 1 22 864 659
1508 2 2 1 1 86 866 658
1509 2 2 1 1 102 865 661
1510 2 2 1 1 18 899 663
1511 2 2 1 1 126 874 665
1512 2 2 1 1 553 945 189
1513 2 2 1 1 6 851 657
1514 2 2 1 1 813 1212 601
1515 2 2 1 1 425 1112 438
1516 2 2 1 1 601 1114 813
1517 2 2 1 1 694 1015 817
1518 2 2 1 1 690 1216 1172
1519 2 2 1 1 692 1217 1173
1520 2 2 1 1 640 1218 1174
1521 2 2 1 1 433 505 421
1522 2 2 1 1 502 504 431
1523 2 2 1 1 413 926 437
1524 2 2 1 1 429 924 435
1525 2 2 1 1 427 927 537
1526 2 2 1 1 509 697 696
1527 2 2 1 1 581 1082 782
1528 2 2 1 1 577 1083 780
1529 2 2 1 1 579 1084 781
1530 2 2 1 1 485 487 469
1531 2 2 1 1 566 694 488
1532 2 2 1 1 636 1198 811
1533 2 2 1 1 732 1175 1030
1534 2 2 1 1 746 1186 935
1535 2 2 1 1 459 938 467
1536 2 2 1 1 458 937 466
1537 2 2 1 1 628 784 627
1538 2 2 1 1 625 646 624
1539 2 2 1 1 547 548 499
1540 2 2 1 1 498 567 565
1541 2 2 1 1 673 1175 732
1542 2 2 1 1 960 961 959
1543 2 2 1 1 613 693 612
1544 2 2 1 1 771 1216 950
1545 2 2 1 1 766 1217 992
1546 2 2 1 1 791 938 459
1547 2 2 1 1 789 937 458
1548 2 2 1 1 462 535 446
1549 2 2 1 1 467 533 442
1550 2 2 1 1 468 500 444
1551 2 2 1 1 466 534 440
1552 2 2 1 1 452 546 510
1553 2 2 1 1 414 539 425
1554 2 2 1 1 695 1015 694
1555 2 2 1 1 505 1126 421
1556 2 2 1 1 427 1120 927
1557 2 2 1 1 429 1121 924
1558 2 2 1 1 413 1119 926
1559 2 2 1 1 593 1111 686
1560 2 2 1 1 888 1177 969
1561 2 2 1 1 1023 1104 614
1562 2 2 1 1 722 1194 936
1563 2 2 1 1 963 1105 816
1564 2 2 1 1 677 775 676
1565 2 2 1 1 724 729 666
1566 2 2 1 1 681 735 680
1567 2 2 1 1 671 734 670
1568 2 2 1 1 683 776 682
1569 2 2 1 1 673 730 672
1570 2 2 1 1 663 777 664
1571 2 2 1 1 933 1115 671
1572 2 2 1 1 700 1132 1012
1573 2 2 1 1 612 614 504
1574 2 2 1 1 756 1014 757
1575 2 2 1 1 436 486 485
1576 2 2 1 1 728 1157 1013
1577 2 2 1 1 673 732 731
1578 2 2 1 1 1173 1217 965
1579 2 2 1 1 1172 1216 947
1580 2 2 1 1 1174 1218 982
1581 2 2 1 1 487 1154 1077
1582 2 2 1 1 613 1028 693
1583 2 2 1 1 727 728 576
1584 2 2 1 1 705 819 522
1585 2 2 1 1 613 1208 1028
1586 2 2 1 1 536 579 535
1587 2 2 1 1 541 577 533
1588 2 2 1 1 501 629 500
1589 2 2 1 1 540 581 534
1590 2 2 1 1 1008 1067 125
1591 2 2 1 1 825 1184 523
1592 2 2 1 1 826 1185 521
1593 2 2 1 1 580 688 687
1594 2 2 1 1 593 686 685
1595 2 2 1 1 815 1181 629
1596 2 2 1 1 578 1107 817
1597 2 2 1 1 615 617 548
1598 2 2 1 1 567 642 639
1599 2 2 1 1 116 1020 877
1600 2 2 1 1 84 1021 890
1601 2 2 1 1 180 1022 903
1602 2 2 1 1 569 634 570
1603 2 2 1 1 580 687 579
1604 2 2 1 1 578 684 577
1605 2 2 1 1 714 787 629
1606 2 2 1 1 593 685 581
1607 2 2 1 1 434 1076 564
1608 2 2 1 1 819 1136 522
1609 2 2 1 1 600 844 679
1610 2 2 1 1 396 409 395
1611 2 2 1 1 633 671 670
1612 2 2 1 1 405 450 449
1613 2 2 1 1 420 448 447
1614 2 2 1 1 610 750 520
1615 2 2 1 1 394 402 390
1616 2 2 1 1 404 681 680
1617 2 2 1 1 403 683 682
1618 2 2 1 1 483 494 492
1619 2 2 1 1 484 496 491
1620 2 2 1 1 665 723 532
1621 2 2 1 1 598 836 674
1622 2 2 1 1 599 834 675
1623 2 2 1 1 660 718 528
1624 2 2 1 1 443 444 408
1625 2 2 1 1 663 664 542
1626 2 2 1 1 659 722 589
1627 2 2 1 1 445 446 406
1628 2 2 1 1 662 720 588
1629 2 2 1 1 658 719 587
1630 2 2 1 1 388 414 392
1631 2 2 1 1 441 442 419
1632 2 2 1 1 407 452 451
1633 2 2 1 1 661 721 531
1634 2 2 1 1 656 717 586
1635 2 2 1 1 562 832 668
1636 2 2 1 1 477 559 552
1637 2 2 1 1 479 495 480
1638 2 2 1 1 563 830 667
1639 2 2 1 1 476 751 606
1640 2 2 1 1 478 557 551
1641 2 2 1 1 596 838 678
1642 2 2 1 1 597 841 669
1643 2 2 1 1 482 645 490
1644 2 2 1 1 549 556 519
1645 2 2 1 1 481 644 489
1646 2 2 1 1 544 673 672
1647 2 2 1 1 545 677 676
1648 2 2 1 1 543 724 666
1649 2 2 1 1 389 397 391
1650 2 2 1 1 385 399 386
1651 2 2 1 1 608 749 518
1652 2 2 1 1 475 555 550
1653 2 2 1 1 387 401 393
1654 2 2 1 1 439 440 418
1655 2 2 1 1 657 716 525
1656 2 2 1 1 474 554 553
1657 2 2 1 1 586 941 373
1658 2 2 1 1 518 939 196
1659 2 2 1 1 32 1025 900
1660 2 2 1 1 48 1024 902
1661 2 2 1 1 977 1024 48
1662 2 2 1 1 632 983 241
1663 2 2 1 1 395 958 208
1664 2 2 1 1 528 948 229
1665 2 2 1 1 520 956 292
1666 2 2 1 1 587 953 277
1667 2 2 1 1 390 977 240
1668 2 2 1 1 589 966 213
1669 2 2 1 1 588 967 309
1670 2 2 1 1 415 976 269
1671 2 2 1 1 519 968 228
1672 2 2 1 1 416 989 333
1673 2 2 1 1 531 991 293
1674 2 2 1 1 542 1003 209
1675 2 2 1 1 417 1005 365
1676 2 2 1 1 408 1004 212
1677 2 2 1 1 337 1006 388
1678 2 2 1 1 887 1025 32
1679 2 2 1 1 332 1007 600
1680 2 2 1 1 532 1008 317
1681 2 2 1 1 301 1002 407
1682 2 2 1 1 364 1000 596
1683 2 2 1 1 237 1001 420
1684 2 2 1 1 236 994 591
1685 2 2 1 1 261 998 483
1686 2 2 1 1 357 999 484
1687 2 2 1 1 245 995 477
1688 2 2 1 1 341 997 478
1689 2 2 1 1 221 987 476
1690 2 2 1 1 356 985 562
1691 2 2 1 1 260 988 563
1692 2 2 1 1 340 990 403
1693 2 2 1 1 205 996 405
1694 2 2 1 1 244 993 404
1695 2 2 1 1 220 980 530
1696 2 2 1 1 324 981 592
1697 2 2 1 1 368 986 633
1698 2 2 1 1 325 975 479
1699 2 2 1 1 253 971 482
1700 2 2 1 1 348 979 598
1701 2 2 1 1 336 972 544
1702 2 2 1 1 349 974 481
1703 2 2 1 1 252 978 599
1704 2 2 1 1 268 973 597
1705 2 2 1 1 300 964 590
1706 2 2 1 1 284 970 529
1707 2 2 1 1 369 957 389
1708 2 2 1 1 273 955 385
1709 2 2 1 1 272 954 543
1710 2 2 1 1 305 952 387
1711 2 2 1 1 304 951 545
1712 2 2 1 1 525 949 197
1713 2 2 1 1 204 946 585
1714 2 2 1 1 381 944 474
1715 2 2 1 1 380 945 526
1716 2 2 1 1 285 942 475
1717 2 2 1 1 1030 1089 732
1718 2 2 1 1 977 1212 1024
1719 2 2 1 1 504 1114 431
1720 2 2 1 1 725 1212 813
1721 2 2 1 1 567 1072 642
1722 2 2 1 1 976 1086 77
1723 2 2 1 1 1005 1087 173
1724 2 2 1 1 989 1088 141
1725 2 2 1 1 1032 1104 715
1726 2 2 1 1 731 733 730
1727 2 2 1 1 736 932 735
1728 2 2 1 1 501 715 714
1729 2 2 1 1 77 1086 973
1730 2 2 1 1 173 1087 1000
1731 2 2 1 1 141 1088 1007
1732 2 2 1 1 434 454 453
1733 2 2 1 1 457 493 456
1734 2 2 1 1 438 1112 473
1735 2 2 1 1 942 943 622
1736 2 2 1 1 602 959 958
1737 2 2 1 1 621 969 968
1738 2 2 1 1 801 940 939
1739 2 2 1 1 663 1059 777
1740 2 2 1 1 734 1057 670
1741 2 2 1 1 776 1065 682
1742 2 2 1 1 735 1066 680
1743 2 2 1 1 730 1051 672
1744 2 2 1 1 729 1045 666
1745 2 2 1 1 775 1058 676
1746 2 2 1 1 768 1097 790
1747 2 2 1 1 770 1096 791
1748 2 2 1 1 772 1095 789
1749 2 2 1 1 475 942 622
1750 2 2 1 1 600 1007 846
1751 2 2 1 1 633 986 760
1752 2 2 1 1 403 990 761
1753 2 2 1 1 405 996 568
1754 2 2 1 1 404 993 762
1755 2 2 1 1 420 1001 569
1756 2 2 1 1 483 998 653
1757 2 2 1 1 484 999 654
1758 2 2 1 1 545 951 763
1759 2 2 1 1 479 975 655
1760 2 2 1 1 543 954 764
1761 2 2 1 1 482 971 650
1762 2 2 1 1 597 973 843
1763 2 2 1 1 481 974 649
1764 2 2 1 1 385 955 571
1765 2 2 1 1 389 957 572
1766 2 2 1 1 476 987 803
1767 2 2 1 1 478 997 652
1768 2 2 1 1 477 995 651
1769 2 2 1 1 596 1000 840
1770 2 2 1 1 387 952 573
1771 2 2 1 1 818 1008 532
1772 2 2 1 1 765 1003 542
1773 2 2 1 1 602 958 395
1774 2 2 1 1 601 977 390
1775 2 2 1 1 766 991 531
1776 2 2 1 1 802 956 520
1777 2 2 1 1 769 966 589
1778 2 2 1 1 767 967 588
1779 2 2 1 1 621 968 519
1780 2 2 1 1 770 953 587
1781 2 2 1 1 768 948 528
1782 2 2 1 1 474 944 620
1783 2 2 1 1 771 949 525
1784 2 2 1 1 772 941 586
1785 2 2 1 1 801 939 518
1786 2 2 1 1 723 1218 818
1787 2 2 1 1 721 1217 766
1788 2 2 1 1 716 1216 771
1789 2 2 1 1 554 603 553
1790 2 2 1 1 557 558 551
1791 2 2 1 1 559 560 552
1792 2 2 1 1 751 1011 606
1793 2 2 1 1 645 738 490
1794 2 2 1 1 555 605 550
1795 2 2 1 1 397 398 391
1796 2 2 1 1 644 737 489
1797 2 2 1 1 450 463 449
1798 2 2 1 1 401 411 393
1799 2 2 1 1 452 465 451
1800 2 2 1 1 399 400 386
1801 2 2 1 1 414 422 392
1802 2 2 1 1 495 497 480
1803 2 2 1 1 496 513 491
1804 2 2 1 1 494 511 492
1805 2 2 1 1 396 410 409
1806 2 2 1 1 394 412 402
1807 2 2 1 1 448 464 447
1808 2 2 1 1 443 460 444
1809 2 2 1 1 445 461 446
1810 2 2 1 1 441 459 442
1811 2 2 1 1 549 604 556
1812 2 2 1 1 439 458 440
1813 2 2 1 1 467 938 808
1814 2 2 1 1 466 937 807
1815 2 2 1 1 628 1110 1033
1816 2 2 1 1 822 1117 824
1817 2 2 1 1 1033 1110 524
1818 2 2 1 1 1021 1074 930
1819 2 2 1 1 1020 1073 929
1820 2 2 1 1 1022 1075 928
1821 2 2 1 1 1019 1127 546
1822 2 2 1 1 8 1037 851
1823 2 2 1 1 184 1036 871
1824 2 2 1 1 98 1038 860
1825 2 2 1 1 104 1048 865
1826 2 2 1 1 88 1042 866
1827 2 2 1 1 24 1046 864
1828 2 2 1 1 120 1047 883
1829 2 2 1 1 40 1044 895
1830 2 2 1 1 20 1059 899
1831 2 2 1 1 128 1064 874
1832 2 2 1 1 921 1063 26
1833 2 2 1 1 923 1065 146
1834 2 2 1 1 922 1066 50
1835 2 2 1 1 912 1058 110
1836 2 2 1 1 909 1054 154
1837 2 2 1 1 910 1055 58
1838 2 2 1 1 853 1039 10
1839 2 2 1 1 905 1052 130
1840 2 2 1 1 861 1040 192
1841 2 2 1 1 920 1061 138
1842 2 2 1 1 868 1043 106
1843 2 2 1 1 869 1045 78
1844 2 2 1 1 913 1062 170
1845 2 2 1 1 870 1041 90
1846 2 2 1 1 882 1051 142
1847 2 2 1 1 876 1050 162
1848 2 2 1 1 879 1049 66
1849 2 2 1 1 884 1053 42
1850 2 2 1 1 881 1056 74
1851 2 2 1 1 856 1060 122
1852 2 2 1 1 857 1057 174
1853 2 2 1 1 850 1035 186
1854 2 2 1 1 505 1105 963
1855 2 2 1 1 1010 1145 473
1856 2 2 1 1 1115 1197 734
1857 2 2 1 1 470 1113 788
1858 2 2 1 1 84 1074 1021
1859 2 2 1 1 116 1073 1020
1860 2 2 1 1 180 1075 1022
1861 2 2 1 1 566 1109 774
1862 2 2 1 1 406 1073 308
1863 2 2 1 1 419 1074 276
1864 2 2 1 1 418 1075 372
1865 2 2 1 1 630 1133 934
1866 2 2 1 1 512 524 523
1867 2 2 1 1 514 522 521
1868 2 2 1 1 594 786 623
1869 2 2 1 1 595 785 626
1870 2 2 1 1 503 576 575
1871 2 2 1 1 811 1198 1156
1872 2 2 1 1 125 1116 316
1873 2 2 1 1 720 931 767
1874 2 2 1 1 392 1030 972
1875 2 2 1 1 753 1093 931
1876 2 2 1 1 728 1158 1157
1877 2 2 1 1 1034 1113 470
1878 2 2 1 1 639 1077 829
1879 2 2 1 1 804 1219 783
1880 2 2 1 1 639 828 565
1881 2 2 1 1 547 616 615
1882 2 2 1 1 754 1161 1071
1883 2 2 1 1 937 1017 807
1884 2 2 1 1 938 1018 808
1885 2 2 1 1 466 807 540
1886 2 2 1 1 467 808 541
1887 2 2 1 1 749 1148 1068
1888 2 2 1 1 750 1149 1069
1889 2 2 1 1 794 795 517
1890 2 2 1 1 186 1035 852
1891 2 2 1 1 10 1039 875
1892 2 2 1 1 192 1040 858
1893 2 2 1 1 90 1041 867
1894 2 2 1 1 106 1043 880
1895 2 2 1 1 130 1052 885
1896 2 2 1 1 852 1036 184
1897 2 2 1 1 162 1050 898
1898 2 2 1 1 66 1049 897
1899 2 2 1 1 58 1055 894
1900 2 2 1 1 154 1054 893
1901 2 2 1 1 42 1053 908
1902 2 2 1 1 875 1037 8
1903 2 2 1 1 122 1060 911
1904 2 2 1 1 74 1056 918
1905 2 2 1 1 26 1063 914
1906 2 2 1 1 138 1061 917
1907 2 2 1 1 170 1062 919
1908 2 2 1 1 1004 1059 20
1909 2 2 1 1 862 1038 98
1910 2 2 1 1 78 1045 415
1911 2 2 1 1 142 1051 416
1912 2 2 1 1 174 1057 417
1913 2 2 1 1 110 1058 1002
1914 2 2 1 1 908 1044 40
1915 2 2 1 1 911 1047 120
1916 2 2 1 1 867 1042 88
1917 2 2 1 1 50 1066 632
1918 2 2 1 1 146 1065 1006
1919 2 2 1 1 880 1048 104
1920 2 2 1 1 914 1046 24
1921 2 2 1 1 885 1064 128
1922 2 2 1 1 756 757 702
1923 2 2 1 1 809 1016 705
1924 2 2 1 1 436 485 469
1925 2 2 1 1 455 566 488
1926 2 2 1 1 931 1093 767
1927 2 2 1 1 620 1068 554
1928 2 2 1 1 622 1069 555
1929 2 2 1 1 803 1070 751
1930 2 2 1 1 749 1068 801
1931 2 2 1 1 750 1069 802
1932 2 2 1 1 556 1070 621
1933 2 2 1 1 613 1134 828
1934 2 2 1 1 502 613 612
1935 2 2 1 1 498 565 432
1936 2 2 1 1 626 628 627
1937 2 2 1 1 623 625 624
1938 2 2 1 1 428 547 499
1939 2 2 1 1 946 947 585
1940 2 2 1 1 964 965 590
1941 2 2 1 1 981 982 592
1942 2 2 1 1 632 984 983
1943 2 2 1 1 877 1020 878
1944 2 2 1 1 890 1021 891
1945 2 2 1 1 903 1022 904
1946 2 2 1 1 726 1160 583
1947 2 2 1 1 1094 1111 593
1948 2 2 1 1 888 1025 887
1949 2 2 1 1 900 1025 901
1950 2 2 1 1 602 960 959
1951 2 2 1 1 1067 1116 125
1952 2 2 1 1 46 1170 1001
1953 2 2 1 1 792 1161 619
1954 2 2 1 1 569 570 448
1955 2 2 1 1 760 933 671
1956 2 2 1 1 136 1163 892
1957 2 2 1 1 64 1167 889
1958 2 2 1 1 160 1166 886
1959 2 2 1 1 72 1168 915
1960 2 2 1 1 168 1169 916
1961 2 2 1 1 152 1164 906
1962 2 2 1 1 56 1165 907
1963 2 2 1 1 1117 1146 824
1964 2 2 1 1 845 1207 1163
1965 2 2 1 1 839 1203 1169
1966 2 2 1 1 842 1204 1168
1967 2 2 1 1 831 1201 1167
1968 2 2 1 1 833 1202 1166
1969 2 2 1 1 837 1205 1164
1970 2 2 1 1 835 1206 1165
1971 2 2 1 1 316 1116 527
1972 2 2 1 1 629 1181 500
1973 2 2 1 1 959 1176 958
1974 2 2 1 1 969 1177 968
1975 2 2 1 1 942 1179 943
1976 2 2 1 1 940 1178 939
1977 2 2 1 1 689 1210 688
1978 2 2 1 1 939 1178 4
1979 2 2 1 1 958 1176 16
1980 2 2 1 1 968 1177 36
1981 2 2 1 1 94 1179 942
1982 2 2 1 1 827 1200 631
1983 2 2 1 1 455 1109 566
1984 2 2 1 1 813 1027 634
1985 2 2 1 1 582 1109 455
1986 2 2 1 1 457 1145 508
1987 2 2 1 1 506 1154 485
1988 2 2 1 1 501 1159 715
1989 2 2 1 1 1161 1199 619
1990 2 2 1 1 473 1145 457
1991 2 2 1 1 756 1147 1014
1992 2 2 1 1 863 1038 862
1993 2 2 1 1 858 1040 859
1994 2 2 1 1 609 637 603
1995 2 2 1 1 461 800 462
1996 2 2 1 1 460 517 468
1997 2 2 1 1 412 432 431
1998 2 2 1 1 604 636 607
1999 2 2 1 1 410 423 421
2000 2 2 1 1 611 638 605
2001 2 2 1 1 413 424 411
2002 2 2 1 1 595 626 560
2003 2 2 1 1 429 430 400
2004 2 2 1 1 510 516 465
2005 2 2 1 1 427 428 398
2006 2 2 1 1 594 623 558
2007 2 2 1 1 503 575 497
2008 2 2 1 1 425 426 422
2009 2 2 1 1 514 521 513
2010 2 2 1 1 509 515 463
2011 2 2 1 1 512 523 511
2012 2 2 1 1 924 925 435
2013 2 2 1 1 502 612 504
2014 2 2 1 1 422 1030 392
2015 2 2 1 1 673 731 730
2016 2 2 1 1 681 736 735
2017 2 2 1 1 683 799 776
2018 2 2 1 1 777 815 664
2019 2 2 1 1 775 1101 1100
2020 2 2 1 1 906 1205 150
2021 2 2 1 1 907 1206 54
2022 2 2 1 1 915 1204 70
2023 2 2 1 1 916 1203 166
2024 2 2 1 1 886 1202 158
2025 2 2 1 1 889 1201 62
2026 2 2 1 1 892 1207 134
2027 2 2 1 1 702 1033 524
2028 2 2 1 1 727 1099 728
2029 2 2 1 1 927 1071 537
2030 2 2 1 1 823 1209 647
2031 2 2 1 1 554 609 603
2032 2 2 1 1 458 466 440
2033 2 2 1 1 401 413 411
2034 2 2 1 1 555 611 605
2035 2 2 1 1 397 427 398
2036 2 2 1 1 399 429 400
2037 2 2 1 1 645 825 738
2038 2 2 1 1 557 594 558
2039 2 2 1 1 644 826 737
2040 2 2 1 1 559 595 560
2041 2 2 1 1 495 503 497
2042 2 2 1 1 452 510 465
2043 2 2 1 1 414 425 422
2044 2 2 1 1 494 512 511
2045 2 2 1 1 496 514 513
2046 2 2 1 1 450 509 463
2047 2 2 1 1 604 607 556
2048 2 2 1 1 461 462 446
2049 2 2 1 1 460 468 444
2050 2 2 1 1 412 431 402
2051 2 2 1 1 459 467 442
2052 2 2 1 1 410 421 409
2053 2 2 1 1 628 1009 784
2054 2 2 1 1 547 615 548
2055 2 2 1 1 567 639 565
2056 2 2 1 1 462 536 535
2057 2 2 1 1 467 541 533
2058 2 2 1 1 468 501 500
2059 2 2 1 1 466 540 534
2060 2 2 1 1 423 434 433
2061 2 2 1 1 438 456 426
2062 2 2 1 1 435 436 430
2063 2 2 1 1 437 455 424
2064 2 2 1 1 732 788 731
2065 2 2 1 1 619 1199 471
2066 2 2 1 1 960 962 961
2067 2 2 1 1 456 1034 470
2068 2 2 1 1 536 580 579
2069 2 2 1 1 541 578 577
2070 2 2 1 1 501 714 629
2071 2 2 1 1 540 593 581
2072 2 2 1 1 1076 1222 564
2073 2 2 1 1 634 748 570
2074 2 2 1 1 748 1032 570
2075 2 2 1 1 790 1198 636
2076 2 2 1 1 820 1211 779
2077 2 2 1 1 714 1023 787
2078 2 2 1 1 438 457 456
2079 2 2 1 1 437 582 455
2080 2 2 1 1 434 453 433
2081 2 2 1 1 413 437 424
2082 2 2 1 1 427 537 428
2083 2 2 1 1 510 698 516
2084 2 2 1 1 429 435 430
2085 2 2 1 1 425 438 426
2086 2 2 1 1 509 696 515
2087 2 2 1 1 423 433 421
2088 2 2 1 1 432 502 431
2089 2 2 1 1 584 1213 641
2090 2 2 1 1 1011 1108 606
2091 2 2 1 1 436 1150 486
2092 2 2 1 1 493 1034 456
2093 2 2 1 1 1011 1118 794
2094 2 2 1 1 693 1162 612
2095 2 2 1 1 595 1183 785
2096 2 2 1 1 594 1182 786
2097 2 2 1 1 849 1179 848
2098 2 2 1 1 872 1176 873
2099 2 2 1 1 854 1178 855
2100 2 2 1 1 653 1090 494
2101 2 2 1 1 654 1091 496
2102 2 2 1 1 655 1092 495
2103 2 2 1 1 601 1212 977
2104 2 2 1 1 485 1154 487
2105 2 2 1 1 642 1077 639
2106 2 2 1 1 705 1016 819
2107 2 2 1 1 728 1013 576
2108 2 2 1 1 1028 1131 693
2109 2 2 1 1 736 1072 932
2110 2 2 1 1 463 1172 449
2111 2 2 1 1 465 1173 451
2112 2 2 1 1 497 1174 480
2113 2 2 1 1 394 1171 412
2114 2 2 1 1 814 1209 798
2115 2 2 1 1 871 1036 656
2116 2 2 1 1 860 1038 849
2117 2 2 1 1 851 1037 657
2118 2 2 1 1 895 1044 660
2119 2 2 1 1 712 1063 921
2120 2 2 1 1 709 1060 856
2121 2 2 1 1 679 1061 920
2122 2 2 1 1 883 1047 662
2123 2 2 1 1 682 1065 923
2124 2 2 1 1 866 1042 658
2125 2 2 1 1 680 1066 922
2126 2 2 1 1 899 1059 663
2127 2 2 1 1 865 1048 661
2128 2 2 1 1 670 1057 857
2129 2 2 1 1 674 1054 909
2130 2 2 1 1 713 1052 905
2131 2 2 1 1 855 1040 861
2132 2 2 1 1 675 1055 910
2133 2 2 1 1 711 1041 870
2134 2 2 1 1 864 1046 659
2135 2 2 1 1 676 1058 912
2136 2 2 1 1 708 1043 868
2137 2 2 1 1 666 1045 869
2138 2 2 1 1 668 1050 876
2139 2 2 1 1 667 1049 879
2140 2 2 1 1 672 1051 882
2141 2 2 1 1 710 1053 884
2142 2 2 1 1 678 1062 913
2143 2 2 1 1 669 1056 881
2144 2 2 1 1 707 1035 850
2145 2 2 1 1 874 1064 665
2146 2 2 1 1 706 1039 853
2147 2 2 1 1 606 1108 980
2148 2 2 1 1 902 1170 46
2149 2 2 1 1 932 1072 567
2150 2 2 1 1 625 1136 819
2151 2 2 1 1 918 1168 72
2152 2 2 1 1 919 1169 168
2153 2 2 1 1 917 1163 136
2154 2 2 1 1 898 1166 160
2155 2 2 1 1 897 1167 64
2156 2 2 1 1 893 1164 152
2157 2 2 1 1 894 1165 56
2158 2 2 1 1 828 1134 565
2159 2 2 1 1 547 1135 616
2160 2 2 1 1 950 1216 690
2161 2 2 1 1 992 1217 692
2162 2 2 1 1 1023 1222 787
2163 2 2 1 1 4 1178 854
2164 2 2 1 1 16 1176 872
2165 2 2 1 1 36 1177 896
2166 2 2 1 1 848 1179 94
2167 2 2 1 1 875 1039 1037
2168 2 2 1 1 1035 1036 852
2169 2 2 1 1 1041 1042 867
2170 2 2 1 1 908 1053 1044
2171 2 2 1 1 911 1060 1047
2172 2 2 1 1 914 1063 1046
2173 2 2 1 1 1043 1048 880
2174 2 2 1 1 1052 1064 885
2175 2 2 1 1 416 1078 989
2176 2 2 1 1 415 1079 976
2177 2 2 1 1 417 1080 1005
2178 2 2 1 1 433 1105 505
2179 2 2 1 1 926 1106 437
2180 2 2 1 1 422 1089 1030
2181 2 2 1 1 502 1134 613
2182 2 2 1 1 720 1192 931
2183 2 2 1 1 811 1156 1032
2184 2 2 1 1 845 1163 1061
2185 2 2 1 1 842 1168 1056
2186 2 2 1 1 839 1169 1062
2187 2 2 1 1 835 1165 1055
2188 2 2 1 1 837 1164 1054
2189 2 2 1 1 833 1166 1050
2190 2 2 1 1 831 1167 1049
2191 2 2 1 1 1032 1156 570
2192 2 2 1 1 554 1068 609
2193 2 2 1 1 555 1069 611
2194 2 2 1 1 607 1070 556
2195 2 2 1 1 1117 1196 778
2196 2 2 1 1 1024 1170 902
2197 2 2 1 1 757 1033 702
2198 2 2 1 1 776 1180 1102
2199 2 2 1 1 602 1126 960
2200 2 2 1 1 573 1119 401
2201 2 2 1 1 572 1120 397
2202 2 2 1 1 571 1121 399
2203 2 2 1 1 650 1122 645
2204 2 2 1 1 651 1123 559
2205 2 2 1 1 652 1125 557
2206 2 2 1 1 649 1124 644
2207 2 2 1 1 409 1126 602
2208 2 2 1 1 664 1129 765
2209 2 2 1 1 762 1128 681
2210 2 2 1 1 761 1130 683
2211 2 2 1 1 426 1089 422
2212 2 2 1 1 698 1127 1107
2213 2 2 1 1 697 1094 696
2214 2 2 1 1 1031 1135 537
2215 2 2 1 1 546 1127 510
2216 2 2 1 1 725 1170 1024
2217 2 2 1 1 1077 1154 829
2218 2 2 1 1 759 1087 1005
2219 2 2 1 1 755 1086 976
2220 2 2 1 1 758 1088 989
2221 2 2 1 1 686 1111 963
2222 2 2 1 1 166 1203 999
2223 2 2 1 1 62 1201 971
2224 2 2 1 1 158 1202 974
2225 2 2 1 1 70 1204 998
2226 2 2 1 1 150 1205 997
2227 2 2 1 1 54 1206 995
2228 2 2 1 1 134 1207 975
2229 2 2 1 1 1055 1165 894
2230 2 2 1 1 1054 1164 893
2231 2 2 1 1 1050 1166 898
2232 2 2 1 1 1049 1167 897
2233 2 2 1 1 1056 1168 918
2234 2 2 1 1 1061 1163 917
2235 2 2 1 1 1062 1169 919
2236 2 2 1 1 634 1027 748
2237 2 2 1 1 1029 1162 693
2238 2 2 1 1 1070 1118 751
2239 2 2 1 1 614 1162 1023
2240 2 2 1 1 717 1095 772
2241 2 2 1 1 718 1097 768
2242 2 2 1 1 719 1096 770
2243 2 2 1 1 1078 1098 758
2244 2 2 1 1 817 1107 1019
2245 2 2 1 1 523 1184 511
2246 2 2 1 1 521 1185 513
2247 2 2 1 1 494 1090 512
2248 2 2 1 1 496 1091 514
2249 2 2 1 1 495 1092 503
2250 2 2 1 1 724 1133 729
2251 2 2 1 1 1107 1127 1019
2252 2 2 1 1 714 1104 1023
2253 2 2 1 1 896 1177 888
2254 2 2 1 1 814 1113 1034
2255 2 2 1 1 751 1118 1011
2256 2 2 1 1 1024 1212 725
2257 2 2 1 1 1100 1101 546
2258 2 2 1 1 656 1140 717
2259 2 2 1 1 660 1141 718
2260 2 2 1 1 658 1142 719
2261 2 2 1 1 662 1139 720
2262 2 2 1 1 659 1143 722
2263 2 2 1 1 661 1138 721
2264 2 2 1 1 657 1137 716
2265 2 2 1 1 665 1144 723
2266 2 2 1 1 934 1133 724
2267 2 2 1 1 785 1110 626
2268 2 2 1 1 935 1186 677
2269 2 2 1 1 989 1078 758
2270 2 2 1 1 1005 1080 759
2271 2 2 1 1 976 1079 755
2272 2 2 1 1 1098 1099 727
2273 2 2 1 1 544 1175 673
2274 2 2 1 1 526 1189 707
2275 2 2 1 1 585 1188 706
2276 2 2 1 1 529 1191 711
2277 2 2 1 1 591 1190 710
2278 2 2 1 1 530 1194 712
2279 2 2 1 1 527 1192 709
2280 2 2 1 1 590 1193 708
2281 2 2 1 1 592 1195 713
2282 2 2 1 1 437 1106 582
2283 2 2 1 1 453 1105 433
2284 2 2 1 1 697 1111 1094
2285 2 2 1 1 799 1180 776
2286 2 2 1 1 598 1228 836
2287 2 2 1 1 599 1229 834
2288 2 2 1 1 563 1227 830
2289 2 2 1 1 562 1226 832
2290 2 2 1 1 982 1195 592
2291 2 2 1 1 965 1193 590
2292 2 2 1 1 947 1188 585
2293 2 2 1 1 739 1223 994
2294 2 2 1 1 744 1224 970
2295 2 2 1 1 745 1225 945
2296 2 2 1 1 786 1136 623
2297 2 2 1 1 810 1116 1067
2298 2 2 1 1 731 1155 733
2299 2 2 1 1 1013 1157 800
2300 2 2 1 1 1068 1148 609
2301 2 2 1 1 1069 1149 611
2302 2 2 1 1 715 1104 714
2303 2 2 1 1 612 1162 614
2304 2 2 1 1 448 1156 464
2305 2 2 1 1 510 1127 698
2306 2 2 1 1 945 1225 526
2307 2 2 1 1 970 1224 529
2308 2 2 1 1 994 1223 591
2309 2 2 1 1 1028 1208 726
2310 2 2 1 1 401 1119 413
2311 2 2 1 1 399 1121 429
2312 2 2 1 1 397 1120 427
2313 2 2 1 1 645 1122 825
2314 2 2 1 1 559 1123 595
2315 2 2 1 1 557 1125 594
2316 2 2 1 1 644 1124 826
2317 2 2 1 1 421 1126 409
2318 2 2 1 1 972 1175 544
2319 2 2 1 1 737 1182 742
2320 2 2 1 1 738 1183 743
2321 2 2 1 1 511 1184 741
2322 2 2 1 1 513 1185 740
2323 2 2 1 1 1030 1175 972
2324 2 2 1 1 795 1159 517
2325 2 2 1 1 726 1208 1160
2326 2 2 1 1 449 1172 946
2327 2 2 1 1 983 1171 394
2328 2 2 1 1 451 1173 964
2329 2 2 1 1 480 1174 981
2330 2 2 1 1 565 1134 432
2331 2 2 1 1 428 1135 547
2332 2 2 1 1 626 1110 628
2333 2 2 1 1 815 1129 664
2334 2 2 1 1 681 1128 736
2335 2 2 1 1 683 1130 799
2336 2 2 1 1 432 1134 502
2337 2 2 1 1 537 1135 428
2338 2 2 1 1 677 1186 775
2339 2 2 1 1 435 1150 436
2340 2 2 1 1 623 1136 625
2341 2 2 1 1 946 1172 947
2342 2 2 1 1 984 1171 983
2343 2 2 1 1 964 1173 965
2344 2 2 1 1 981 1174 982
2345 2 2 1 1 1133 1147 729
2346 2 2 1 1 517 1159 468
2347 2 2 1 1 800 1157 462
2348 2 2 1 1 717 1189 1095
2349 2 2 1 1 718 1190 1097
2350 2 2 1 1 719 1191 1096
2351 2 2 1 1 570 1156 448
2352 2 2 1 1 777 1181 815
2353 2 2 1 1 925 1150 435
2354 2 2 1 1 631 1200 1146
2355 2 2 1 1 1146 1200 774
2356 2 2 1 1 740 1226 985
2357 2 2 1 1 741 1227 988
2358 2 2 1 1 742 1228 979
2359 2 2 1 1 743 1229 978
2360 2 2 1 1 468 1159 501
2361 2 2 1 1 462 1157 536
2362 2 2 1 1 616 1135 1031
2363 2 2 1 1 1113 1210 788
2364 2 2 1 1 1103 1181 777
2365 2 2 1 1 536 1158 580
2366 2 2 1 1 564 1222 1029
2367 2 2 1 1 788 1155 731
2368 2 2 1 1 788 1210 1155
2369 2 2 1 1 1155 1210 689
2370 2 2 1 1 821 1196 1132
2371 2 2 1 1 1039 1137 1037
2372 2 2 1 1 1035 1140 1036
2373 2 2 1 1 1052 1144 1064
2374 2 2 1 1 1043 1138 1048
2375 2 2 1 1 1053 1141 1044
2376 2 2 1 1 1060 1139 1047
2377 2 2 1 1 1041 1142 1042
2378 2 2 1 1 1063 1143 1046
2379 2 2 1 1 1132 1196 635
2380 2 2 1 1 1080 1197 809
2381 2 2 1 1 775 1186 1101
2382 2 2 1 1 740 1185 1124
2383 2 2 1 1 742 1182 1125
2384 2 2 1 1 741 1184 1122
2385 2 2 1 1 743 1183 1123
2386 2 2 1 1 711 1191 1142
2387 2 2 1 1 709 1192 1139
2388 2 2 1 1 712 1194 1143
2389 2 2 1 1 710 1190 1141
2390 2 2 1 1 708 1193 1138
2391 2 2 1 1 713 1195 1144
2392 2 2 1 1 707 1189 1140
2393 2 2 1 1 706 1188 1137
2394 2 2 1 1 1140 1189 717
2395 2 2 1 1 1142 1191 719
2396 2 2 1 1 1141 1190 718
2397 2 2 1 1 1143 1194 722
2398 2 2 1 1 1139 1192 720
2399 2 2 1 1 1138 1193 721
2400 2 2 1 1 1144 1195 723
2401 2 2 1 1 1137 1188 716
2402 2 2 1 1 934 1221 630
2403 2 2 1 1 935 1220 746
2404 2 2 1 1 1037 1137 657
2405 2 2 1 1 706 1137 1039
2406 2 2 1 1 1036 1140 656
2407 2 2 1 1 707 1140 1035
2408 2 2 1 1 1048 1138 661
2409 2 2 1 1 708 1138 1043
2410 2 2 1 1 1044 1141 660
2411 2 2 1 1 1047 1139 662
2412 2 2 1 1 709 1139 1060
2413 2 2 1 1 710 1141 1053
2414 2 2 1 1 711 1142 1041
2415 2 2 1 1 1042 1142 658
2416 2 2 1 1 712 1143 1063
2417 2 2 1 1 1046 1143 659
2418 2 2 1 1 1064 1144 665
2419 2 2 1 1 713 1144 1052
2420 2 2 1 1 469 1221 805
2421 2 2 1 1 488 1220 806
2422 2 2 1 1 985 1226 562
2423 2 2 1 1 988 1227 563
2424 2 2 1 1 979 1228 598
2425 2 2 1 1 978 1229 599
2426 2 2 1 1 1157 1158 536
2427 2 2 1 1 1189 1225 1095
2428 2 2 1 1 1190 1223 1097
2429 2 2 1 1 1191 1224 1096
2430 2 2 1 1 1102 1180 539
2431 2 2 1 1 625 1219 646
2432 2 2 1 1 637 1214 1017
2433 2 2 1 1 638 1215 1018
2434 2 2 1 1 1017 1214 793
2435 2 2 1 1 1018 1215 796
2436 2 2 1 1 925 1187 1150
2437 2 2 1 1 607 1118 1070
2438 2 2 1 1 500 1181 1103
2439 2 2 1 1 805 1221 934
2440 2 2 1 1 806 1220 935
2441 2 2 1 1 609 1214 637
2442 2 2 1 1 611 1215 638
2443 2 2 1 1 591 1223 1190
2444 2 2 1 1 529 1224 1191
2445 2 2 1 1 526 1225 1189
2446 2 2 1 1 1095 1225 745
2447 2 2 1 1 1097 1223 739
2448 2 2 1 1 1096 1224 744
2449 2 2 1 1 1148 1214 609
2450 2 2 1 1 1149 1215 611
2451 2 2 1 1 1122 1184 825
2452 2 2 1 1 1124 1185 826
2453 2 2 1 1 1125 1182 594
2454 2 2 1 1 1123 1183 595
2455 2 2 1 1 793 1214 1148
2456 2 2 1 1 796 1215 1149
$EndElements
